{"micro_f1": 0.832188420019627, "Exaggeration-Minimisation_precision": 0.17475728155339806, "Exaggeration-Minimisation_recall": 0.15, "Exaggeration-Minimisation_f1-score": 0.16143497757847533, "Exaggeration-Minimisation_support": 240.0, "micro avg_precision": 0.17475728155339806, "micro avg_recall": 0.15, "micro avg_f1-score": 0.16143497757847533, "micro avg_support": 240.0, "macro avg_precision": 0.17475728155339806, "macro avg_recall": 0.15, "macro avg_f1-score": 0.16143497757847533, "macro avg_support": 240.0, "weighted avg_precision": 0.17475728155339806, "weighted avg_recall": 0.15, "weighted avg_f1-score": 0.16143497757847533, "weighted avg_support": 240.0, "O_support": 7108, "B-Exaggeration-Minimisation_support": 206, "I-Exaggeration-Minimisation_support": 1857}