{"micro_f1": 0.8611708482676224, "Flag_Waving_precision": 0.4725274725274725, "Flag_Waving_recall": 0.39814814814814814, "Flag_Waving_f1-score": 0.4321608040201005, "Flag_Waving_support": 108.0, "micro avg_precision": 0.4725274725274725, "micro avg_recall": 0.39814814814814814, "micro avg_f1-score": 0.4321608040201005, "micro avg_support": 108.0, "macro avg_precision": 0.4725274725274725, "macro avg_recall": 0.39814814814814814, "macro avg_f1-score": 0.4321608040201005, "macro avg_support": 108.0, "weighted avg_precision": 0.4725274725274725, "weighted avg_recall": 0.39814814814814814, "weighted avg_f1-score": 0.43216080402010043, "weighted avg_support": 108.0, "B-Flag_Waving_support": 91, "I-Flag_Waving_support": 1049, "O_support": 3045}