{"micro_f1": 0.6167846309403437, "Whataboutism_precision": 0.21739130434782608, "Whataboutism_recall": 0.09615384615384616, "Whataboutism_f1-score": 0.13333333333333333, "Whataboutism_support": 52.0, "micro avg_precision": 0.21739130434782608, "micro avg_recall": 0.09615384615384616, "micro avg_f1-score": 0.13333333333333333, "micro avg_support": 52.0, "macro avg_precision": 0.21739130434782608, "macro avg_recall": 0.09615384615384616, "macro avg_f1-score": 0.13333333333333333, "macro avg_support": 52.0, "weighted avg_precision": 0.2173913043478261, "weighted avg_recall": 0.09615384615384616, "weighted avg_f1-score": 0.13333333333333333, "weighted avg_support": 52.0, "B-Whataboutism_support": 23, "I-Whataboutism_support": 593, "O_support": 373}