{
    "micro_f1": 0.8444571325540163,
    "Loaded_Language_precision": 0.06386554621848739,
    "Loaded_Language_recall": 0.11094890510948906,
    "Loaded_Language_f1-score": 0.08106666666666666,
    "Loaded_Language_support": 685,
    "micro avg_precision": 0.06386554621848739,
    "micro avg_recall": 0.11094890510948906,
    "micro avg_f1-score": 0.08106666666666666,
    "micro avg_support": 685,
    "macro avg_precision": 0.06386554621848739,
    "macro avg_recall": 0.11094890510948906,
    "macro avg_f1-score": 0.08106666666666666,
    "macro avg_support": 685,
    "weighted avg_precision": 0.06386554621848739,
    "weighted avg_recall": 0.11094890510948906,
    "weighted avg_f1-score": 0.08106666666666666,
    "weighted avg_support": 685,
    "O_support": 27922,
    "B-Loaded_Language_support": 1190,
    "I-Loaded_Language_support": 4165,
    "train_data_path": "/home/pgajo/checkthat24/checkthat24_DIT/data/train_gold/train_gold_sentences.json"
}