{"results": [{"micro_f1": 0.9355368446196106, "Name_Calling-Labeling_precision": 0.23039215686274508, "Name_Calling-Labeling_recall": 0.3122923588039867, "Name_Calling-Labeling_f1-score": 0.2651622002820874, "Name_Calling-Labeling_support": 602.0, "micro avg_precision": 0.23039215686274508, "micro avg_recall": 0.3122923588039867, "micro avg_f1-score": 0.2651622002820874, "micro avg_support": 602.0, "macro avg_precision": 0.23039215686274508, "macro avg_recall": 0.3122923588039867, "macro avg_f1-score": 0.2651622002820874, "macro avg_support": 602.0, "weighted avg_precision": 0.23039215686274508, "weighted avg_recall": 0.3122923588039867, "weighted avg_f1-score": 0.2651622002820874, "weighted avg_support": 602.0, "O_support": 30459, "B-Name_Calling-Labeling_support": 816, "I-Name_Calling-Labeling_support": 2217, "epoch": 0}, {"micro_f1": 0.9385823480234086, "Name_Calling-Labeling_precision": 0.36642156862745096, "Name_Calling-Labeling_recall": 0.34328358208955223, "Name_Calling-Labeling_f1-score": 0.35447540011855366, "Name_Calling-Labeling_support": 871.0, "micro avg_precision": 0.36642156862745096, "micro avg_recall": 0.34328358208955223, "micro avg_f1-score": 0.35447540011855366, "micro avg_support": 871.0, "macro avg_precision": 0.36642156862745096, "macro avg_recall": 0.34328358208955223, "macro avg_f1-score": 0.35447540011855366, "macro avg_support": 871.0, "weighted avg_precision": 0.36642156862745096, "weighted avg_recall": 0.34328358208955223, "weighted avg_f1-score": 0.35447540011855366, "weighted avg_support": 871.0, "O_support": 30459, "B-Name_Calling-Labeling_support": 816, "I-Name_Calling-Labeling_support": 2217, "epoch": 1}, {"micro_f1": 0.9386420637764242, "Name_Calling-Labeling_precision": 0.3112745098039216, "Name_Calling-Labeling_recall": 0.3842662632375189, "Name_Calling-Labeling_f1-score": 0.34394041976980366, "Name_Calling-Labeling_support": 661.0, "micro avg_precision": 0.3112745098039216, "micro avg_recall": 0.3842662632375189, "micro avg_f1-score": 0.34394041976980366, "micro avg_support": 661.0, "macro avg_precision": 0.3112745098039216, "macro avg_recall": 0.3842662632375189, "macro avg_f1-score": 0.34394041976980366, "macro avg_support": 661.0, "weighted avg_precision": 0.3112745098039216, "weighted avg_recall": 0.3842662632375189, "weighted avg_f1-score": 0.34394041976980366, "weighted avg_support": 661.0, "O_support": 30459, "B-Name_Calling-Labeling_support": 816, "I-Name_Calling-Labeling_support": 2217, "epoch": 2}], "best_epoch": 2, "train_data_path": "./data/formatted/train_sentences_ls.json"}