{"micro_f1": 0.7955974842767296, "Red_Herring_precision": 0.6086956521739131, "Red_Herring_recall": 0.3181818181818182, "Red_Herring_f1-score": 0.41791044776119407, "Red_Herring_support": 44.0, "micro avg_precision": 0.6086956521739131, "micro avg_recall": 0.3181818181818182, "micro avg_f1-score": 0.41791044776119407, "micro avg_support": 44.0, "macro avg_precision": 0.6086956521739131, "macro avg_recall": 0.3181818181818182, "macro avg_f1-score": 0.41791044776119407, "macro avg_support": 44.0, "weighted avg_precision": 0.6086956521739131, "weighted avg_recall": 0.3181818181818182, "weighted avg_f1-score": 0.4179104477611941, "weighted avg_support": 44.0, "O_support": 876, "B-Red_Herring_support": 23, "I-Red_Herring_support": 373}