{"micro_f1": 0.7947300534365211, "Appeal_to_Hypocrisy_precision": 0.38235294117647056, "Appeal_to_Hypocrisy_recall": 0.25, "Appeal_to_Hypocrisy_f1-score": 0.3023255813953488, "Appeal_to_Hypocrisy_support": 208.0, "micro avg_precision": 0.38235294117647056, "micro avg_recall": 0.25, "micro avg_f1-score": 0.3023255813953488, "micro avg_support": 208.0, "macro avg_precision": 0.38235294117647056, "macro avg_recall": 0.25, "macro avg_f1-score": 0.3023255813953488, "macro avg_support": 208.0, "weighted avg_precision": 0.3823529411764706, "weighted avg_recall": 0.25, "weighted avg_f1-score": 0.3023255813953488, "weighted avg_support": 208.0, "B-Appeal_to_Hypocrisy_support": 136, "I-Appeal_to_Hypocrisy_support": 2879, "O_support": 2412}