{"micro_f1": 0.7106658809664114, "Straw_Man_precision": 0.28888888888888886, "Straw_Man_recall": 0.16883116883116883, "Straw_Man_f1-score": 0.21311475409836064, "Straw_Man_support": 77.0, "micro avg_precision": 0.28888888888888886, "micro avg_recall": 0.16883116883116883, "micro avg_f1-score": 0.21311475409836064, "micro avg_support": 77.0, "macro avg_precision": 0.28888888888888886, "macro avg_recall": 0.16883116883116883, "macro avg_f1-score": 0.21311475409836064, "macro avg_support": 77.0, "weighted avg_precision": 0.28888888888888886, "weighted avg_recall": 0.16883116883116883, "weighted avg_f1-score": 0.21311475409836067, "weighted avg_support": 77.0, "O_support": 924, "B-Straw_Man_support": 45, "I-Straw_Man_support": 728}