{"micro_f1": 0.7566107477964173, "Guilt_by_Association_precision": 0.23529411764705882, "Guilt_by_Association_recall": 0.16129032258064516, "Guilt_by_Association_f1-score": 0.1913875598086124, "Guilt_by_Association_support": 124.0, "micro avg_precision": 0.23529411764705882, "micro avg_recall": 0.16129032258064516, "micro avg_f1-score": 0.1913875598086124, "micro avg_support": 124.0, "macro avg_precision": 0.23529411764705882, "macro avg_recall": 0.16129032258064516, "macro avg_f1-score": 0.1913875598086124, "macro avg_support": 124.0, "weighted avg_precision": 0.23529411764705882, "weighted avg_recall": 0.16129032258064516, "weighted avg_f1-score": 0.1913875598086124, "weighted avg_support": 124.0, "O_support": 2162, "B-Guilt_by_Association_support": 85, "I-Guilt_by_Association_support": 1270}