{"results": [{"micro_f1": 0.9099278809268068, "Repetition_precision": 0.38961038961038963, "Repetition_recall": 0.32608695652173914, "Repetition_f1-score": 0.35502958579881655, "Repetition_support": 184.0, "micro avg_precision": 0.38961038961038963, "micro avg_recall": 0.32608695652173914, "micro avg_f1-score": 0.35502958579881655, "micro avg_support": 184.0, "macro avg_precision": 0.38961038961038963, "macro avg_recall": 0.32608695652173914, "macro avg_f1-score": 0.35502958579881655, "macro avg_support": 184.0, "weighted avg_precision": 0.3896103896103896, "weighted avg_recall": 0.32608695652173914, "weighted avg_f1-score": 0.35502958579881655, "weighted avg_support": 184.0, "O_support": 5772, "B-Repetition_support": 154, "I-Repetition_support": 591, "epoch": 0}, {"micro_f1": 0.9275740371336505, "Repetition_precision": 0.551948051948052, "Repetition_recall": 0.5345911949685535, "Repetition_f1-score": 0.5431309904153354, "Repetition_support": 159.0, "micro avg_precision": 0.551948051948052, "micro avg_recall": 0.5345911949685535, "micro avg_f1-score": 0.5431309904153354, "micro avg_support": 159.0, "macro avg_precision": 0.551948051948052, "macro avg_recall": 0.5345911949685535, "macro avg_f1-score": 0.5431309904153354, "macro avg_support": 159.0, "weighted avg_precision": 0.551948051948052, "weighted avg_recall": 0.5345911949685535, "weighted avg_f1-score": 0.5431309904153354, "weighted avg_support": 159.0, "O_support": 5772, "B-Repetition_support": 154, "I-Repetition_support": 591, "epoch": 1}, {"micro_f1": 0.9261930336044192, "Repetition_precision": 0.6038961038961039, "Repetition_recall": 0.5344827586206896, "Repetition_f1-score": 0.5670731707317074, "Repetition_support": 174.0, "micro avg_precision": 0.6038961038961039, "micro avg_recall": 0.5344827586206896, "micro avg_f1-score": 0.5670731707317074, "micro avg_support": 174.0, "macro avg_precision": 0.6038961038961039, "macro avg_recall": 0.5344827586206896, "macro avg_f1-score": 0.5670731707317074, "macro avg_support": 174.0, "weighted avg_precision": 0.6038961038961039, "weighted avg_recall": 0.5344827586206896, "weighted avg_f1-score": 0.5670731707317074, "weighted avg_support": 174.0, "O_support": 5772, "B-Repetition_support": 154, "I-Repetition_support": 591, "epoch": 2}, {"micro_f1": 0.9281878164799755, "Repetition_precision": 0.5974025974025974, "Repetition_recall": 0.5508982035928144, "Repetition_f1-score": 0.5732087227414331, "Repetition_support": 167.0, "micro avg_precision": 0.5974025974025974, "micro avg_recall": 0.5508982035928144, "micro avg_f1-score": 0.5732087227414331, "micro avg_support": 167.0, "macro avg_precision": 0.5974025974025974, "macro avg_recall": 0.5508982035928144, "macro avg_f1-score": 0.5732087227414331, "macro avg_support": 167.0, "weighted avg_precision": 0.5974025974025974, "weighted avg_recall": 0.5508982035928144, "weighted avg_f1-score": 0.5732087227414331, "weighted avg_support": 167.0, "O_support": 5772, "B-Repetition_support": 154, "I-Repetition_support": 591, "epoch": 3}, {"micro_f1": 0.9189811262851005, "Repetition_precision": 0.6168831168831169, "Repetition_recall": 0.6050955414012739, "Repetition_f1-score": 0.6109324758842444, "Repetition_support": 157.0, "micro avg_precision": 0.6168831168831169, "micro avg_recall": 0.6050955414012739, "micro avg_f1-score": 0.6109324758842444, "micro avg_support": 157.0, "macro avg_precision": 0.6168831168831169, "macro avg_recall": 0.6050955414012739, "macro avg_f1-score": 0.6109324758842444, "macro avg_support": 157.0, "weighted avg_precision": 0.6168831168831169, "weighted avg_recall": 0.6050955414012739, "weighted avg_f1-score": 0.6109324758842444, "weighted avg_support": 157.0, "O_support": 5772, "B-Repetition_support": 154, "I-Repetition_support": 591, "epoch": 4}, {"micro_f1": 0.9340187202700628, "Repetition_precision": 0.6493506493506493, "Repetition_recall": 0.6329113924050633, "Repetition_f1-score": 0.6410256410256411, "Repetition_support": 158.0, "micro avg_precision": 0.6493506493506493, "micro avg_recall": 0.6329113924050633, "micro avg_f1-score": 0.6410256410256411, "micro avg_support": 158.0, "macro avg_precision": 0.6493506493506493, "macro avg_recall": 0.6329113924050633, "macro avg_f1-score": 0.6410256410256411, "macro avg_support": 158.0, "weighted avg_precision": 0.6493506493506493, "weighted avg_recall": 0.6329113924050633, "weighted avg_f1-score": 0.6410256410256411, "weighted avg_support": 158.0, "O_support": 5772, "B-Repetition_support": 154, "I-Repetition_support": 591, "epoch": 5}, {"micro_f1": 0.922356912689888, "Repetition_precision": 0.6558441558441559, "Repetition_recall": 0.5804597701149425, "Repetition_f1-score": 0.6158536585365854, "Repetition_support": 174.0, "micro avg_precision": 0.6558441558441559, "micro avg_recall": 0.5804597701149425, "micro avg_f1-score": 0.6158536585365854, "micro avg_support": 174.0, "macro avg_precision": 0.6558441558441559, "macro avg_recall": 0.5804597701149425, "macro avg_f1-score": 0.6158536585365854, "macro avg_support": 174.0, "weighted avg_precision": 0.6558441558441559, "weighted avg_recall": 0.5804597701149425, "weighted avg_f1-score": 0.6158536585365854, "weighted avg_support": 174.0, "O_support": 5772, "B-Repetition_support": 154, "I-Repetition_support": 591, "epoch": 6}, {"micro_f1": 0.9378548411845942, "Repetition_precision": 0.6233766233766234, "Repetition_recall": 0.6808510638297872, "Repetition_f1-score": 0.6508474576271187, "Repetition_support": 141.0, "micro avg_precision": 0.6233766233766234, "micro avg_recall": 0.6808510638297872, "micro avg_f1-score": 0.6508474576271187, "micro avg_support": 141.0, "macro avg_precision": 0.6233766233766234, "macro avg_recall": 0.6808510638297872, "macro avg_f1-score": 0.6508474576271187, "macro avg_support": 141.0, "weighted avg_precision": 0.6233766233766234, "weighted avg_recall": 0.6808510638297872, "weighted avg_f1-score": 0.6508474576271187, "weighted avg_support": 141.0, "O_support": 5772, "B-Repetition_support": 154, "I-Repetition_support": 591, "epoch": 7}, {"micro_f1": 0.9286481509897192, "Repetition_precision": 0.6753246753246753, "Repetition_recall": 0.5683060109289617, "Repetition_f1-score": 0.6172106824925816, "Repetition_support": 183.0, "micro avg_precision": 0.6753246753246753, "micro avg_recall": 0.5683060109289617, "micro avg_f1-score": 0.6172106824925816, "micro avg_support": 183.0, "macro avg_precision": 0.6753246753246753, "macro avg_recall": 0.5683060109289617, "macro avg_f1-score": 0.6172106824925816, "macro avg_support": 183.0, "weighted avg_precision": 0.6753246753246753, "weighted avg_recall": 0.5683060109289617, "weighted avg_f1-score": 0.6172106824925816, "weighted avg_support": 183.0, "O_support": 5772, "B-Repetition_support": 154, "I-Repetition_support": 591, "epoch": 8}, {"micro_f1": 0.9334049409237379, "Repetition_precision": 0.525974025974026, "Repetition_recall": 0.6585365853658537, "Repetition_f1-score": 0.5848375451263539, "Repetition_support": 123.0, "micro avg_precision": 0.525974025974026, "micro avg_recall": 0.6585365853658537, "micro avg_f1-score": 0.5848375451263539, "micro avg_support": 123.0, "macro avg_precision": 0.525974025974026, "macro avg_recall": 0.6585365853658537, "macro avg_f1-score": 0.5848375451263539, "macro avg_support": 123.0, "weighted avg_precision": 0.525974025974026, "weighted avg_recall": 0.6585365853658537, "weighted avg_f1-score": 0.5848375451263539, "weighted avg_support": 123.0, "O_support": 5772, "B-Repetition_support": 154, "I-Repetition_support": 591, "epoch": 9}], "best_epoch": 8, "train_data_path": {"sl": "./data/train_sent_mt/sl/train_gold_sentences_translated_nllb-200-3.3B_eng_Latn-slv_Latn_tok_regex_en-sl/train_gold_sentences_translated_nllb-200-3.3B_eng_Latn-slv_Latn_tok_regex_en-sl_mdeberta-v3-base_mdeberta_xlwa_en-sl_ME3_2024-05-04-12-12-14_ls.json",