{
    "micro_f1": 0.6974524528037055,
    "Doubt_precision": 0.21074380165289255,
    "Doubt_recall": 0.1608832807570978,
    "Doubt_f1-score": 0.18246869409660108,
    "Doubt_support": 634,
    "micro avg_precision": 0.21074380165289255,
    "micro avg_recall": 0.1608832807570978,
    "micro avg_f1-score": 0.18246869409660108,
    "micro avg_support": 634,
    "macro avg_precision": 0.21074380165289255,
    "macro avg_recall": 0.1608832807570978,
    "macro avg_f1-score": 0.18246869409660108,
    "macro avg_support": 634,
    "weighted avg_precision": 0.21074380165289255,
    "weighted avg_recall": 0.1608832807570978,
    "weighted avg_f1-score": 0.18246869409660108,
    "weighted avg_support": 634,
    "O_support": 6801,
    "B-Doubt_support": 484,
    "I-Doubt_support": 6964,
    "train_data_path": "/home/pgajo/checkthat24/checkthat24_DIT/data/train_gold/train_gold_sentences.json"
}