{"results": [{"micro_f1": 0.769704975781594, "Appeal_to_Values_precision": 0.030303030303030304, "Appeal_to_Values_recall": 0.013043478260869565, "Appeal_to_Values_f1-score": 0.0182370820668693, "Appeal_to_Values_support": 230.0, "micro avg_precision": 0.030303030303030304, "micro avg_recall": 0.013043478260869565, "micro avg_f1-score": 0.0182370820668693, "micro avg_support": 230.0, "macro avg_precision": 0.030303030303030304, "macro avg_recall": 0.013043478260869565, "macro avg_f1-score": 0.0182370820668693, "macro avg_support": 230.0, "weighted avg_precision": 0.030303030303030304, "weighted avg_recall": 0.013043478260869565, "weighted avg_f1-score": 0.0182370820668693, "weighted avg_support": 230.0, "O_support": 2735, "B-Appeal_to_Values_support": 99, "I-Appeal_to_Values_support": 1708, "epoch": 0}, {"micro_f1": 0.794143549097314, "Appeal_to_Values_precision": 0.3333333333333333, "Appeal_to_Values_recall": 0.1875, "Appeal_to_Values_f1-score": 0.24000000000000005, "Appeal_to_Values_support": 176.0, "micro avg_precision": 0.3333333333333333, "micro avg_recall": 0.1875, "micro avg_f1-score": 0.24000000000000005, "micro avg_support": 176.0, "macro avg_precision": 0.3333333333333333, "macro avg_recall": 0.1875, "macro avg_f1-score": 0.24000000000000005, "macro avg_support": 176.0, "weighted avg_precision": 0.3333333333333333, "weighted avg_recall": 0.1875, "weighted avg_f1-score": 0.24000000000000005, "weighted avg_support": 176.0, "O_support": 2735, "B-Appeal_to_Values_support": 99, "I-Appeal_to_Values_support": 1708, "epoch": 1}, {"micro_f1": 0.8276089828269485, "Appeal_to_Values_precision": 0.2828282828282828, "Appeal_to_Values_recall": 0.15730337078651685, "Appeal_to_Values_f1-score": 0.20216606498194944, "Appeal_to_Values_support": 178.0, "micro avg_precision": 0.2828282828282828, "micro avg_recall": 0.15730337078651685, "micro avg_f1-score": 0.20216606498194944, "micro avg_support": 178.0, "macro avg_precision": 0.2828282828282828, "macro avg_recall": 0.15730337078651685, "macro avg_f1-score": 0.20216606498194944, "macro avg_support": 178.0, "weighted avg_precision": 0.2828282828282828, "weighted avg_recall": 0.15730337078651685, "weighted avg_f1-score": 0.20216606498194944, "weighted avg_support": 178.0, "O_support": 2735, "B-Appeal_to_Values_support": 99, "I-Appeal_to_Values_support": 1708, "epoch": 2}], "best_epoch": 2, "train_data_path": "./data/formatted/train_sentences_ls.json"}