{
    "micro_f1": 0.7869346733668342,
    "Slogans_precision": 0.2926829268292683,
    "Slogans_recall": 0.19834710743801653,
    "Slogans_f1-score": 0.23645320197044334,
    "Slogans_support": 121,
    "micro avg_precision": 0.2926829268292683,
    "micro avg_recall": 0.19834710743801653,
    "micro avg_f1-score": 0.23645320197044334,
    "micro avg_support": 121,
    "macro avg_precision": 0.2926829268292683,
    "macro avg_recall": 0.19834710743801653,
    "macro avg_f1-score": 0.23645320197044334,
    "macro avg_support": 121,
    "weighted avg_precision": 0.2926829268292683,
    "weighted avg_recall": 0.19834710743801653,
    "weighted avg_f1-score": 0.23645320197044334,
    "weighted avg_support": 121,
    "O_support": 1502,
    "B-Slogans_support": 82,
    "I-Slogans_support": 406,
    "train_data_path": "/home/pgajo/checkthat24/checkthat24_DIT/data/train_gold/train_gold_sentences.json"
}