{"micro_f1": 0.721978021978022, "Whataboutism_precision": 0.43478260869565216, "Whataboutism_recall": 0.2777777777777778, "Whataboutism_f1-score": 0.3389830508474576, "Whataboutism_support": 36.0, "micro avg_precision": 0.43478260869565216, "micro avg_recall": 0.2777777777777778, "micro avg_f1-score": 0.3389830508474576, "micro avg_support": 36.0, "macro avg_precision": 0.43478260869565216, "macro avg_recall": 0.2777777777777778, "macro avg_f1-score": 0.3389830508474576, "macro avg_support": 36.0, "weighted avg_precision": 0.43478260869565216, "weighted avg_recall": 0.2777777777777778, "weighted avg_f1-score": 0.3389830508474576, "weighted avg_support": 36.0, "B-Whataboutism_support": 23, "I-Whataboutism_support": 593, "O_support": 294}