{
  "language": "en",
  "metrics": {
    "-100": {
      "precision": 0.0,
      "recall": 0.0,
      "f1-score": 0.0,
      "support": 21986331.0
    },
    "0": {
      "precision": 0.0874625095318221,
      "recall": 0.9793034336429706,
      "f1-score": 0.16058318405747987,
      "support": 1744299.0
    },
    "1": {
      "precision": 0.0018678807891796335,
      "recall": 0.8846761453396524,
      "f1-score": 0.0037278906130382974,
      "support": 1266.0
    },
    "2": {
      "precision": 0.0022388640541692647,
      "recall": 0.9335874335874336,
      "f1-score": 0.004467015624054462,
      "support": 8658.0
    },
    "accuracy": 0.07234039273051505,
    "macro avg": {
      "precision": 0.022892313593792745,
      "recall": 0.6993917531425141,
      "f1-score": 0.04219452257364316,
      "support": 23740554.0
    },
    "weighted avg": {
      "precision": 0.006427083240597833,
      "recall": 0.07234039273051505,
      "f1-score": 0.011800418907623941,
      "support": 23740554.0
    }
  },
  "total_predictions": 23740554,
  "total_labels": 23740554,
  "timestamp": "2025-01-17-18-55-28"
}