{
  "language": "fr",
  "metrics": {
    "-100": {
      "precision": 0.0,
      "recall": 0.0,
      "f1-score": 0.0,
      "support": 4694524.0
    },
    "0": {
      "precision": 0.09188210648262309,
      "recall": 0.8788356783813911,
      "f1-score": 0.16637023580046856,
      "support": 332829.0
    },
    "1": {
      "precision": 0.0023773366597967965,
      "recall": 0.653416149068323,
      "f1-score": 0.004737437010551155,
      "support": 805.0
    },
    "2": {
      "precision": 0.00459960254732148,
      "recall": 0.7551512714845713,
      "f1-score": 0.009143512250273983,
      "support": 9949.0
    },
    "accuracy": 0.059653556385364584,
    "macro avg": {
      "precision": 0.02471476142243534,
      "recall": 0.5718507747335714,
      "f1-score": 0.045062796265323425,
      "support": 5038107.0
    },
    "weighted avg": {
      "precision": 0.0060794073687318265,
      "recall": 0.059653556385364584,
      "f1-score": 0.01100961564559975,
      "support": 5038107.0
    }
  },
  "total_predictions": 5038107,
  "total_labels": 5038107,
  "timestamp": "2025-01-17-18-55-28"
}