{
  "language": "ru",
  "metrics": {
    "-100": {
      "precision": 0.0,
      "recall": 0.0,
      "f1-score": 0.0,
      "support": 3954394.0
    },
    "0": {
      "precision": 0.09377893568244389,
      "recall": 0.8831228941244251,
      "f1-score": 0.16955301456270408,
      "support": 308957.0
    },
    "1": {
      "precision": 0.0012444048216043535,
      "recall": 0.6646825396825397,
      "f1-score": 0.00248415885268938,
      "support": 504.0
    },
    "2": {
      "precision": 0.003966915175673743,
      "recall": 0.7737839771101573,
      "f1-score": 0.007893363882798049,
      "support": 5592.0
    },
    "accuracy": 0.06499881600591365,
    "macro avg": {
      "precision": 0.024747563919930497,
      "recall": 0.5803973527292805,
      "f1-score": 0.044982634324547875,
      "support": 4269447.0
    },
    "weighted avg": {
      "precision": 0.006791621678717004,
      "recall": 0.06499881600591365,
      "f1-score": 0.01228027480541244,
      "support": 4269447.0
    }
  },
  "total_predictions": 4269447,
  "total_labels": 4269447,
  "timestamp": "2025-01-17-18-55-28"
}