{
  "language": "po",
  "metrics": {
    "-100": {
      "precision": 0.0,
      "recall": 0.0,
      "f1-score": 0.0,
      "support": 7004315.0
    },
    "0": {
      "precision": 0.07915680414972373,
      "recall": 0.9071938214459249,
      "f1-score": 0.14560859350936944,
      "support": 508339.0
    },
    "1": {
      "precision": 0.001674732579560533,
      "recall": 0.6521739130434783,
      "f1-score": 0.0033408860201052807,
      "support": 598.0
    },
    "2": {
      "precision": 0.0028578451409443486,
      "recall": 0.68516086671044,
      "f1-score": 0.005691948837916507,
      "support": 6092.0
    },
    "accuracy": 0.06193705195559613,
    "macro avg": {
      "precision": 0.020922345467557155,
      "recall": 0.5611321502999608,
      "f1-score": 0.03866035709184781,
      "support": 7519344.0
    },
    "weighted avg": {
      "precision": 0.00535377848750471,
      "recall": 0.06193705195559613,
      "f1-score": 0.009848625095237025,
      "support": 7519344.0
    }
  },
  "total_predictions": 7519344,
  "total_labels": 7519344,
  "timestamp": "2025-01-17-18-55-28"
}