{
  "language": "de",
  "metrics": {
    "-100": {
      "precision": 0.0,
      "recall": 0.0,
      "f1-score": 0.0,
      "support": 2994360.0
    },
    "0": {
      "precision": 0.0816871093356501,
      "recall": 0.8830253757083025,
      "f1-score": 0.1495404932141026,
      "support": 202950.0
    },
    "1": {
      "precision": 0.0031899730775321825,
      "recall": 0.6211453744493393,
      "f1-score": 0.006347348518952012,
      "support": 681.0
    },
    "2": {
      "precision": 0.006099615288306131,
      "recall": 0.7600340377251453,
      "f1-score": 0.012102105730264635,
      "support": 7051.0
    },
    "accuracy": 0.05771905641174125,
    "macro avg": {
      "precision": 0.022744174425372105,
      "recall": 0.5660511969706967,
      "f1-score": 0.04199748686582981,
      "support": 3205042.0
    },
    "weighted avg": {
      "precision": 0.005186696336189614,
      "recall": 0.05771905641174125,
      "f1-score": 0.009497191484432224,
      "support": 3205042.0
    }
  },
  "total_predictions": 3205042,
  "total_labels": 3205042,
  "timestamp": "2025-01-17-18-55-28"
}