{
  "language": "it",
  "metrics": {
    "-100": {
      "precision": 0.0,
      "recall": 0.0,
      "f1-score": 0.0,
      "support": 13042067.0
    },
    "0": {
      "precision": 0.049511083647637816,
      "recall": 0.8796493677566268,
      "f1-score": 0.09374568915792357,
      "support": 481302.0
    },
    "1": {
      "precision": 0.0008592238534198247,
      "recall": 0.6593886462882096,
      "f1-score": 0.0017162113781404678,
      "support": 916.0
    },
    "2": {
      "precision": 0.0016971160710092244,
      "recall": 0.7690597204574333,
      "f1-score": 0.003386758441307728,
      "support": 9444.0
    },
    "accuracy": 0.031864388595338355,
    "macro avg": {
      "precision": 0.013016855893016717,
      "recall": 0.5770244336255674,
      "f1-score": 0.024712164744342943,
      "support": 13533729.0
    },
    "weighted avg": {
      "precision": 0.0017620123910416503,
      "recall": 0.031864388595338355,
      "f1-score": 0.0033363712454585887,
      "support": 13533729.0
    }
  },
  "total_predictions": 13533729,
  "total_labels": 13533729,
  "timestamp": "2025-01-17-18-55-28"
}