{
    "micro_f1": 0.6762728146013448,
    "Appeal_to_Fear-Prejudice_precision": 0.0658682634730539,
    "Appeal_to_Fear-Prejudice_recall": 0.03873239436619718,
    "Appeal_to_Fear-Prejudice_f1-score": 0.04878048780487805,
    "Appeal_to_Fear-Prejudice_support": 284,
    "micro avg_precision": 0.0658682634730539,
    "micro avg_recall": 0.03873239436619718,
    "micro avg_f1-score": 0.04878048780487805,
    "micro avg_support": 284,
    "macro avg_precision": 0.0658682634730539,
    "macro avg_recall": 0.03873239436619718,
    "macro avg_f1-score": 0.04878048780487805,
    "macro avg_support": 284,
    "weighted avg_precision": 0.0658682634730539,
    "weighted avg_recall": 0.03873239436619718,
    "weighted avg_f1-score": 0.04878048780487805,
    "weighted avg_support": 284,
    "B-Appeal_to_Fear-Prejudice_support": 167,
    "I-Appeal_to_Fear-Prejudice_support": 2085,
    "O_support": 2953,
    "train_data_path": "/home/pgajo/checkthat24/checkthat24_DIT/data/train_gold/train_gold_sentences.json"
}