{"micro_f1": 0.6619789050728278, "Obfuscation-Vagueness-Confusion_precision": 0.06382978723404255, "Obfuscation-Vagueness-Confusion_recall": 0.024, "Obfuscation-Vagueness-Confusion_f1-score": 0.03488372093023256, "Obfuscation-Vagueness-Confusion_support": 125.0, "micro avg_precision": 0.06382978723404255, "micro avg_recall": 0.024, "micro avg_f1-score": 0.03488372093023256, "micro avg_support": 125.0, "macro avg_precision": 0.06382978723404255, "macro avg_recall": 0.024, "macro avg_f1-score": 0.03488372093023256, "macro avg_support": 125.0, "weighted avg_precision": 0.06382978723404255, "weighted avg_recall": 0.024, "weighted avg_f1-score": 0.03488372093023256, "weighted avg_support": 125.0, "O_support": 1087, "B-Obfuscation-Vagueness-Confusion_support": 47, "I-Obfuscation-Vagueness-Confusion_support": 857}