{"micro_f1": 0.8760021378941742, "Exaggeration-Minimisation_precision": 0.46116504854368934, "Exaggeration-Minimisation_recall": 0.3941908713692946, "Exaggeration-Minimisation_f1-score": 0.42505592841163314, "Exaggeration-Minimisation_support": 241.0, "micro avg_precision": 0.46116504854368934, "micro avg_recall": 0.3941908713692946, "micro avg_f1-score": 0.42505592841163314, "micro avg_support": 241.0, "macro avg_precision": 0.46116504854368934, "macro avg_recall": 0.3941908713692946, "macro avg_f1-score": 0.42505592841163314, "macro avg_support": 241.0, "weighted avg_precision": 0.46116504854368934, "weighted avg_recall": 0.3941908713692946, "weighted avg_f1-score": 0.42505592841163314, "weighted avg_support": 241.0, "O_support": 7292, "B-Exaggeration-Minimisation_support": 206, "I-Exaggeration-Minimisation_support": 1857}