{"micro_f1": 0.7614936691719143, "Doubt_precision": 0.362116991643454, "Doubt_recall": 0.31212484993997597, "Doubt_f1-score": 0.3352675693101225, "Doubt_support": 833.0, "micro avg_precision": 0.362116991643454, "micro avg_recall": 0.31212484993997597, "micro avg_f1-score": 0.3352675693101225, "micro avg_support": 833.0, "macro avg_precision": 0.362116991643454, "macro avg_recall": 0.31212484993997597, "macro avg_f1-score": 0.3352675693101225, "macro avg_support": 833.0, "weighted avg_precision": 0.36211699164345407, "weighted avg_recall": 0.31212484993997597, "weighted avg_f1-score": 0.3352675693101225, "weighted avg_support": 833.0, "O_support": 17111, "B-Doubt_support": 718, "I-Doubt_support": 11709}