{"results": [{"micro_f1": 0.7690397350993378, "Red_Herring_precision": 0.043478260869565216, "Red_Herring_recall": 0.013513513513513514, "Red_Herring_f1-score": 0.020618556701030927, "Red_Herring_support": 74.0, "micro avg_precision": 0.043478260869565216, "micro avg_recall": 0.013513513513513514, "micro avg_f1-score": 0.020618556701030927, "micro avg_support": 74.0, "macro avg_precision": 0.043478260869565216, "macro avg_recall": 0.013513513513513514, "macro avg_f1-score": 0.020618556701030927, "macro avg_support": 74.0, "weighted avg_precision": 0.043478260869565216, "weighted avg_recall": 0.013513513513513514, "weighted avg_f1-score": 0.020618556701030927, "weighted avg_support": 74.0, "O_support": 812, "B-Red_Herring_support": 23, "I-Red_Herring_support": 373, "epoch": 0}, {"micro_f1": 0.6597682119205298, "Red_Herring_precision": 0.30434782608695654, "Red_Herring_recall": 0.0958904109589041, "Red_Herring_f1-score": 0.14583333333333331, "Red_Herring_support": 73.0, "micro avg_precision": 0.30434782608695654, "micro avg_recall": 0.0958904109589041, "micro avg_f1-score": 0.14583333333333331, "micro avg_support": 73.0, "macro avg_precision": 0.30434782608695654, "macro avg_recall": 0.0958904109589041, "macro avg_f1-score": 0.14583333333333331, "macro avg_support": 73.0, "weighted avg_precision": 0.30434782608695654, "weighted avg_recall": 0.0958904109589041, "weighted avg_f1-score": 0.14583333333333331, "weighted avg_support": 73.0, "O_support": 812, "B-Red_Herring_support": 23, "I-Red_Herring_support": 373, "epoch": 1}, {"micro_f1": 0.7864238410596026, "Red_Herring_precision": 0.34782608695652173, "Red_Herring_recall": 0.125, "Red_Herring_f1-score": 0.1839080459770115, "Red_Herring_support": 64.0, "micro avg_precision": 0.34782608695652173, "micro avg_recall": 0.125, "micro avg_f1-score": 0.1839080459770115, "micro avg_support": 64.0, "macro avg_precision": 0.34782608695652173, "macro avg_recall": 0.125, "macro avg_f1-score": 0.1839080459770115, "macro avg_support": 64.0, "weighted avg_precision": 0.34782608695652173, "weighted avg_recall": 0.125, "weighted avg_f1-score": 0.1839080459770115, "weighted avg_support": 64.0, "O_support": 812, "B-Red_Herring_support": 23, "I-Red_Herring_support": 373, "epoch": 2}, {"micro_f1": 0.814569536423841, "Red_Herring_precision": 0.2608695652173913, "Red_Herring_recall": 0.1875, "Red_Herring_f1-score": 0.21818181818181817, "Red_Herring_support": 32.0, "micro avg_precision": 0.2608695652173913, "micro avg_recall": 0.1875, "micro avg_f1-score": 0.21818181818181817, "micro avg_support": 32.0, "macro avg_precision": 0.2608695652173913, "macro avg_recall": 0.1875, "macro avg_f1-score": 0.21818181818181817, "macro avg_support": 32.0, "weighted avg_precision": 0.2608695652173913, "weighted avg_recall": 0.1875, "weighted avg_f1-score": 0.21818181818181817, "weighted avg_support": 32.0, "O_support": 812, "B-Red_Herring_support": 23, "I-Red_Herring_support": 373, "epoch": 3}, {"micro_f1": 0.8021523178807947, "Red_Herring_precision": 0.43478260869565216, "Red_Herring_recall": 0.2857142857142857, "Red_Herring_f1-score": 0.3448275862068965, "Red_Herring_support": 35.0, "micro avg_precision": 0.43478260869565216, "micro avg_recall": 0.2857142857142857, "micro avg_f1-score": 0.3448275862068965, "micro avg_support": 35.0, "macro avg_precision": 0.43478260869565216, "macro avg_recall": 0.2857142857142857, "macro avg_f1-score": 0.3448275862068965, "macro avg_support": 35.0, "weighted avg_precision": 0.43478260869565216, "weighted avg_recall": 0.2857142857142857, "weighted avg_f1-score": 0.3448275862068965, "weighted avg_support": 35.0, "O_support": 812, "B-Red_Herring_support": 23, "I-Red_Herring_support": 373, "epoch": 4}, {"micro_f1": 0.8369205298013245, "Red_Herring_precision": 0.43478260869565216, "Red_Herring_recall": 0.23809523809523808, "Red_Herring_f1-score": 0.30769230769230765, "Red_Herring_support": 42.0, "micro avg_precision": 0.43478260869565216, "micro avg_recall": 0.23809523809523808, "micro avg_f1-score": 0.30769230769230765, "micro avg_support": 42.0, "macro avg_precision": 0.43478260869565216, "macro avg_recall": 0.23809523809523808, "macro avg_f1-score": 0.30769230769230765, "macro avg_support": 42.0, "weighted avg_precision": 0.43478260869565216, "weighted avg_recall": 0.23809523809523808, "weighted avg_f1-score": 0.30769230769230765, "weighted avg_support": 42.0, "O_support": 812, "B-Red_Herring_support": 23, "I-Red_Herring_support": 373, "epoch": 5}, {"micro_f1": 0.8137417218543046, "Red_Herring_precision": 0.43478260869565216, "Red_Herring_recall": 0.19607843137254902, "Red_Herring_f1-score": 0.2702702702702703, "Red_Herring_support": 51.0, "micro avg_precision": 0.43478260869565216, "micro avg_recall": 0.19607843137254902, "micro avg_f1-score": 0.2702702702702703, "micro avg_support": 51.0, "macro avg_precision": 0.43478260869565216, "macro avg_recall": 0.19607843137254902, "macro avg_f1-score": 0.2702702702702703, "macro avg_support": 51.0, "weighted avg_precision": 0.43478260869565216, "weighted avg_recall": 0.19607843137254902, "weighted avg_f1-score": 0.2702702702702703, "weighted avg_support": 51.0, "O_support": 812, "B-Red_Herring_support": 23, "I-Red_Herring_support": 373, "epoch": 6}], "best_epoch": 5, "train_data_path": {"sl": "./data/train_sent_mt/sl/train_gold_sentences_translated_nllb-200-3.3B_eng_Latn-slv_Latn_tok_regex_en-sl/train_gold_sentences_translated_nllb-200-3.3B_eng_Latn-slv_Latn_tok_regex_en-sl_mdeberta-v3-base_mdeberta_xlwa_en-sl_ME3_2024-05-04-12-12-14_ls.json", "ru": "./data/train_sent_mt/ru/train_gold_sentences_translated_nllb-200-3.3B_eng_Latn-rus_Cyrl_tok_regex_en-ru/train_gold_sentences_translated_nllb-200-3.3B_eng_Latn-rus_Cyrl_tok_regex_en-ru_mdeberta-v3-base_mdeberta_xlwa_en-ru_ME3_2024-05-04-12-09-20_ls.json", "pt": "./data/train_sent_mt/pt/train_gold_sentences_translated_nllb-200-3.3B_eng_Latn-por_Latn_tok_regex_en-pt/train_gold_sentences_translated_nllb-200-3.3B_eng_Latn-por_Latn_tok_regex_en-pt_mdeberta-v3-base_mdeberta_xlwa_en-pt_ME3_2024-05-04-12-07-45_ls.json", "it": "./data/train_sent_mt/it/train_gold_sentences_translated_nllb-200-3.3B_eng_Latn-ita_Latn_tok_regex_en-it/train_gold_sentences_translated_nllb-200-3.3B_eng_Latn-ita_Latn_tok_regex_en-it_mdeberta-v3-base_mdeberta_xlwa_en-it_ME3_2024-05-04-12-05-00_ls.json", "es": "./data/train_sent_mt/es/train_gold_sentences_translated_nllb-200-3.3B_eng_Latn-spa_Latn_tok_regex_en-es/train_gold_sentences_translated_nllb-200-3.3B_eng_Latn-spa_Latn_tok_regex_en-es_mdeberta-v3-base_mdeberta_xlwa_en-es_ME3_2024-05-04-12-01-43_ls.json", "bg": "./data/train_sent_mt/bg/train_gold_sentences_translated_nllb-200-3.3B_eng_Latn-bul_Cyrl_tok_regex_en-bg/train_gold_sentences_translated_nllb-200-3.3B_eng_Latn-bul_Cyrl_tok_regex_en-bg_mdeberta-v3-base_mdeberta_xlwa_en-bg_ME3_2024-05-04-11-58-52_ls.json"}}