{
    "results": [
        {
            "0": {"precision": 0.7134187457855697, "recall": 0.8182521268368136, "f1-score": 0.7622478386167146, "support": 1293},
            "1": {"precision": 0.8538557213930348, "recall": 0.7636262513904338, "f1-score": 0.806224310041104, "support": 1798},
            "accuracy": 0.7864768683274022,
            "macro avg": {"precision": 0.7836372335893023, "recall": 0.7909391891136237, "f1-score": 0.7842360743289093, "support": 3091},
            "weighted avg": {"precision": 0.7951093579312256, "recall": 0.7864768683274022, "f1-score": 0.787828458358239, "support": 3091},
            "epoch": 0
        },
        {
            "0": {"precision": 0.774818401937046, "recall": 0.7424593967517401, "f1-score": 0.7582938388625592, "support": 1293},
            "1": {"precision": 0.8201943844492441, "recall": 0.8448275862068966, "f1-score": 0.8323287671232877, "support": 1798},
            "accuracy": 0.8020058233581365,
            "macro avg": {"precision": 0.797506393193145, "recall": 0.7936434914793183, "f1-score": 0.7953113029929235, "support": 3091},
            "weighted avg": {"precision": 0.8012131015672408, "recall": 0.8020058233581365, "f1-score": 0.8013591255053253, "support": 3091},
            "epoch": 1
        },
        {
            "0": {"precision": 0.8068181818181818, "recall": 0.7138437741686001, "f1-score": 0.7574887156339761, "support": 1293},
            "1": {"precision": 0.8099640472521829, "recall": 0.8770856507230256, "f1-score": 0.8421895861148199, "support": 1798},
            "accuracy": 0.8087997411840828,
            "macro avg": {"precision": 0.8083911145351823, "recall": 0.7954647124458128, "f1-score": 0.799839150874398, "support": 3091},
            "weighted avg": {"precision": 0.8086480964252131, "recall": 0.8087997411840828, "f1-score": 0.8067582611288182, "support": 3091},
            "epoch": 2
        }
    ],
    "best_epoch": 2,
    "train_data_path": "./data/formatted/train_sentences.json"
}