{"micro_f1": 0.7768479776847979, "Appeal_to_Hypocrisy_precision": 0.4117647058823529, "Appeal_to_Hypocrisy_recall": 0.3218390804597701, "Appeal_to_Hypocrisy_f1-score": 0.3612903225806452, "Appeal_to_Hypocrisy_support": 174.0, "micro avg_precision": 0.4117647058823529, "micro avg_recall": 0.3218390804597701, "micro avg_f1-score": 0.3612903225806452, "micro avg_support": 174.0, "macro avg_precision": 0.4117647058823529, "macro avg_recall": 0.3218390804597701, "macro avg_f1-score": 0.3612903225806452, "macro avg_support": 174.0, "weighted avg_precision": 0.4117647058823529, "weighted avg_recall": 0.3218390804597701, "weighted avg_f1-score": 0.3612903225806452, "weighted avg_support": 174.0, "O_support": 2721, "B-Appeal_to_Hypocrisy_support": 136, "I-Appeal_to_Hypocrisy_support": 2879}