{"0": {"precision": 0.0, "recall": 0.0, "f1-score": 0.0, "support": 11260.0}, "1": {"precision": 0.5035492262245933, "recall": 1.0, "f1-score": 0.6698140871503138, "support": 11421.0}, "accuracy": 0.5035492262245933, "macro avg": {"precision": 0.25177461311229665, "recall": 0.5, "f1-score": 0.3349070435751569, "support": 22681.0}, "weighted avg": {"precision": 0.25356182323138665, "recall": 0.5035492262245933, "f1-score": 0.3372843652988728, "support": 22681.0}, "macro-f1": 0.3349070435751569}