{"micro_f1": 0.8272912423625254, "Consequential_Oversimplification_precision": 0.35294117647058826, "Consequential_Oversimplification_recall": 0.23684210526315788, "Consequential_Oversimplification_f1-score": 0.28346456692913385, "Consequential_Oversimplification_support": 76.0, "micro avg_precision": 0.35294117647058826, "micro avg_recall": 0.23684210526315788, "micro avg_f1-score": 0.28346456692913385, "micro avg_support": 76.0, "macro avg_precision": 0.35294117647058826, "macro avg_recall": 0.23684210526315788, "macro avg_f1-score": 0.28346456692913385, "macro avg_support": 76.0, "weighted avg_precision": 0.35294117647058826, "weighted avg_recall": 0.23684210526315788, "weighted avg_f1-score": 0.28346456692913385, "weighted avg_support": 76.0, "O_support": 1104, "B-Consequential_Oversimplification_support": 51, "I-Consequential_Oversimplification_support": 1300}