{"micro_f1": 0.6944444444444444, "Questioning_the_Reputation_precision": 0.21634615384615385, "Questioning_the_Reputation_recall": 0.17110266159695817, "Questioning_the_Reputation_f1-score": 0.19108280254777069, "Questioning_the_Reputation_support": 263.0, "micro avg_precision": 0.21634615384615385, "micro avg_recall": 0.17110266159695817, "micro avg_f1-score": 0.19108280254777069, "micro avg_support": 263.0, "macro avg_precision": 0.21634615384615385, "macro avg_recall": 0.17110266159695817, "macro avg_f1-score": 0.19108280254777069, "macro avg_support": 263.0, "weighted avg_precision": 0.21634615384615385, "weighted avg_recall": 0.17110266159695817, "weighted avg_f1-score": 0.19108280254777069, "weighted avg_support": 263.0, "B-Questioning_the_Reputation_support": 208, "I-Questioning_the_Reputation_support": 2940, "O_support": 2432, "train_data_path": "/home/pgajo/checkthat24/checkthat24_DIT/data/train_gold/train_gold_sentences.json"}