{
    "micro_f1": 0.6586433260393874,
    "Straw_Man_precision": 0.12903225806451613,
    "Straw_Man_recall": 0.05405405405405406,
    "Straw_Man_f1-score": 0.0761904761904762,
    "Straw_Man_support": 74,
    "micro avg_precision": 0.12903225806451613,
    "micro avg_recall": 0.05405405405405406,
    "micro avg_f1-score": 0.0761904761904762,
    "micro avg_support": 74,
    "macro avg_precision": 0.12903225806451613,
    "macro avg_recall": 0.05405405405405406,
    "macro avg_f1-score": 0.0761904761904762,
    "macro avg_support": 74,
    "weighted avg_precision": 0.12903225806451613,
    "weighted avg_recall": 0.05405405405405406,
    "weighted avg_f1-score": 0.0761904761904762,
    "weighted avg_support": 74,
    "B-Straw_Man_support": 31,
    "I-Straw_Man_support": 497,
    "O_support": 386,
    "train_data_path": "/home/pgajo/checkthat24/checkthat24_DIT/data/train_gold/train_gold_sentences.json"
}