{"micro_f1": 0.8251452720549393, "Straw_Man_precision": 0.35555555555555557, "Straw_Man_recall": 0.2711864406779661, "Straw_Man_f1-score": 0.3076923076923077, "Straw_Man_support": 59.0, "micro avg_precision": 0.35555555555555557, "micro avg_recall": 0.2711864406779661, "micro avg_f1-score": 0.3076923076923077, "micro avg_support": 59.0, "macro avg_precision": 0.35555555555555557, "macro avg_recall": 0.2711864406779661, "macro avg_f1-score": 0.3076923076923077, "macro avg_support": 59.0, "weighted avg_precision": 0.35555555555555557, "weighted avg_recall": 0.2711864406779661, "weighted avg_f1-score": 0.3076923076923077, "weighted avg_support": 59.0, "B-Straw_Man_support": 45, "I-Straw_Man_support": 728, "O_support": 1120}