{"micro_f1": 0.5510373443983403, "Red_Herring_precision": 0.34782608695652173, "Red_Herring_recall": 0.1702127659574468, "Red_Herring_f1-score": 0.22857142857142854, "Red_Herring_support": 47.0, "micro avg_precision": 0.34782608695652173, "micro avg_recall": 0.1702127659574468, "micro avg_f1-score": 0.22857142857142854, "micro avg_support": 47.0, "macro avg_precision": 0.34782608695652173, "macro avg_recall": 0.1702127659574468, "macro avg_f1-score": 0.22857142857142854, "macro avg_support": 47.0, "weighted avg_precision": 0.3478260869565217, "weighted avg_recall": 0.1702127659574468, "weighted avg_f1-score": 0.22857142857142856, "weighted avg_support": 47.0, "O_support": 809, "B-Red_Herring_support": 23, "I-Red_Herring_support": 373}