{"micro_f1": 0.8059660645867542, "Guilt_by_Association_precision": 0.2823529411764706, "Guilt_by_Association_recall": 0.1875, "Guilt_by_Association_f1-score": 0.22535211267605634, "Guilt_by_Association_support": 128.0, "micro avg_precision": 0.2823529411764706, "micro avg_recall": 0.1875, "micro avg_f1-score": 0.22535211267605634, "micro avg_support": 128.0, "macro avg_precision": 0.2823529411764706, "macro avg_recall": 0.1875, "macro avg_f1-score": 0.22535211267605634, "macro avg_support": 128.0, "weighted avg_precision": 0.2823529411764706, "weighted avg_recall": 0.1875, "weighted avg_f1-score": 0.22535211267605634, "weighted avg_support": 128.0, "O_support": 2299, "B-Guilt_by_Association_support": 85, "I-Guilt_by_Association_support": 1270}