{"micro_f1": 0.7398615232443124, "Whataboutism_precision": 0.34782608695652173, "Whataboutism_recall": 0.18181818181818182, "Whataboutism_f1-score": 0.2388059701492537, "Whataboutism_support": 44.0, "micro avg_precision": 0.34782608695652173, "micro avg_recall": 0.18181818181818182, "micro avg_f1-score": 0.2388059701492537, "micro avg_support": 44.0, "macro avg_precision": 0.34782608695652173, "macro avg_recall": 0.18181818181818182, "macro avg_f1-score": 0.2388059701492537, "macro avg_support": 44.0, "weighted avg_precision": 0.34782608695652173, "weighted avg_recall": 0.18181818181818182, "weighted avg_f1-score": 0.2388059701492537, "weighted avg_support": 44.0, "B-Whataboutism_support": 23, "I-Whataboutism_support": 593, "O_support": 395}