{"micro_f1": 0.7511289867344059, "Doubt_precision": 0.3384401114206128, "Doubt_recall": 0.27120535714285715, "Doubt_f1-score": 0.3011152416356877, "Doubt_support": 896.0, "micro avg_precision": 0.3384401114206128, "micro avg_recall": 0.27120535714285715, "micro avg_f1-score": 0.3011152416356877, "micro avg_support": 896.0, "macro avg_precision": 0.3384401114206128, "macro avg_recall": 0.27120535714285715, "macro avg_f1-score": 0.3011152416356877, "macro avg_support": 896.0, "weighted avg_precision": 0.33844011142061287, "weighted avg_recall": 0.27120535714285715, "weighted avg_f1-score": 0.3011152416356877, "weighted avg_support": 896.0, "O_support": 15917, "B-Doubt_support": 718, "I-Doubt_support": 11709}