{"micro_f1": 0.8409448818897638, "Consequential_Oversimplification_precision": 0.43137254901960786, "Consequential_Oversimplification_recall": 0.28205128205128205, "Consequential_Oversimplification_f1-score": 0.3410852713178295, "Consequential_Oversimplification_support": 78.0, "micro avg_precision": 0.43137254901960786, "micro avg_recall": 0.28205128205128205, "micro avg_f1-score": 0.3410852713178295, "micro avg_support": 78.0, "macro avg_precision": 0.43137254901960786, "macro avg_recall": 0.28205128205128205, "macro avg_f1-score": 0.3410852713178295, "macro avg_support": 78.0, "weighted avg_precision": 0.43137254901960786, "weighted avg_recall": 0.28205128205128205, "weighted avg_f1-score": 0.3410852713178295, "weighted avg_support": 78.0, "O_support": 1189, "B-Consequential_Oversimplification_support": 51, "I-Consequential_Oversimplification_support": 1300}