{
    "micro_f1": 0.7544264819091608,
    "Flag_Waving_precision": 0.012195121951219513,
    "Flag_Waving_recall": 0.01098901098901099,
    "Flag_Waving_f1-score": 0.0115606936416185,
    "Flag_Waving_support": 91,
    "micro avg_precision": 0.012195121951219513,
    "micro avg_recall": 0.01098901098901099,
    "micro avg_f1-score": 0.0115606936416185,
    "micro avg_support": 91,
    "macro avg_precision": 0.012195121951219513,
    "macro avg_recall": 0.01098901098901099,
    "macro avg_f1-score": 0.0115606936416185,
    "macro avg_support": 91,
    "weighted avg_precision": 0.012195121951219513,
    "weighted avg_recall": 0.01098901098901099,
    "weighted avg_f1-score": 0.0115606936416185,
    "weighted avg_support": 91,
    "O_support": 1759,
    "B-Flag_Waving_support": 82,
    "I-Flag_Waving_support": 757,
    "train_data_path": "/home/pgajo/checkthat24/checkthat24_DIT/data/train_gold/train_gold_sentences.json"
}