{"results": [{"micro_f1": 0.7721968543886352, "Flag_Waving_precision": 0.02197802197802198, "Flag_Waving_recall": 0.018518518518518517, "Flag_Waving_f1-score": 0.020100502512562814, "Flag_Waving_support": 108.0, "micro avg_precision": 0.02197802197802198, "micro avg_recall": 0.018518518518518517, "micro avg_f1-score": 0.020100502512562814, "micro avg_support": 108.0, "macro avg_precision": 0.02197802197802198, "macro avg_recall": 0.018518518518518517, "macro avg_f1-score": 0.020100502512562814, "macro avg_support": 108.0, "weighted avg_precision": 0.02197802197802198, "weighted avg_recall": 0.018518518518518517, "weighted avg_f1-score": 0.020100502512562814, "weighted avg_support": 108.0, "B-Flag_Waving_support": 91, "I-Flag_Waving_support": 1049, "O_support": 2802, "epoch": 0}, {"micro_f1": 0.7493658041603247, "Flag_Waving_precision": 0.10989010989010989, "Flag_Waving_recall": 0.04716981132075472, "Flag_Waving_f1-score": 0.06600660066006601, "Flag_Waving_support": 212.0, "micro avg_precision": 0.10989010989010989, "micro avg_recall": 0.04716981132075472, "micro avg_f1-score": 0.06600660066006601, "micro avg_support": 212.0, "macro avg_precision": 0.10989010989010989, "macro avg_recall": 0.04716981132075472, "macro avg_f1-score": 0.06600660066006601, "macro avg_support": 212.0, "weighted avg_precision": 0.10989010989010989, "weighted avg_recall": 0.04716981132075472, "weighted avg_f1-score": 0.06600660066006601, "weighted avg_support": 212.0, "B-Flag_Waving_support": 91, "I-Flag_Waving_support": 1049, "O_support": 2802, "epoch": 1}, {"micro_f1": 0.7727042110603755, "Flag_Waving_precision": 0.03296703296703297, "Flag_Waving_recall": 0.019736842105263157, "Flag_Waving_f1-score": 0.02469135802469136, "Flag_Waving_support": 152.0, "micro avg_precision": 0.03296703296703297, "micro avg_recall": 0.019736842105263157, "micro avg_f1-score": 0.02469135802469136, "micro avg_support": 152.0, "macro avg_precision": 0.03296703296703297, "macro avg_recall": 0.019736842105263157, "macro avg_f1-score": 0.02469135802469136, "macro avg_support": 152.0, "weighted avg_precision": 0.03296703296703297, "weighted avg_recall": 0.019736842105263157, "weighted avg_f1-score": 0.02469135802469136, "weighted avg_support": 152.0, "B-Flag_Waving_support": 91, "I-Flag_Waving_support": 1049, "O_support": 2802, "epoch": 2}], "best_epoch": 2, "train_data_path": "./data/formatted/train_sentences_ls.json"}