{"micro_f1": 0.9312931293129313, "Repetition_precision": 0.564935064935065, "Repetition_recall": 0.4943181818181818, "Repetition_f1-score": 0.5272727272727273, "Repetition_support": 176.0, "micro avg_precision": 0.564935064935065, "micro avg_recall": 0.4943181818181818, "micro avg_f1-score": 0.5272727272727273, "micro avg_support": 176.0, "macro avg_precision": 0.564935064935065, "macro avg_recall": 0.4943181818181818, "macro avg_f1-score": 0.5272727272727273, "macro avg_support": 176.0, "weighted avg_precision": 0.564935064935065, "weighted avg_recall": 0.4943181818181818, "weighted avg_f1-score": 0.5272727272727273, "weighted avg_support": 176.0, "O_support": 5921, "B-Repetition_support": 154, "I-Repetition_support": 591}