{"results": [{"micro_f1": 0.7147160068846816, "Consequential_Oversimplification_precision": 0.0, "Consequential_Oversimplification_recall": 0.0, "Consequential_Oversimplification_f1-score": 0.0, "Consequential_Oversimplification_support": 286.0, "micro avg_precision": 0.0, "micro avg_recall": 0.0, "micro avg_f1-score": 0.0, "micro avg_support": 286.0, "macro avg_precision": 0.0, "macro avg_recall": 0.0, "macro avg_f1-score": 0.0, "macro avg_support": 286.0, "weighted avg_precision": 0.0, "weighted avg_recall": 0.0, "weighted avg_f1-score": 0.0, "weighted avg_support": 286.0, "O_support": 973, "B-Consequential_Oversimplification_support": 51, "I-Consequential_Oversimplification_support": 1300, "epoch": 0}, {"micro_f1": 0.7801204819277108, "Consequential_Oversimplification_precision": 0.0196078431372549, "Consequential_Oversimplification_recall": 0.004329004329004329, "Consequential_Oversimplification_f1-score": 0.007092198581560284, "Consequential_Oversimplification_support": 231.0, "micro avg_precision": 0.0196078431372549, "micro avg_recall": 0.004329004329004329, "micro avg_f1-score": 0.007092198581560284, "micro avg_support": 231.0, "macro avg_precision": 0.0196078431372549, "macro avg_recall": 0.004329004329004329, "macro avg_f1-score": 0.007092198581560284, "macro avg_support": 231.0, "weighted avg_precision": 0.0196078431372549, "weighted avg_recall": 0.004329004329004329, "weighted avg_f1-score": 0.007092198581560284, "weighted avg_support": 231.0, "O_support": 973, "B-Consequential_Oversimplification_support": 51, "I-Consequential_Oversimplification_support": 1300, "epoch": 1}, {"micro_f1": 0.819277108433735, "Consequential_Oversimplification_precision": 0.1568627450980392, "Consequential_Oversimplification_recall": 0.049689440993788817, "Consequential_Oversimplification_f1-score": 0.07547169811320754, "Consequential_Oversimplification_support": 161.0, "micro avg_precision": 0.1568627450980392, "micro avg_recall": 0.049689440993788817, "micro avg_f1-score": 0.07547169811320754, "micro avg_support": 161.0, "macro avg_precision": 0.1568627450980392, "macro avg_recall": 0.049689440993788817, "macro avg_f1-score": 0.07547169811320754, "macro avg_support": 161.0, "weighted avg_precision": 0.1568627450980392, "weighted avg_recall": 0.049689440993788817, "weighted avg_f1-score": 0.07547169811320754, "weighted avg_support": 161.0, "O_support": 973, "B-Consequential_Oversimplification_support": 51, "I-Consequential_Oversimplification_support": 1300, "epoch": 2}, {"micro_f1": 0.7934595524956971, "Consequential_Oversimplification_precision": 0.13725490196078433, "Consequential_Oversimplification_recall": 0.05223880597014925, "Consequential_Oversimplification_f1-score": 0.07567567567567568, "Consequential_Oversimplification_support": 134.0, "micro avg_precision": 0.13725490196078433, "micro avg_recall": 0.05223880597014925, "micro avg_f1-score": 0.07567567567567568, "micro avg_support": 134.0, "macro avg_precision": 0.13725490196078433, "macro avg_recall": 0.05223880597014925, "macro avg_f1-score": 0.07567567567567568, "macro avg_support": 134.0, "weighted avg_precision": 0.13725490196078433, "weighted avg_recall": 0.05223880597014925, "weighted avg_f1-score": 0.07567567567567568, "weighted avg_support": 134.0, "O_support": 973, "B-Consequential_Oversimplification_support": 51, "I-Consequential_Oversimplification_support": 1300, "epoch": 3}, {"micro_f1": 0.8545611015490535, "Consequential_Oversimplification_precision": 0.27450980392156865, "Consequential_Oversimplification_recall": 0.15053763440860216, "Consequential_Oversimplification_f1-score": 0.19444444444444448, "Consequential_Oversimplification_support": 93.0, "micro avg_precision": 0.27450980392156865, "micro avg_recall": 0.15053763440860216, "micro avg_f1-score": 0.19444444444444448, "micro avg_support": 93.0, "macro avg_precision": 0.27450980392156865, "macro avg_recall": 0.15053763440860216, "macro avg_f1-score": 0.19444444444444448, "macro avg_support": 93.0, "weighted avg_precision": 0.27450980392156865, "weighted avg_recall": 0.15053763440860216, "weighted avg_f1-score": 0.19444444444444448, "weighted avg_support": 93.0, "O_support": 973, "B-Consequential_Oversimplification_support": 51, "I-Consequential_Oversimplification_support": 1300, "epoch": 4}, {"micro_f1": 0.8313253012048193, "Consequential_Oversimplification_precision": 0.2549019607843137, "Consequential_Oversimplification_recall": 0.11016949152542373, "Consequential_Oversimplification_f1-score": 0.15384615384615385, "Consequential_Oversimplification_support": 118.0, "micro avg_precision": 0.2549019607843137, "micro avg_recall": 0.11016949152542373, "micro avg_f1-score": 0.15384615384615385, "micro avg_support": 118.0, "macro avg_precision": 0.2549019607843137, "macro avg_recall": 0.11016949152542373, "macro avg_f1-score": 0.15384615384615385, "macro avg_support": 118.0, "weighted avg_precision": 0.2549019607843137, "weighted avg_recall": 0.11016949152542373, "weighted avg_f1-score": 0.15384615384615385, "weighted avg_support": 118.0, "O_support": 973, "B-Consequential_Oversimplification_support": 51, "I-Consequential_Oversimplification_support": 1300, "epoch": 5}, {"micro_f1": 0.822289156626506, "Consequential_Oversimplification_precision": 0.13725490196078433, "Consequential_Oversimplification_recall": 0.06796116504854369, "Consequential_Oversimplification_f1-score": 0.0909090909090909, "Consequential_Oversimplification_support": 103.0, "micro avg_precision": 0.13725490196078433, "micro avg_recall": 0.06796116504854369, "micro avg_f1-score": 0.0909090909090909, "micro avg_support": 103.0, "macro avg_precision": 0.13725490196078433, "macro avg_recall": 0.06796116504854369, "macro avg_f1-score": 0.0909090909090909, "macro avg_support": 103.0, "weighted avg_precision": 0.13725490196078433, "weighted avg_recall": 0.06796116504854369, "weighted avg_f1-score": 0.09090909090909091, "weighted avg_support": 103.0, "O_support": 973, "B-Consequential_Oversimplification_support": 51, "I-Consequential_Oversimplification_support": 1300, "epoch": 6}], "best_epoch": 5, "train_data_path": {"sl": "./data/train_sent_mt/sl/train_gold_sentences_translated_nllb-200-3.3B_eng_Latn-slv_Latn_tok_regex_en-sl/train_gold_sentences_translated_nllb-200-3.3B_eng_Latn-slv_Latn_tok_regex_en-sl_mdeberta-v3-base_mdeberta_xlwa_en-sl_ME3_2024-05-04-12-12-14_ls.json", "ru": "./data/train_sent_mt/ru/train_gold_sentences_translated_nllb-200-3.3B_eng_Latn-rus_Cyrl_tok_regex_en-ru/train_gold_sentences_translated_nllb-200-3.3B_eng_Latn-rus_Cyrl_tok_regex_en-ru_mdeberta-v3-base_mdeberta_xlwa_en-ru_ME3_2024-05-04-12-09-20_ls.json", "pt": "./data/train_sent_mt/pt/train_gold_sentences_translated_nllb-200-3.3B_eng_Latn-por_Latn_tok_regex_en-pt/train_gold_sentences_translated_nllb-200-3.3B_eng_Latn-por_Latn_tok_regex_en-pt_mdeberta-v3-base_mdeberta_xlwa_en-pt_ME3_2024-05-04-12-07-45_ls.json", "it": "./data/train_sent_mt/it/train_gold_sentences_translated_nllb-200-3.3B_eng_Latn-ita_Latn_tok_regex_en-it/train_gold_sentences_translated_nllb-200-3.3B_eng_Latn-ita_Latn_tok_regex_en-it_mdeberta-v3-base_mdeberta_xlwa_en-it_ME3_2024-05-04-12-05-00_ls.json", "es": "./data/train_sent_mt/es/train_gold_sentences_translated_nllb-200-3.3B_eng_Latn-spa_Latn_tok_regex_en-es/train_gold_sentences_translated_nllb-200-3.3B_eng_Latn-spa_Latn_tok_regex_en-es_mdeberta-v3-base_mdeberta_xlwa_en-es_ME3_2024-05-04-12-01-43_ls.json", "bg": "./data/train_sent_mt/bg/train_gold_sentences_translated_nllb-200-3.3B_eng_Latn-bul_Cyrl_tok_regex_en-bg/train_gold_sentences_translated_nllb-200-3.3B_eng_Latn-bul_Cyrl_tok_regex_en-bg_mdeberta-v3-base_mdeberta_xlwa_en-bg_ME3_2024-05-04-11-58-52_ls.json"}}