{"micro_f1": 0.8316562415012239, "Causal_Oversimplification_precision": 0.5113636363636364, "Causal_Oversimplification_recall": 0.3409090909090909, "Causal_Oversimplification_f1-score": 0.40909090909090906, "Causal_Oversimplification_support": 132.0, "micro avg_precision": 0.5113636363636364, "micro avg_recall": 0.3409090909090909, "micro avg_f1-score": 0.40909090909090906, "micro avg_support": 132.0, "macro avg_precision": 0.5113636363636364, "macro avg_recall": 0.3409090909090909, "macro avg_f1-score": 0.40909090909090906, "macro avg_support": 132.0, "weighted avg_precision": 0.5113636363636364, "weighted avg_recall": 0.3409090909090909, "weighted avg_f1-score": 0.40909090909090906, "weighted avg_support": 132.0, "B-Causal_Oversimplification_support": 88, "I-Causal_Oversimplification_support": 1886, "O_support": 1703}