{"micro_f1": 0.7342268041237112, "Appeal_to_Authority_precision": 0.36752136752136755, "Appeal_to_Authority_recall": 0.2471264367816092, "Appeal_to_Authority_f1-score": 0.29553264604810997, "Appeal_to_Authority_support": 174.0, "micro avg_precision": 0.36752136752136755, "micro avg_recall": 0.2471264367816092, "micro avg_f1-score": 0.29553264604810997, "micro avg_support": 174.0, "macro avg_precision": 0.36752136752136755, "macro avg_recall": 0.2471264367816092, "macro avg_f1-score": 0.29553264604810997, "macro avg_support": 174.0, "weighted avg_precision": 0.36752136752136755, "weighted avg_recall": 0.2471264367816092, "weighted avg_f1-score": 0.29553264604810997, "weighted avg_support": 174.0, "O_support": 2805, "B-Appeal_to_Authority_support": 117, "I-Appeal_to_Authority_support": 1928}