{"micro_f1": 0.8025291828793775, "Whataboutism_precision": 0.4782608695652174, "Whataboutism_recall": 0.2972972972972973, "Whataboutism_f1-score": 0.3666666666666667, "Whataboutism_support": 37.0, "micro avg_precision": 0.4782608695652174, "micro avg_recall": 0.2972972972972973, "micro avg_f1-score": 0.3666666666666667, "micro avg_support": 37.0, "macro avg_precision": 0.4782608695652174, "macro avg_recall": 0.2972972972972973, "macro avg_f1-score": 0.3666666666666667, "macro avg_support": 37.0, "weighted avg_precision": 0.4782608695652174, "weighted avg_recall": 0.2972972972972973, "weighted avg_f1-score": 0.3666666666666667, "weighted avg_support": 37.0, "B-Whataboutism_support": 23, "I-Whataboutism_support": 593, "O_support": 412}