{"results": [{"micro_f1": 0.7224427797148479, "Doubt_precision": 0.2200557103064067, "Doubt_recall": 0.11924528301886793, "Doubt_f1-score": 0.15467449828683308, "Doubt_support": 1325.0, "micro avg_precision": 0.2200557103064067, "micro avg_recall": 0.11924528301886793, "micro avg_f1-score": 0.15467449828683308, "micro avg_support": 1325.0, "macro avg_precision": 0.2200557103064067, "macro avg_recall": 0.11924528301886793, "macro avg_f1-score": 0.15467449828683308, "macro avg_support": 1325.0, "weighted avg_precision": 0.2200557103064067, "weighted avg_recall": 0.11924528301886793, "weighted avg_f1-score": 0.15467449828683308, "weighted avg_support": 1325.0, "O_support": 16540, "B-Doubt_support": 718, "I-Doubt_support": 11709, "epoch": 0}, {"micro_f1": 0.7443297545482791, "Doubt_precision": 0.30919220055710306, "Doubt_recall": 0.193717277486911, "Doubt_f1-score": 0.23819742489270387, "Doubt_support": 1146.0, "micro avg_precision": 0.30919220055710306, "micro avg_recall": 0.193717277486911, "micro avg_f1-score": 0.23819742489270387, "micro avg_support": 1146.0, "macro avg_precision": 0.30919220055710306, "macro avg_recall": 0.193717277486911, "macro avg_f1-score": 0.23819742489270387, "macro avg_support": 1146.0, "weighted avg_precision": 0.30919220055710306, "weighted avg_recall": 0.193717277486911, "weighted avg_f1-score": 0.23819742489270385, "weighted avg_support": 1146.0, "O_support": 16540, "B-Doubt_support": 718, "I-Doubt_support": 11709, "epoch": 1}, {"micro_f1": 0.7061828977802327, "Doubt_precision": 0.16016713091922005, "Doubt_recall": 0.12169312169312169, "Doubt_f1-score": 0.13830426939266388, "Doubt_support": 945.0, "micro avg_precision": 0.16016713091922005, "micro avg_recall": 0.12169312169312169, "micro avg_f1-score": 0.13830426939266388, "micro avg_support": 945.0, "macro avg_precision": 0.16016713091922005, "macro avg_recall": 0.12169312169312169, "macro avg_f1-score": 0.13830426939266388, "macro avg_support": 945.0, "weighted avg_precision": 0.16016713091922005, "weighted avg_recall": 0.12169312169312169, "weighted avg_f1-score": 0.13830426939266388, "weighted avg_support": 945.0, "O_support": 16540, "B-Doubt_support": 718, "I-Doubt_support": 11709, "epoch": 2}], "best_epoch": 2, "train_data_path": "./data/formatted/train_sentences_ls.json"}