{
    "micro_f1": 0.6440055121727147,
    "Appeal_to_Authority_precision": 0.10810810810810811,
    "Appeal_to_Authority_recall": 0.049079754601226995,
    "Appeal_to_Authority_f1-score": 0.06751054852320676,
    "Appeal_to_Authority_support": 163,
    "micro avg_precision": 0.10810810810810811,
    "micro avg_recall": 0.049079754601226995,
    "micro avg_f1-score": 0.06751054852320676,
    "micro avg_support": 163,
    "macro avg_precision": 0.10810810810810811,
    "macro avg_recall": 0.049079754601226995,
    "macro avg_f1-score": 0.06751054852320676,
    "macro avg_support": 163,
    "weighted avg_precision": 0.1081081081081081,
    "weighted avg_recall": 0.049079754601226995,
    "weighted avg_f1-score": 0.06751054852320676,
    "weighted avg_support": 163,
    "B-Appeal_to_Authority_support": 74,
    "I-Appeal_to_Authority_support": 1088,
    "O_support": 1015,
    "train_data_path": "/home/pgajo/checkthat24/checkthat24_DIT/data/train_gold/train_gold_sentences.json"
}