{
    "0": {"precision": 0.750122970978849, "recall": 0.6265406737880033, "f1-score": 0.682784866800985, "support": 2434},
    "1": {"precision": 0.8352664008698804, "recall": 0.9007230799296463, "f1-score": 0.8667606958157029, "support": 5117},
    "accuracy": 0.8123427360614488,
    "macro avg": {"precision": 0.7926946859243647, "recall": 0.7636318768588248, "f1-score": 0.774772781308344, "support": 7551},
    "weighted avg": {"precision": 0.8078211474789692, "recall": 0.8123427360614488, "f1-score": 0.8074576673662495, "support": 7551},
    "train_data_path": "/home/pgajo/checkthat24/checkthat24_DIT/data/train_gold/train_gold_sentences_mine.json"
}