{"micro_f1": 0.8308463511307997, "Appeal_to_Fear-Prejudice_precision": 0.4098360655737705, "Appeal_to_Fear-Prejudice_recall": 0.31512605042016806, "Appeal_to_Fear-Prejudice_f1-score": 0.3562945368171021, "Appeal_to_Fear-Prejudice_support": 238.0, "micro avg_precision": 0.4098360655737705, "micro avg_recall": 0.31512605042016806, "micro avg_f1-score": 0.3562945368171021, "micro avg_support": 238.0, "macro avg_precision": 0.4098360655737705, "macro avg_recall": 0.31512605042016806, "macro avg_f1-score": 0.3562945368171021, "macro avg_support": 238.0, "weighted avg_precision": 0.4098360655737705, "weighted avg_recall": 0.31512605042016806, "weighted avg_f1-score": 0.3562945368171021, "weighted avg_support": 238.0, "O_support": 5654, "B-Appeal_to_Fear-Prejudice_support": 183, "I-Appeal_to_Fear-Prejudice_support": 2741}