{"results": [{"micro_f1": 0.9033683048039757, "Slogans_precision": 0.36082474226804123, "Slogans_recall": 0.20114942528735633, "Slogans_f1-score": 0.25830258302583026, "Slogans_support": 174.0, "micro avg_precision": 0.36082474226804123, "micro avg_recall": 0.20114942528735633, "micro avg_f1-score": 0.25830258302583026, "micro avg_support": 174.0, "macro avg_precision": 0.36082474226804123, "macro avg_recall": 0.20114942528735633, "macro avg_f1-score": 0.25830258302583026, "macro avg_support": 174.0, "weighted avg_precision": 0.36082474226804123, "weighted avg_recall": 0.20114942528735633, "weighted avg_f1-score": 0.25830258302583026, "weighted avg_support": 174.0, "O_support": 2966, "B-Slogans_support": 97, "I-Slogans_support": 559, "epoch": 0}, {"micro_f1": 0.8926007730535616, "Slogans_precision": 0.28865979381443296, "Slogans_recall": 0.2978723404255319, "Slogans_f1-score": 0.2931937172774869, "Slogans_support": 94.0, "micro avg_precision": 0.28865979381443296, "micro avg_recall": 0.2978723404255319, "micro avg_f1-score": 0.2931937172774869, "micro avg_support": 94.0, "macro avg_precision": 0.28865979381443296, "macro avg_recall": 0.2978723404255319, "macro avg_f1-score": 0.2931937172774869, "macro avg_support": 94.0, "weighted avg_precision": 0.28865979381443296, "weighted avg_recall": 0.2978723404255319, "weighted avg_f1-score": 0.2931937172774869, "weighted avg_support": 94.0, "O_support": 2966, "B-Slogans_support": 97, "I-Slogans_support": 559, "epoch": 1}, {"micro_f1": 0.8992269464384318, "Slogans_precision": 0.4742268041237113, "Slogans_recall": 0.3194444444444444, "Slogans_f1-score": 0.3817427385892116, "Slogans_support": 144.0, "micro avg_precision": 0.4742268041237113, "micro avg_recall": 0.3194444444444444, "micro avg_f1-score": 0.3817427385892116, "micro avg_support": 144.0, "macro avg_precision": 0.4742268041237113, "macro avg_recall": 0.3194444444444444, "macro avg_f1-score": 0.3817427385892116, "macro avg_support": 144.0, "weighted avg_precision": 0.4742268041237113, "weighted avg_recall": 0.3194444444444444, "weighted avg_f1-score": 0.3817427385892116, "weighted avg_support": 144.0, "O_support": 2966, "B-Slogans_support": 97, "I-Slogans_support": 559, "epoch": 2}, {"micro_f1": 0.8903920485919381, "Slogans_precision": 0.5154639175257731, "Slogans_recall": 0.33112582781456956, "Slogans_f1-score": 0.40322580645161293, "Slogans_support": 151.0, "micro avg_precision": 0.5154639175257731, "micro avg_recall": 0.33112582781456956, "micro avg_f1-score": 0.40322580645161293, "micro avg_support": 151.0, "macro avg_precision": 0.5154639175257731, "macro avg_recall": 0.33112582781456956, "macro avg_f1-score": 0.40322580645161293, "macro avg_support": 151.0, "weighted avg_precision": 0.5154639175257731, "weighted avg_recall": 0.33112582781456956, "weighted avg_f1-score": 0.40322580645161293, "weighted avg_support": 151.0, "O_support": 2966, "B-Slogans_support": 97, "I-Slogans_support": 559, "epoch": 3}, {"micro_f1": 0.921038100496963, "Slogans_precision": 0.4742268041237113, "Slogans_recall": 0.42990654205607476, "Slogans_f1-score": 0.45098039215686275, "Slogans_support": 107.0, "micro avg_precision": 0.4742268041237113, "micro avg_recall": 0.42990654205607476, "micro avg_f1-score": 0.45098039215686275, "micro avg_support": 107.0, "macro avg_precision": 0.4742268041237113, "macro avg_recall": 0.42990654205607476, "macro avg_f1-score": 0.45098039215686275, "macro avg_support": 107.0, "weighted avg_precision": 0.4742268041237113, "weighted avg_recall": 0.42990654205607476, "weighted avg_f1-score": 0.45098039215686275, "weighted avg_support": 107.0, "O_support": 2966, "B-Slogans_support": 97, "I-Slogans_support": 559, "epoch": 4}, {"micro_f1": 0.8917725013804528, "Slogans_precision": 0.5257731958762887, "Slogans_recall": 0.3923076923076923, "Slogans_f1-score": 0.44933920704845814, "Slogans_support": 130.0, "micro avg_precision": 0.5257731958762887, "micro avg_recall": 0.3923076923076923, "micro avg_f1-score": 0.44933920704845814, "micro avg_support": 130.0, "macro avg_precision": 0.5257731958762887, "macro avg_recall": 0.3923076923076923, "macro avg_f1-score": 0.44933920704845814, "macro avg_support": 130.0, "weighted avg_precision": 0.5257731958762887, "weighted avg_recall": 0.3923076923076923, "weighted avg_f1-score": 0.44933920704845814, "weighted avg_support": 130.0, "O_support": 2966, "B-Slogans_support": 97, "I-Slogans_support": 559, "epoch": 5}, {"micro_f1": 0.9122032026504694, "Slogans_precision": 0.4845360824742268, "Slogans_recall": 0.47474747474747475, "Slogans_f1-score": 0.4795918367346939, "Slogans_support": 99.0, "micro avg_precision": 0.4845360824742268, "micro avg_recall": 0.47474747474747475, "micro avg_f1-score": 0.4795918367346939, "micro avg_support": 99.0, "macro avg_precision": 0.4845360824742268, "macro avg_recall": 0.47474747474747475, "macro avg_f1-score": 0.4795918367346939, "macro avg_support": 99.0, "weighted avg_precision": 0.48453608247422675, "weighted avg_recall": 0.47474747474747475, "weighted avg_f1-score": 0.4795918367346939, "weighted avg_support": 99.0, "O_support": 2966, "B-Slogans_support": 97, "I-Slogans_support": 559, "epoch": 6}, {"micro_f1": 0.9168967421314191, "Slogans_precision": 0.4948453608247423, "Slogans_recall": 0.4444444444444444, "Slogans_f1-score": 0.46829268292682924, "Slogans_support": 108.0, "micro avg_precision": 0.4948453608247423, "micro avg_recall": 0.4444444444444444, "micro avg_f1-score": 0.46829268292682924, "micro avg_support": 108.0, "macro avg_precision": 0.4948453608247423, "macro avg_recall": 0.4444444444444444, "macro avg_f1-score": 0.46829268292682924, "macro avg_support": 108.0, "weighted avg_precision": 0.4948453608247423, "weighted avg_recall": 0.4444444444444444, "weighted avg_f1-score": 0.46829268292682924, "weighted avg_support": 108.0, "O_support": 2966, "B-Slogans_support": 97, "I-Slogans_support": 559, "epoch": 7}, {"micro_f1": 0.8763114301490889, "Slogans_precision": 0.4742268041237113, "Slogans_recall": 0.2804878048780488, "Slogans_f1-score": 0.35249042145593873, "Slogans_support": 164.0, "micro avg_precision": 0.4742268041237113, "micro avg_recall": 0.2804878048780488, "micro avg_f1-score": 0.35249042145593873, "micro avg_support": 164.0, "macro avg_precision": 0.4742268041237113, "macro avg_recall": 0.2804878048780488, "macro avg_f1-score": 0.35249042145593873, "macro avg_support": 164.0, "weighted avg_precision": 0.4742268041237113, "weighted avg_recall": 0.2804878048780488, "weighted avg_f1-score": 0.35249042145593873, "weighted avg_support": 164.0, "O_support": 2966, "B-Slogans_support": 97, "I-Slogans_support": 559, "epoch": 8}], "best_epoch": 7, "train_data_path": {"sl": "./data/train_sent_mt/sl/train_gold_sentences_translated_nllb-200-3.3B_eng_Latn-slv_Latn_tok_regex_en-sl/train_gold_sentences_translated_nllb-200-3.3B_eng_Latn-slv_Latn_tok_regex_en-sl_mdeberta-v3-base_mdeberta_xlwa_en-sl_ME3_2024-05-04-12-12-14_ls.json", "ru": "./data/train_sent_mt/ru/train_gold_sentences_translated_nllb-200-3.3B_eng_Latn-rus_Cyrl_tok_regex_en-ru/train_gold_sentences_translated_nllb-200-3.3B_eng_Latn-rus_Cyrl_tok_regex_en-ru_mdeberta-v3-base_mdeberta_xlwa_en-ru_ME3_2024-05-04-12-09-20_ls.json", "pt": "./data/train_sent_mt/pt/train_gold_sentences_translated_nllb-200-3.3B_eng_Latn-por_Latn_tok_regex_en-pt/train_gold_sentences_translated_nllb-200-3.3B_eng_Latn-por_Latn_tok_regex_en-pt_mdeberta-v3-base_mdeberta_xlwa_en-pt_ME3_2024-05-04-12-07-45_ls.json", "it": "./data/train_sent_mt/it/train_gold_sentences_translated_nllb-200-3.3B_eng_Latn-ita_Latn_tok_regex_en-it/train_gold_sentences_translated_nllb-200-3.3B_eng_Latn-ita_Latn_tok_regex_en-it_mdeberta-v3-base_mdeberta_xlwa_en-it_ME3_2024-05-04-12-05-00_ls.json", "es": "./data/train_sent_mt/es/train_gold_sentences_translated_nllb-200-3.3B_eng_Latn-spa_Latn_tok_regex_en-es/train_gold_sentences_translated_nllb-200-3.3B_eng_Latn-spa_Latn_tok_regex_en-es_mdeberta-v3-base_mdeberta_xlwa_en-es_ME3_2024-05-04-12-01-43_ls.json",