{"micro_f1": 0.7839792323382162, "Appeal_to_Hypocrisy_precision": 0.2647058823529412, "Appeal_to_Hypocrisy_recall": 0.19148936170212766, "Appeal_to_Hypocrisy_f1-score": 0.22222222222222224, "Appeal_to_Hypocrisy_support": 188.0, "micro avg_precision": 0.2647058823529412, "micro avg_recall": 0.19148936170212766, "micro avg_f1-score": 0.22222222222222224, "micro avg_support": 188.0, "macro avg_precision": 0.2647058823529412, "macro avg_recall": 0.19148936170212766, "macro avg_f1-score": 0.22222222222222224, "macro avg_support": 188.0, "weighted avg_precision": 0.2647058823529412, "weighted avg_recall": 0.19148936170212766, "weighted avg_f1-score": 0.22222222222222224, "weighted avg_support": 188.0, "B-Appeal_to_Hypocrisy_support": 136, "I-Appeal_to_Hypocrisy_support": 2879, "O_support": 2378}