{"results": [{"micro_f1": 0.7446063064724322, "Appeal_to_Hypocrisy_precision": 0.19852941176470587, "Appeal_to_Hypocrisy_recall": 0.1, "Appeal_to_Hypocrisy_f1-score": 0.1330049261083744, "Appeal_to_Hypocrisy_support": 270.0, "micro avg_precision": 0.19852941176470587, "micro avg_recall": 0.1, "micro avg_f1-score": 0.1330049261083744, "micro avg_support": 270.0, "macro avg_precision": 0.19852941176470587, "macro avg_recall": 0.1, "macro avg_f1-score": 0.1330049261083744, "macro avg_support": 270.0, "weighted avg_precision": 0.19852941176470587, "weighted avg_recall": 0.1, "weighted avg_f1-score": 0.1330049261083744, "weighted avg_support": 270.0, "O_support": 2408, "B-Appeal_to_Hypocrisy_support": 136, "I-Appeal_to_Hypocrisy_support": 2879, "epoch": 0}, {"micro_f1": 0.7759542688548774, "Appeal_to_Hypocrisy_precision": 0.2647058823529412, "Appeal_to_Hypocrisy_recall": 0.15126050420168066, "Appeal_to_Hypocrisy_f1-score": 0.1925133689839572, "Appeal_to_Hypocrisy_support": 238.0, "micro avg_precision": 0.2647058823529412, "micro avg_recall": 0.15126050420168066, "micro avg_f1-score": 0.1925133689839572, "micro avg_support": 238.0, "macro avg_precision": 0.2647058823529412, "macro avg_recall": 0.15126050420168066, "macro avg_f1-score": 0.1925133689839572, "macro avg_support": 238.0, "weighted avg_precision": 0.2647058823529412, "weighted avg_recall": 0.15126050420168066, "weighted avg_f1-score": 0.19251336898395718, "weighted avg_support": 238.0, "O_support": 2408, "B-Appeal_to_Hypocrisy_support": 136, "I-Appeal_to_Hypocrisy_support": 2879, "epoch": 1}, {"micro_f1": 0.7789046653144016, "Appeal_to_Hypocrisy_precision": 0.27941176470588236, "Appeal_to_Hypocrisy_recall": 0.17194570135746606, "Appeal_to_Hypocrisy_f1-score": 0.21288515406162464, "Appeal_to_Hypocrisy_support": 221.0, "micro avg_precision": 0.27941176470588236, "micro avg_recall": 0.17194570135746606, "micro avg_f1-score": 0.21288515406162464, "micro avg_support": 221.0, "macro avg_precision": 0.27941176470588236, "macro avg_recall": 0.17194570135746606, "macro avg_f1-score": 0.21288515406162464, "macro avg_support": 221.0, "weighted avg_precision": 0.27941176470588236, "weighted avg_recall": 0.17194570135746606, "weighted avg_f1-score": 0.21288515406162464, "weighted avg_support": 221.0, "O_support": 2408, "B-Appeal_to_Hypocrisy_support": 136, "I-Appeal_to_Hypocrisy_support": 2879, "epoch": 2}, {"micro_f1": 0.7790890650931219, "Appeal_to_Hypocrisy_precision": 0.23529411764705882, "Appeal_to_Hypocrisy_recall": 0.1839080459770115, "Appeal_to_Hypocrisy_f1-score": 0.2064516129032258, "Appeal_to_Hypocrisy_support": 174.0, "micro avg_precision": 0.23529411764705882, "micro avg_recall": 0.1839080459770115, "micro avg_f1-score": 0.2064516129032258, "micro avg_support": 174.0, "macro avg_precision": 0.23529411764705882, "macro avg_recall": 0.1839080459770115, "macro avg_f1-score": 0.2064516129032258, "macro avg_support": 174.0, "weighted avg_precision": 0.2352941176470588, "weighted avg_recall": 0.1839080459770115, "weighted avg_f1-score": 0.2064516129032258, "weighted avg_support": 174.0, "O_support": 2408, "B-Appeal_to_Hypocrisy_support": 136, "I-Appeal_to_Hypocrisy_support": 2879, "epoch": 3}, {"micro_f1": 0.7691314770422275, "Appeal_to_Hypocrisy_precision": 0.23529411764705882, "Appeal_to_Hypocrisy_recall": 0.17679558011049723, "Appeal_to_Hypocrisy_f1-score": 0.20189274447949526, "Appeal_to_Hypocrisy_support": 181.0, "micro avg_precision": 0.23529411764705882, "micro avg_recall": 0.17679558011049723, "micro avg_f1-score": 0.20189274447949526, "micro avg_support": 181.0, "macro avg_precision": 0.23529411764705882, "macro avg_recall": 0.17679558011049723, "macro avg_f1-score": 0.20189274447949526, "macro avg_support": 181.0, "weighted avg_precision": 0.23529411764705882, "weighted avg_recall": 0.17679558011049723, "weighted avg_f1-score": 0.20189274447949526, "weighted avg_support": 181.0, "O_support": 2408, "B-Appeal_to_Hypocrisy_support": 136, "I-Appeal_to_Hypocrisy_support": 2879, "epoch": 4}], "best_epoch": 3, "train_data_path": {"sl": "./data/train_sent_mt/sl/train_gold_sentences_translated_nllb-200-3.3B_eng_Latn-slv_Latn_tok_regex_en-sl/train_gold_sentences_translated_nllb-200-3.3B_eng_Latn-slv_Latn_tok_regex_en-sl_mdeberta-v3-base_mdeberta_xlwa_en-sl_ME3_2024-05-04-12-12-14_ls.json", "ru": "./data/train_sent_mt/ru/train_gold_sentences_translated_nllb-200-3.3B_eng_Latn-rus_Cyrl_tok_regex_en-ru/train_gold_sentences_translated_nllb-200-3.3B_eng_Latn-rus_Cyrl_tok_regex_en-ru_mdeberta-v3-base_mdeberta_xlwa_en-ru_ME3_2024-05-04-12-09-20_ls.json", "pt": "./data/train_sent_mt/pt/train_gold_sentences_translated_nllb-200-3.3B_eng_Latn-por_Latn_tok_regex_en-pt/train_gold_sentences_translated_nllb-200-3.3B_eng_Latn-por_Latn_tok_regex_en-pt_mdeberta-v3-base_mdeberta_xlwa_en-pt_ME3_2024-05-04-12-07-45_ls.json", "it": "./data/train_sent_mt/it/train_gold_sentences_translated_nllb-200-3.3B_eng_Latn-ita_Latn_tok_regex_en-it/train_gold_sentences_translated_nllb-200-3.3B_eng_Latn-ita_Latn_tok_regex_en-it_mdeberta-v3-base_mdeberta_xlwa_en-it_ME3_2024-05-04-12-05-00_ls.json", "es": "./data/train_sent_mt/es/train_gold_sentences_translated_nllb-200-3.3B_eng_Latn-spa_Latn_tok_regex_en-es/train_gold_sentences_translated_nllb-200-3.3B_eng_Latn-spa_Latn_tok_regex_en-es_mdeberta-v3-base_mdeberta_xlwa_en-es_ME3_2024-05-04-12-01-43_ls.json", "bg": "./data/train_sent_mt/bg/train_gold_sentences_translated_nllb-200-3.3B_eng_Latn-bul_Cyrl_tok_regex_en-bg/train_gold_sentences_translated_nllb-200-3.3B_eng_Latn-bul_Cyrl_tok_regex_en-bg_mdeberta-v3-base_mdeberta_xlwa_en-bg_ME3_2024-05-04-11-58-52_ls.json"}}