{"micro_f1": 0.8512793176972281, "Straw_Man_precision": 0.26666666666666666, "Straw_Man_recall": 0.21428571428571427, "Straw_Man_f1-score": 0.23762376237623764, "Straw_Man_support": 56.0, "micro avg_precision": 0.26666666666666666, "micro avg_recall": 0.21428571428571427, "micro avg_f1-score": 0.23762376237623764, "micro avg_support": 56.0, "macro avg_precision": 0.26666666666666666, "macro avg_recall": 0.21428571428571427, "macro avg_f1-score": 0.23762376237623764, "macro avg_support": 56.0, "weighted avg_precision": 0.26666666666666666, "weighted avg_recall": 0.21428571428571427, "weighted avg_f1-score": 0.23762376237623764, "weighted avg_support": 56.0, "B-Straw_Man_support": 45, "I-Straw_Man_support": 728, "O_support": 1103}