{"micro_f1": 0.7481745627440992, "Exaggeration-Minimisation_precision": 0.02512562814070352, "Exaggeration-Minimisation_recall": 0.03546099290780142, "Exaggeration-Minimisation_f1-score": 0.029411764705882353, "Exaggeration-Minimisation_support": 141.0, "micro avg_precision": 0.02512562814070352, "micro avg_recall": 0.03546099290780142, "micro avg_f1-score": 0.029411764705882353, "micro avg_support": 141.0, "macro avg_precision": 0.02512562814070352, "macro avg_recall": 0.03546099290780142, "macro avg_f1-score": 0.029411764705882353, "macro avg_support": 141.0, "weighted avg_precision": 0.02512562814070352, "weighted avg_recall": 0.03546099290780142, "weighted avg_f1-score": 0.029411764705882356, "weighted avg_support": 141.0, "O_support": 4139, "B-Exaggeration-Minimisation_support": 199, "I-Exaggeration-Minimisation_support": 1551, "train_data_path": "/home/pgajo/checkthat24/checkthat24_DIT/data/train_gold/train_gold_sentences.json"}