{"micro_f1": 0.8329955411430889, "Consequential_Oversimplification_precision": 0.37254901960784315, "Consequential_Oversimplification_recall": 0.23170731707317074, "Consequential_Oversimplification_f1-score": 0.28571428571428575, "Consequential_Oversimplification_support": 82.0, "micro avg_precision": 0.37254901960784315, "micro avg_recall": 0.23170731707317074, "micro avg_f1-score": 0.28571428571428575, "micro avg_support": 82.0, "macro avg_precision": 0.37254901960784315, "macro avg_recall": 0.23170731707317074, "macro avg_f1-score": 0.28571428571428575, "macro avg_support": 82.0, "weighted avg_precision": 0.37254901960784315, "weighted avg_recall": 0.23170731707317074, "weighted avg_f1-score": 0.28571428571428575, "weighted avg_support": 82.0, "O_support": 1116, "B-Consequential_Oversimplification_support": 51, "I-Consequential_Oversimplification_support": 1300}