{"results": [{"micro_f1": 0.8914113785557987, "Slogans_precision": 0.28865979381443296, "Slogans_recall": 0.2204724409448819, "Slogans_f1-score": 0.25, "Slogans_support": 127.0, "micro avg_precision": 0.28865979381443296, "micro avg_recall": 0.2204724409448819, "micro avg_f1-score": 0.25, "micro avg_support": 127.0, "macro avg_precision": 0.28865979381443296, "macro avg_recall": 0.2204724409448819, "macro avg_f1-score": 0.25, "macro avg_support": 127.0, "weighted avg_precision": 0.28865979381443296, "weighted avg_recall": 0.2204724409448819, "weighted avg_f1-score": 0.25, "weighted avg_support": 127.0, "O_support": 3000, "B-Slogans_support": 97, "I-Slogans_support": 559, "epoch": 0}, {"micro_f1": 0.9064551422319475, "Slogans_precision": 0.3402061855670103, "Slogans_recall": 0.308411214953271, "Slogans_f1-score": 0.32352941176470584, "Slogans_support": 107.0, "micro avg_precision": 0.3402061855670103, "micro avg_recall": 0.308411214953271, "micro avg_f1-score": 0.32352941176470584, "micro avg_support": 107.0, "macro avg_precision": 0.3402061855670103, "macro avg_recall": 0.308411214953271, "macro avg_f1-score": 0.32352941176470584, "macro avg_support": 107.0, "weighted avg_precision": 0.3402061855670103, "weighted avg_recall": 0.308411214953271, "weighted avg_f1-score": 0.3235294117647058, "weighted avg_support": 107.0, "O_support": 3000, "B-Slogans_support": 97, "I-Slogans_support": 559, "epoch": 1}, {"micro_f1": 0.9053610503282276, "Slogans_precision": 0.44329896907216493, "Slogans_recall": 0.3524590163934426, "Slogans_f1-score": 0.39269406392694056, "Slogans_support": 122.0, "micro avg_precision": 0.44329896907216493, "micro avg_recall": 0.3524590163934426, "micro avg_f1-score": 0.39269406392694056, "micro avg_support": 122.0, "macro avg_precision": 0.44329896907216493, "macro avg_recall": 0.3524590163934426, "macro avg_f1-score": 0.39269406392694056, "macro avg_support": 122.0, "weighted avg_precision": 0.44329896907216493, "weighted avg_recall": 0.3524590163934426, "weighted avg_f1-score": 0.39269406392694056, "weighted avg_support": 122.0, "O_support": 3000, "B-Slogans_support": 97, "I-Slogans_support": 559, "epoch": 2}, {"micro_f1": 0.9061816192560175, "Slogans_precision": 0.422680412371134, "Slogans_recall": 0.3504273504273504, "Slogans_f1-score": 0.383177570093458, "Slogans_support": 117.0, "micro avg_precision": 0.422680412371134, "micro avg_recall": 0.3504273504273504, "micro avg_f1-score": 0.383177570093458, "micro avg_support": 117.0, "macro avg_precision": 0.422680412371134, "macro avg_recall": 0.3504273504273504, "macro avg_f1-score": 0.383177570093458, "macro avg_support": 117.0, "weighted avg_precision": 0.422680412371134, "weighted avg_recall": 0.3504273504273504, "weighted avg_f1-score": 0.383177570093458, "weighted avg_support": 117.0, "O_support": 3000, "B-Slogans_support": 97, "I-Slogans_support": 559, "epoch": 3}], "best_epoch": 3, "train_data_path": "./data/formatted/train_sentences_ls.json"}