{"micro_f1": 0.8139759036144579, "Flag_Waving_precision": 0.2967032967032967, "Flag_Waving_recall": 0.226890756302521, "Flag_Waving_f1-score": 0.2571428571428572, "Flag_Waving_support": 119.0, "micro avg_precision": 0.2967032967032967, "micro avg_recall": 0.226890756302521, "micro avg_f1-score": 0.2571428571428572, "micro avg_support": 119.0, "macro avg_precision": 0.2967032967032967, "macro avg_recall": 0.226890756302521, "macro avg_f1-score": 0.2571428571428572, "macro avg_support": 119.0, "weighted avg_precision": 0.2967032967032967, "weighted avg_recall": 0.226890756302521, "weighted avg_f1-score": 0.2571428571428572, "weighted avg_support": 119.0, "O_support": 3010, "B-Flag_Waving_support": 91, "I-Flag_Waving_support": 1049}