{
    "micro_f1": 0.6933837429111531,
    "Appeal_to_Values_precision": 0.25301204819277107,
    "Appeal_to_Values_recall": 0.12138728323699421,
    "Appeal_to_Values_f1-score": 0.1640625,
    "Appeal_to_Values_support": 173,
    "micro avg_precision": 0.25301204819277107,
    "micro avg_recall": 0.12138728323699421,
    "micro avg_f1-score": 0.1640625,
    "micro avg_support": 173,
    "macro avg_precision": 0.25301204819277107,
    "macro avg_recall": 0.12138728323699421,
    "macro avg_f1-score": 0.1640625,
    "macro avg_support": 173,
    "weighted avg_precision": 0.25301204819277107,
    "weighted avg_recall": 0.12138728323699421,
    "weighted avg_f1-score": 0.1640625,
    "weighted avg_support": 173,
    "O_support": 1430,
    "B-Appeal_to_Values_support": 83,
    "I-Appeal_to_Values_support": 1132,
    "train_data_path": "/home/pgajo/checkthat24/checkthat24_DIT/data/train_gold/train_gold_sentences.json"
}