{"micro_f1": 0.901706812626653, "Loaded_Language_precision": 0.29765013054830286, "Loaded_Language_recall": 0.28125, "Loaded_Language_f1-score": 0.28921775898520086, "Loaded_Language_support": 1216.0, "micro avg_precision": 0.29765013054830286, "micro avg_recall": 0.28125, "micro avg_f1-score": 0.28921775898520086, "micro avg_support": 1216.0, "macro avg_precision": 0.29765013054830286, "macro avg_recall": 0.28125, "macro avg_f1-score": 0.28921775898520086, "macro avg_support": 1216.0, "weighted avg_precision": 0.29765013054830286, "weighted avg_recall": 0.28125, "weighted avg_f1-score": 0.28921775898520086, "weighted avg_support": 1216.0, "O_support": 42244, "B-Loaded_Language_support": 1149, "I-Loaded_Language_support": 4474}