{"0": {"precision": 0.7642919964819701, "recall": 0.6485074626865671, "f1-score": 0.7016552280985063, "support": 4020.0}, "1": {"precision": 0.7131546894031668, "recall": 0.8137595552466991, "f1-score": 0.7601428107757222, "support": 4317.0}, "accuracy": 0.7340770061173084, "macro avg": {"precision": 0.7387233429425685, "recall": 0.7311335089666331, "f1-score": 0.7308990194371143, "support": 8337.0}, "weighted avg": {"precision": 0.7378124769114779, "recall": 0.7340770061173084, "f1-score": 0.7319408097726746, "support": 8337.0}, "macro-f1": 0.7308990194371143}