{"0": {"precision": 0.0, "recall": 0.0, "f1-score": 0.0, "support": 6519.0}, "1": {"precision": 0.50501138952164, "recall": 1.0, "f1-score": 0.6711064023005903, "support": 6651.0}, "accuracy": 0.50501138952164, "macro avg": {"precision": 0.25250569476082, "recall": 0.5, "f1-score": 0.33555320115029513, "support": 13170.0}, "weighted avg": {"precision": 0.2550365035465777, "recall": 0.50501138952164, "f1-score": 0.3389163767426899, "support": 13170.0}, "macro-f1": 0.33555320115029513}