{"results": [{"micro_f1": 0.6466889369227746, "precision": 0.6466889369227746, "Appeal_to_Authority_precision": 0.0, "Appeal_to_Authority_recall": 0.0, "Appeal_to_Authority_f1-score": 0.0, "Appeal_to_Authority_support": 60.0, "micro avg_precision": 0.0, "micro avg_recall": 0.0, "micro avg_f1-score": 0.0, "micro avg_support": 60.0, "macro avg_precision": 0.0, "macro avg_recall": 0.0, "macro avg_f1-score": 0.0, "macro avg_support": 60.0, "weighted avg_precision": 0.0, "weighted avg_recall": 0.0, "weighted avg_f1-score": 0.0, "weighted avg_support": 60.0, "O_support": 3044, "B-Appeal_to_Authority_support": 117, "I-Appeal_to_Authority_support": 1928, "epoch": 0}, {"micro_f1": 0.7695028492827668, "precision": 0.7695028492827668, "Appeal_to_Authority_precision": 0.13675213675213677, "Appeal_to_Authority_recall": 0.08205128205128205, "Appeal_to_Authority_f1-score": 0.10256410256410259, "Appeal_to_Authority_support": 195.0, "micro avg_precision": 0.13675213675213677, "micro avg_recall": 0.08205128205128205, "micro avg_f1-score": 0.10256410256410259, "micro avg_support": 195.0, "macro avg_precision": 0.13675213675213677, "macro avg_recall": 0.08205128205128205, "macro avg_f1-score": 0.10256410256410259, "macro avg_support": 195.0, "weighted avg_precision": 0.13675213675213677, "weighted avg_recall": 0.08205128205128205, "weighted avg_f1-score": 0.10256410256410259, "weighted avg_support": 195.0, "O_support": 3044, "B-Appeal_to_Authority_support": 117, "I-Appeal_to_Authority_support": 1928, "epoch": 1}, {"micro_f1": 0.7663588131263509, "precision": 0.7663588131263509, "Appeal_to_Authority_precision": 0.1794871794871795, "Appeal_to_Authority_recall": 0.12727272727272726, "Appeal_to_Authority_f1-score": 0.14893617021276595, "Appeal_to_Authority_support": 165.0, "micro avg_precision": 0.1794871794871795, "micro avg_recall": 0.12727272727272726, "micro avg_f1-score": 0.14893617021276595, "micro avg_support": 165.0, "macro avg_precision": 0.1794871794871795, "macro avg_recall": 0.12727272727272726, "macro avg_f1-score": 0.14893617021276595, "macro avg_support": 165.0, "weighted avg_precision": 0.1794871794871795, "weighted avg_recall": 0.12727272727272726, "weighted avg_f1-score": 0.14893617021276595, "weighted avg_support": 165.0, "O_support": 3044, "B-Appeal_to_Authority_support": 117, "I-Appeal_to_Authority_support": 1928, "epoch": 2}, {"micro_f1": 0.7453330713303203, "precision": 0.7453330713303203, "Appeal_to_Authority_precision": 0.23931623931623933, "Appeal_to_Authority_recall": 0.13658536585365855, "Appeal_to_Authority_f1-score": 0.1739130434782609, "Appeal_to_Authority_support": 205.0, "micro avg_precision": 0.23931623931623933, "micro avg_recall": 0.13658536585365855, "micro avg_f1-score": 0.1739130434782609, "micro avg_support": 205.0, "macro avg_precision": 0.23931623931623933, "macro avg_recall": 0.13658536585365855, "macro avg_f1-score": 0.1739130434782609, "macro avg_support": 205.0, "weighted avg_precision": 0.23931623931623933, "weighted avg_recall": 0.13658536585365855, "weighted avg_f1-score": 0.1739130434782609, "weighted avg_support": 205.0, "O_support": 3044, "B-Appeal_to_Authority_support": 117, "I-Appeal_to_Authority_support": 1928, "epoch": 3}, {"micro_f1": 0.780899980349774, "precision": 0.780899980349774, "Appeal_to_Authority_precision": 0.26495726495726496, "Appeal_to_Authority_recall": 0.20261437908496732, "Appeal_to_Authority_f1-score": 0.22962962962962966, "Appeal_to_Authority_support": 153.0, "micro avg_precision": 0.26495726495726496, "micro avg_recall": 0.20261437908496732, "micro avg_f1-score": 0.22962962962962966, "micro avg_support": 153.0, "macro avg_precision": 0.26495726495726496, "macro avg_recall": 0.20261437908496732, "macro avg_f1-score": 0.22962962962962966, "macro avg_support": 153.0, "weighted avg_precision": 0.26495726495726496, "weighted avg_recall": 0.20261437908496732, "weighted avg_f1-score": 0.22962962962962968, "weighted avg_support": 153.0, "O_support": 3044, "B-Appeal_to_Authority_support": 117, "I-Appeal_to_Authority_support": 1928, "epoch": 4}, {"micro_f1": 0.7264688543918255, "precision": 0.7264688543918255, "Appeal_to_Authority_precision": 0.24786324786324787, "Appeal_to_Authority_recall": 0.14146341463414633, "Appeal_to_Authority_f1-score": 0.18012422360248448, "Appeal_to_Authority_support": 205.0, "micro avg_precision": 0.24786324786324787, "micro avg_recall": 0.14146341463414633, "micro avg_f1-score": 0.18012422360248448, "micro avg_support": 205.0, "macro avg_precision": 0.24786324786324787, "macro avg_recall": 0.14146341463414633, "macro avg_f1-score": 0.18012422360248448, "macro avg_support": 205.0, "weighted avg_precision": 0.24786324786324787, "weighted avg_recall": 0.14146341463414633, "weighted avg_f1-score": 0.18012422360248448, "weighted avg_support": 205.0, "O_support": 3044, "B-Appeal_to_Authority_support": 117, "I-Appeal_to_Authority_support": 1928, "epoch": 5}, {"micro_f1": 0.7681273334643348, "precision": 0.7681273334643348, "Appeal_to_Authority_precision": 0.2564102564102564, "Appeal_to_Authority_recall": 0.1724137931034483, "Appeal_to_Authority_f1-score": 0.2061855670103093, "Appeal_to_Authority_support": 174.0, "micro avg_precision": 0.2564102564102564, "micro avg_recall": 0.1724137931034483, "micro avg_f1-score": 0.2061855670103093, "micro avg_support": 174.0, "macro avg_precision": 0.2564102564102564, "macro avg_recall": 0.1724137931034483, "macro avg_f1-score": 0.2061855670103093, "macro avg_support": 174.0, "weighted avg_precision": 0.2564102564102564, "weighted avg_recall": 0.1724137931034483, "weighted avg_f1-score": 0.20618556701030927, "weighted avg_support": 174.0, "O_support": 3044, "B-Appeal_to_Authority_support": 117, "I-Appeal_to_Authority_support": 1928, "epoch": 6}], "best_epoch": 5, "train_data_path": {"sl": "./data/train_sent_mt/sl/train_gold_sentences_translated_nllb-200-3.3B_eng_Latn-slv_Latn_tok_regex_en-sl/train_gold_sentences_translated_nllb-200-3.3B_eng_Latn-slv_Latn_tok_regex_en-sl_mdeberta-v3-base_mdeberta_xlwa_en-sl_ME3_2024-05-04-12-12-14_ls.json", "ru": "./data/train_sent_mt/ru/train_gold_sentences_translated_nllb-200-3.3B_eng_Latn-rus_Cyrl_tok_regex_en-ru/train_gold_sentences_translated_nllb-200-3.3B_eng_Latn-rus_Cyrl_tok_regex_en-ru_mdeberta-v3-base_mdeberta_xlwa_en-ru_ME3_2024-05-04-12-09-20_ls.json", "pt": "./data/train_sent_mt/pt/train_gold_sentences_translated_nllb-200-3.3B_eng_Latn-por_Latn_tok_regex_en-pt/train_gold_sentences_translated_nllb-200-3.3B_eng_Latn-por_Latn_tok_regex_en-pt_mdeberta-v3-base_mdeberta_xlwa_en-pt_ME3_2024-05-04-12-07-45_ls.json", "it": "./data/train_sent_mt/it/train_gold_sentences_translated_nllb-200-3.3B_eng_Latn-ita_Latn_tok_regex_en-it/train_gold_sentences_translated_nllb-200-3.3B_eng_Latn-ita_Latn_tok_regex_en-it_mdeberta-v3-base_mdeberta_xlwa_en-it_ME3_2024-05-04-12-05-00_ls.json", "es": "./data/train_sent_mt/es/train_gold_sentences_translated_nllb-200-3.3B_eng_Latn-spa_Latn_tok_regex_en-es/train_gold_sentences_translated_nllb-200-3.3B_eng_Latn-spa_Latn_tok_regex_en-es_mdeberta-v3-base_mdeberta_xlwa_en-es_ME3_2024-05-04-12-01-43_ls.json", "bg": "./data/train_sent_mt/bg/train_gold_sentences_translated_nllb-200-3.3B_eng_Latn-bul_Cyrl_tok_regex_en-bg/train_gold_sentences_translated_nllb-200-3.3B_eng_Latn-bul_Cyrl_tok_regex_en-bg_mdeberta-v3-base_mdeberta_xlwa_en-bg_ME3_2024-05-04-11-58-52_ls.json"}}