{"micro_f1": 0.7533449680046539, "Straw_Man_precision": 0.28888888888888886, "Straw_Man_recall": 0.19696969696969696, "Straw_Man_f1-score": 0.2342342342342342, "Straw_Man_support": 66.0, "micro avg_precision": 0.28888888888888886, "micro avg_recall": 0.19696969696969696, "micro avg_f1-score": 0.2342342342342342, "micro avg_support": 66.0, "macro avg_precision": 0.28888888888888886, "macro avg_recall": 0.19696969696969696, "macro avg_f1-score": 0.2342342342342342, "macro avg_support": 66.0, "weighted avg_precision": 0.28888888888888886, "weighted avg_recall": 0.19696969696969696, "weighted avg_f1-score": 0.2342342342342342, "weighted avg_support": 66.0, "O_support": 946, "B-Straw_Man_support": 45, "I-Straw_Man_support": 728}