{
    "0": {"precision": 0, "recall": 0, "f1-score": 0, "support": 2458},
    "1": {"precision": 0.6606847045831032, "recall": 1, "f1-score": 0.7956774729842061, "support": 4786},
    "accuracy": 0.6606847045831032,
    "macro avg": {"precision": 0.3303423522915516, "recall": 0.5, "f1-score": 0.39783873649210305, "support": 7244},
    "weighted avg": {"precision": 0.4365042788700624, "recall": 0.6606847045831032, "f1-score": 0.5256919361820004, "support": 7244},
    "train_data_path": "/home/pgajo/checkthat24/checkthat24_DIT/data/train_gold/train_gold_sentences.json"
}