{"micro_f1": 0.9223166756076425, "Loaded_Language_precision": 0.40034812880765885, "Loaded_Language_recall": 0.4453049370764763, "Loaded_Language_f1-score": 0.4216315307057746, "Loaded_Language_support": 1033.0, "micro avg_precision": 0.40034812880765885, "micro avg_recall": 0.4453049370764763, "micro avg_f1-score": 0.4216315307057746, "micro avg_support": 1033.0, "macro avg_precision": 0.40034812880765885, "macro avg_recall": 0.4453049370764763, "macro avg_f1-score": 0.4216315307057746, "macro avg_support": 1033.0, "weighted avg_precision": 0.40034812880765885, "weighted avg_recall": 0.4453049370764763, "weighted avg_f1-score": 0.4216315307057746, "weighted avg_support": 1033.0, "O_support": 42843, "B-Loaded_Language_support": 1149, "I-Loaded_Language_support": 4474}