{
    "micro_f1": 0.661925601750547,
    "Straw_Man_precision": 0.06451612903225806,
    "Straw_Man_recall": 0.029850746268656716,
    "Straw_Man_f1-score": 0.04081632653061224,
    "Straw_Man_support": 67,
    "micro avg_precision": 0.06451612903225806,
    "micro avg_recall": 0.029850746268656716,
    "micro avg_f1-score": 0.04081632653061224,
    "micro avg_support": 67,
    "macro avg_precision": 0.06451612903225806,
    "macro avg_recall": 0.029850746268656716,
    "macro avg_f1-score": 0.04081632653061224,
    "macro avg_support": 67,
    "weighted avg_precision": 0.06451612903225806,
    "weighted avg_recall": 0.029850746268656716,
    "weighted avg_f1-score": 0.04081632653061224,
    "weighted avg_support": 67,
    "B-Straw_Man_support": 31,
    "I-Straw_Man_support": 497,
    "O_support": 386,
    "train_data_path": "/home/pgajo/checkthat24/checkthat24_DIT/data/train_gold/train_gold_sentences.json"
}