{
    "micro_f1": 0.6857868020304568,
    "Causal_Oversimplification_precision": 0.038461538461538464,
    "Causal_Oversimplification_recall": 0.0125,
    "Causal_Oversimplification_f1-score": 0.01886792452830189,
    "Causal_Oversimplification_support": 160,
    "micro avg_precision": 0.038461538461538464,
    "micro avg_recall": 0.0125,
    "micro avg_f1-score": 0.01886792452830189,
    "micro avg_support": 160,
    "macro avg_precision": 0.038461538461538464,
    "macro avg_recall": 0.0125,
    "macro avg_f1-score": 0.01886792452830189,
    "macro avg_support": 160,
    "weighted avg_precision": 0.038461538461538464,
    "weighted avg_recall": 0.0125,
    "weighted avg_f1-score": 0.01886792452830189,
    "weighted avg_support": 160,
    "B-Causal_Oversimplification_support": 52,
    "I-Causal_Oversimplification_support": 1029,
    "O_support": 889,
    "train_data_path": "/home/pgajo/checkthat24/checkthat24_DIT/data/train_gold/train_gold_sentences.json"
}