{"micro_f1": 0.7740335271980843, "Doubt_precision": 0.38579387186629527, "Doubt_recall": 0.2882414151925078, "Doubt_f1-score": 0.32995830851697433, "Doubt_support": 961.0, "micro avg_precision": 0.38579387186629527, "micro avg_recall": 0.2882414151925078, "micro avg_f1-score": 0.32995830851697433, "micro avg_support": 961.0, "macro avg_precision": 0.38579387186629527, "macro avg_recall": 0.2882414151925078, "macro avg_f1-score": 0.32995830851697433, "macro avg_support": 961.0, "weighted avg_precision": 0.38579387186629527, "weighted avg_recall": 0.2882414151925078, "weighted avg_f1-score": 0.32995830851697433, "weighted avg_support": 961.0, "O_support": 16803, "B-Doubt_support": 718, "I-Doubt_support": 11709}