{"micro_f1": 0.9253177966101694, "Slogans_precision": 0.5979381443298969, "Slogans_recall": 0.5979381443298969, "Slogans_f1-score": 0.5979381443298969, "Slogans_support": 97.0, "micro avg_precision": 0.5979381443298969, "micro avg_recall": 0.5979381443298969, "micro avg_f1-score": 0.5979381443298969, "micro avg_support": 97.0, "macro avg_precision": 0.5979381443298969, "macro avg_recall": 0.5979381443298969, "macro avg_f1-score": 0.5979381443298969, "macro avg_support": 97.0, "weighted avg_precision": 0.5979381443298969, "weighted avg_recall": 0.5979381443298969, "weighted avg_f1-score": 0.5979381443298969, "weighted avg_support": 97.0, "O_support": 3120, "B-Slogans_support": 97, "I-Slogans_support": 559}