{
  "language": "en",
  "metrics": {
    "-100": {
      "precision": 0.0,
      "recall": 0.0,
      "f1-score": 0.0,
      "support": 21986331.0
    },
    "0": {
      "precision": 0.0807194364104001,
      "recall": 0.9906890963074565,
      "f1-score": 0.1492761408367934,
      "support": 1744299.0
    },
    "1": {
      "precision": 0.0020162139599361247,
      "recall": 0.8317535545023697,
      "f1-score": 0.00402267674182285,
      "support": 1266.0
    },
    "2": {
      "precision": 0.0041395823181881964,
      "recall": 0.8654423654423654,
      "f1-score": 0.00823975226859855,
      "support": 8658.0
    },
    "accuracy": 0.07314926180745403,
    "macro avg": {
      "precision": 0.021718808172131104,
      "recall": 0.6719712540630479,
      "f1-score": 0.0403846424618037,
      "support": 23740554.0
    },
    "weighted avg": {
      "precision": 0.005932347882101177,
      "recall": 0.07314926180745403,
      "f1-score": 0.01097104371150625,
      "support": 23740554.0
    }
  },
  "total_predictions": 23740554,
  "total_labels": 23740554,
  "timestamp": "2025-01-17-20-03-59"
}