{
  "language": "po",
  "metrics": {
    "-100": {
      "precision": 0.0,
      "recall": 0.0,
      "f1-score": 0.0,
      "support": 7004315.0
    },
    "0": {
      "precision": 0.07407102022867194,
      "recall": 0.9277765428188669,
      "f1-score": 0.13718924436324192,
      "support": 508339.0
    },
    "1": {
      "precision": 0.0016459295835472227,
      "recall": 0.6755852842809364,
      "f1-score": 0.0032838586965356917,
      "support": 598.0
    },
    "2": {
      "precision": 0.004823037642413614,
      "recall": 0.7178266579120157,
      "f1-score": 0.009581696396291774,
      "support": 6092.0
    },
    "accuracy": 0.06335685666196413,
    "macro avg": {
      "precision": 0.020134996863658196,
      "recall": 0.5802971212529547,
      "f1-score": 0.03751369986401735,
      "support": 7519344.0
    },
    "weighted avg": {
      "precision": 0.005011548156758277,
      "recall": 0.06335685666196413,
      "f1-score": 0.009282588844493983,
      "support": 7519344.0
    }
  },
  "total_predictions": 7519344,
  "total_labels": 7519344,
  "timestamp": "2025-01-17-20-03-59"
}