{
  "language": "fr",
  "metrics": {
    "-100": {
      "precision": 0.0,
      "recall": 0.0,
      "f1-score": 0.0,
      "support": 4694524.0
    },
    "0": {
      "precision": 0.07704873129183737,
      "recall": 0.9059997776636051,
      "f1-score": 0.1420197127277908,
      "support": 332829.0
    },
    "1": {
      "precision": 0.0024275154788206093,
      "recall": 0.6633540372670808,
      "f1-score": 0.00483732896101602,
      "support": 805.0
    },
    "2": {
      "precision": 0.008172805299940406,
      "recall": 0.7429892451502663,
      "f1-score": 0.016167766827206994,
      "support": 9949.0
    },
    "accuracy": 0.061425650546921694,
    "macro avg": {
      "precision": 0.0219122630176496,
      "recall": 0.578085765020238,
      "f1-score": 0.04075620212900345,
      "support": 5038107.0
    },
    "weighted avg": {
      "precision": 0.005106544497173342,
      "recall": 0.061425650546921694,
      "f1-score": 0.009414850881383698,
      "support": 5038107.0
    }
  },
  "total_predictions": 5038107,
  "total_labels": 5038107,
  "timestamp": "2025-01-17-20-03-59"
}