{
  "language": "ru",
  "metrics": {
    "-100": {
      "precision": 0.0,
      "recall": 0.0,
      "f1-score": 0.0,
      "support": 3954394.0
    },
    "0": {
      "precision": 0.08246270242205067,
      "recall": 0.9170952592108287,
      "f1-score": 0.15131919579617573,
      "support": 308957.0
    },
    "1": {
      "precision": 0.0018812116160476034,
      "recall": 0.6448412698412699,
      "f1-score": 0.003751478948431593,
      "support": 504.0
    },
    "2": {
      "precision": 0.00643133052407246,
      "recall": 0.7598354792560801,
      "f1-score": 0.012754703841120037,
      "support": 5592.0
    },
    "accuracy": 0.06743660244523471,
    "macro avg": {
      "precision": 0.022693811140542686,
      "recall": 0.5804430020770447,
      "f1-score": 0.04195634464643184,
      "support": 4269447.0
    },
    "weighted avg": {
      "precision": 0.0059760295146314285,
      "recall": 0.06743660244523471,
      "f1-score": 0.010967307903077053,
      "support": 4269447.0
    }
  },
  "total_predictions": 4269447,
  "total_labels": 4269447,
  "timestamp": "2025-01-17-20-03-59"
}