{
  "language": "de",
  "metrics": {
    "-100": {
      "precision": 0.0,
      "recall": 0.0,
      "f1-score": 0.0,
      "support": 2994360.0
    },
    "0": {
      "precision": 0.07247725540347591,
      "recall": 0.9014092140921409,
      "f1-score": 0.1341669031845947,
      "support": 202950.0
    },
    "1": {
      "precision": 0.00333239968686934,
      "recall": 0.6813509544787077,
      "f1-score": 0.006632361349342482,
      "support": 681.0
    },
    "2": {
      "precision": 0.010142388501108573,
      "recall": 0.7791802581194157,
      "f1-score": 0.020024128090272587,
      "support": 7051.0
    },
    "accuracy": 0.05893807319841674,
    "macro avg": {
      "precision": 0.021488010897863456,
      "recall": 0.5904851066725662,
      "f1-score": 0.040205848156052444,
      "support": 3205042.0
    },
    "weighted avg": {
      "precision": 0.004612433262853813,
      "recall": 0.05893807319841674,
      "f1-score": 0.008541192211071464,
      "support": 3205042.0
    }
  },
  "total_predictions": 3205042,
  "total_labels": 3205042,
  "timestamp": "2025-01-17-20-03-59"
}