{
  "language": "it",
  "metrics": {
    "-100": {
      "precision": 0.0,
      "recall": 0.0,
      "f1-score": 0.0,
      "support": 13042067.0
    },
    "0": {
      "precision": 0.04331020298293504,
      "recall": 0.9119534097094963,
      "f1-score": 0.08269316816993619,
      "support": 481302.0
    },
    "1": {
      "precision": 0.0008401897462010559,
      "recall": 0.6844978165938864,
      "f1-score": 0.0016783194321016736,
      "support": 916.0
    },
    "2": {
      "precision": 0.002794173133194196,
      "recall": 0.7849428208386277,
      "f1-score": 0.005568523905478569,
      "support": 9444.0
    },
    "accuracy": 0.03302600488010363,
    "macro avg": {
      "precision": 0.011736141465582573,
      "recall": 0.5953485117855026,
      "f1-score": 0.022485002876879108,
      "support": 13533729.0
    },
    "weighted avg": {
      "precision": 0.0015422538090551394,
      "recall": 0.03302600488010363,
      "f1-score": 0.0029448287095810597,
      "support": 13533729.0
    }
  },
  "total_predictions": 13533729,
  "total_labels": 13533729,
  "timestamp": "2025-01-17-20-03-59"
}