{"micro_f1": 0.904219096965211, "Repetition_precision": 0.37012987012987014, "Repetition_recall": 0.36075949367088606, "Repetition_f1-score": 0.36538461538461536, "Repetition_support": 158.0, "micro avg_precision": 0.37012987012987014, "micro avg_recall": 0.36075949367088606, "micro avg_f1-score": 0.36538461538461536, "micro avg_support": 158.0, "macro avg_precision": 0.37012987012987014, "macro avg_recall": 0.36075949367088606, "macro avg_f1-score": 0.36538461538461536, "macro avg_support": 158.0, "weighted avg_precision": 0.37012987012987014, "weighted avg_recall": 0.36075949367088606, "weighted avg_f1-score": 0.36538461538461536, "weighted avg_support": 158.0, "O_support": 6010, "B-Repetition_support": 154, "I-Repetition_support": 591}