{"results": [{"micro_f1": 0.7707170459424646, "Appeal_to_Values_precision": 0.050505050505050504, "Appeal_to_Values_recall": 0.020833333333333332, "Appeal_to_Values_f1-score": 0.029498525073746312, "Appeal_to_Values_support": 240.0, "micro avg_precision": 0.050505050505050504, "micro avg_recall": 0.020833333333333332, "micro avg_f1-score": 0.029498525073746312, "micro avg_support": 240.0, "macro avg_precision": 0.050505050505050504, "macro avg_recall": 0.020833333333333332, "macro avg_f1-score": 0.029498525073746312, "macro avg_support": 240.0, "weighted avg_precision": 0.050505050505050504, "weighted avg_recall": 0.020833333333333332, "weighted avg_f1-score": 0.029498525073746316, "weighted avg_support": 240.0, "O_support": 2851, "B-Appeal_to_Values_support": 99, "I-Appeal_to_Values_support": 1708, "epoch": 0}, {"micro_f1": 0.8295405753542293, "Appeal_to_Values_precision": 0.26262626262626265, "Appeal_to_Values_recall": 0.1326530612244898, "Appeal_to_Values_f1-score": 0.17627118644067796, "Appeal_to_Values_support": 196.0, "micro avg_precision": 0.26262626262626265, "micro avg_recall": 0.1326530612244898, "micro avg_f1-score": 0.17627118644067796, "micro avg_support": 196.0, "macro avg_precision": 0.26262626262626265, "macro avg_recall": 0.1326530612244898, "macro avg_f1-score": 0.17627118644067796, "macro avg_support": 196.0, "weighted avg_precision": 0.26262626262626265, "weighted avg_recall": 0.1326530612244898, "weighted avg_f1-score": 0.17627118644067796, "weighted avg_support": 196.0, "O_support": 2851, "B-Appeal_to_Values_support": 99, "I-Appeal_to_Values_support": 1708, "epoch": 1}, {"micro_f1": 0.8093602404465435, "Appeal_to_Values_precision": 0.2222222222222222, "Appeal_to_Values_recall": 0.15827338129496402, "Appeal_to_Values_f1-score": 0.1848739495798319, "Appeal_to_Values_support": 139.0, "micro avg_precision": 0.2222222222222222, "micro avg_recall": 0.15827338129496402, "micro avg_f1-score": 0.1848739495798319, "micro avg_support": 139.0, "macro avg_precision": 0.2222222222222222, "macro avg_recall": 0.15827338129496402, "macro avg_f1-score": 0.1848739495798319, "macro avg_support": 139.0, "weighted avg_precision": 0.2222222222222222, "weighted avg_recall": 0.15827338129496402, "weighted avg_f1-score": 0.1848739495798319, "weighted avg_support": 139.0, "O_support": 2851, "B-Appeal_to_Values_support": 99, "I-Appeal_to_Values_support": 1708, "epoch": 2}, {"micro_f1": 0.8162301416917132, "Appeal_to_Values_precision": 0.3434343434343434, "Appeal_to_Values_recall": 0.17894736842105263, "Appeal_to_Values_f1-score": 0.23529411764705882, "Appeal_to_Values_support": 190.0, "micro avg_precision": 0.3434343434343434, "micro avg_recall": 0.17894736842105263, "micro avg_f1-score": 0.23529411764705882, "micro avg_support": 190.0, "macro avg_precision": 0.3434343434343434, "macro avg_recall": 0.17894736842105263, "macro avg_f1-score": 0.23529411764705882, "macro avg_support": 190.0, "weighted avg_precision": 0.34343434343434337, "weighted avg_recall": 0.17894736842105263, "weighted avg_f1-score": 0.23529411764705882, "weighted avg_support": 190.0, "O_support": 2851, "B-Appeal_to_Values_support": 99, "I-Appeal_to_Values_support": 1708, "epoch": 3}, {"micro_f1": 0.8254615714899098, "Appeal_to_Values_precision": 0.35353535353535354, "Appeal_to_Values_recall": 0.20833333333333334, "Appeal_to_Values_f1-score": 0.26217228464419473, "Appeal_to_Values_support": 168.0, "micro avg_precision": 0.35353535353535354, "micro avg_recall": 0.20833333333333334, "micro avg_f1-score": 0.26217228464419473, "micro avg_support": 168.0, "macro avg_precision": 0.35353535353535354, "macro avg_recall": 0.20833333333333334, "macro avg_f1-score": 0.26217228464419473, "macro avg_support": 168.0, "weighted avg_precision": 0.35353535353535354, "weighted avg_recall": 0.20833333333333334, "weighted avg_f1-score": 0.26217228464419473, "weighted avg_support": 168.0, "O_support": 2851, "B-Appeal_to_Values_support": 99, "I-Appeal_to_Values_support": 1708, "epoch": 4}, {"micro_f1": 0.8224559896951481, "Appeal_to_Values_precision": 0.3333333333333333, "Appeal_to_Values_recall": 0.20625, "Appeal_to_Values_f1-score": 0.2548262548262548, "Appeal_to_Values_support": 160.0, "micro avg_precision": 0.3333333333333333, "micro avg_recall": 0.20625, "micro avg_f1-score": 0.2548262548262548, "micro avg_support": 160.0, "macro avg_precision": 0.3333333333333333, "macro avg_recall": 0.20625, "macro avg_f1-score": 0.2548262548262548, "macro avg_support": 160.0, "weighted avg_precision": 0.3333333333333333, "weighted avg_recall": 0.20625, "weighted avg_f1-score": 0.2548262548262548, "weighted avg_support": 160.0, "O_support": 2851, "B-Appeal_to_Values_support": 99, "I-Appeal_to_Values_support": 1708, "epoch": 5}, {"micro_f1": 0.8190210390725634, "Appeal_to_Values_precision": 0.32323232323232326, "Appeal_to_Values_recall": 0.25, "Appeal_to_Values_f1-score": 0.2819383259911894, "Appeal_to_Values_support": 128.0, "micro avg_precision": 0.32323232323232326, "micro avg_recall": 0.25, "micro avg_f1-score": 0.2819383259911894, "micro avg_support": 128.0, "macro avg_precision": 0.32323232323232326, "macro avg_recall": 0.25, "macro avg_f1-score": 0.2819383259911894, "macro avg_support": 128.0, "weighted avg_precision": 0.32323232323232326, "weighted avg_recall": 0.25, "weighted avg_f1-score": 0.2819383259911894, "weighted avg_support": 128.0, "O_support": 2851, "B-Appeal_to_Values_support": 99, "I-Appeal_to_Values_support": 1708, "epoch": 6}, {"micro_f1": 0.8190210390725634, "Appeal_to_Values_precision": 0.2828282828282828, "Appeal_to_Values_recall": 0.1917808219178082, "Appeal_to_Values_f1-score": 0.22857142857142856, "Appeal_to_Values_support": 146.0, "micro avg_precision": 0.2828282828282828, "micro avg_recall": 0.1917808219178082, "micro avg_f1-score": 0.22857142857142856, "micro avg_support": 146.0, "macro avg_precision": 0.2828282828282828, "macro avg_recall": 0.1917808219178082, "macro avg_f1-score": 0.22857142857142856, "macro avg_support": 146.0, "weighted avg_precision": 0.2828282828282828, "weighted avg_recall": 0.1917808219178082, "weighted avg_f1-score": 0.2285714285714286, "weighted avg_support": 146.0, "O_support": 2851, "B-Appeal_to_Values_support": 99, "I-Appeal_to_Values_support": 1708, "epoch": 7}, {"micro_f1": 0.8359811077715757, "Appeal_to_Values_precision": 0.3434343434343434, "Appeal_to_Values_recall": 0.22077922077922077, "Appeal_to_Values_f1-score": 0.26877470355731226, "Appeal_to_Values_support": 154.0, "micro avg_precision": 0.3434343434343434, "micro avg_recall": 0.22077922077922077, "micro avg_f1-score": 0.26877470355731226, "micro avg_support": 154.0, "macro avg_precision": 0.3434343434343434, "macro avg_recall": 0.22077922077922077, "macro avg_f1-score": 0.26877470355731226, "macro avg_support": 154.0, "weighted avg_precision": 0.3434343434343434, "weighted avg_recall": 0.22077922077922077, "weighted avg_f1-score": 0.26877470355731226, "weighted avg_support": 154.0, "O_support": 2851, "B-Appeal_to_Values_support": 99, "I-Appeal_to_Values_support": 1708, "epoch": 8}], "best_epoch": 7, "train_data_path": {"sl": "./data/train_sent_mt/sl/train_gold_sentences_translated_nllb-200-3.3B_eng_Latn-slv_Latn_tok_regex_en-sl/train_gold_sentences_translated_nllb-200-3.3B_eng_Latn-slv_Latn_tok_regex_en-sl_mdeberta-v3-base_mdeberta_xlwa_en-sl_ME3_2024-05-04-12-12-14_ls.json", "ru": "./data/train_sent_mt/ru/train_gold_sentences_translated_nllb-200-3.3B_eng_Latn-rus_Cyrl_tok_regex_en-ru/train_gold_sentences_translated_nllb-200-3.3B_eng_Latn-rus_Cyrl_tok_regex_en-ru_mdeberta-v3-base_mdeberta_xlwa_en-ru_ME3_2024-05-04-12-09-20_ls.json", "pt": "./data/train_sent_mt/pt/train_gold_sentences_translated_nllb-200-3.3B_eng_Latn-por_Latn_tok_regex_en-pt/train_gold_sentences_translated_nllb-200-3.3B_eng_Latn-por_Latn_tok_regex_en-pt_mdeberta-v3-base_mdeberta_xlwa_en-pt_ME3_2024-05-04-12-07-45_ls.json",