{"micro_f1": 0.7178109452736319, "Appeal_to_Authority_precision": 0.2564102564102564, "Appeal_to_Authority_recall": 0.13157894736842105, "Appeal_to_Authority_f1-score": 0.17391304347826086, "Appeal_to_Authority_support": 228.0, "micro avg_precision": 0.2564102564102564, "micro avg_recall": 0.13157894736842105, "micro avg_f1-score": 0.17391304347826086, "micro avg_support": 228.0, "macro avg_precision": 0.2564102564102564, "macro avg_recall": 0.13157894736842105, "macro avg_f1-score": 0.17391304347826086, "macro avg_support": 228.0, "weighted avg_precision": 0.2564102564102564, "weighted avg_recall": 0.13157894736842105, "weighted avg_f1-score": 0.17391304347826086, "weighted avg_support": 228.0, "O_support": 2980, "B-Appeal_to_Authority_support": 117, "I-Appeal_to_Authority_support": 1928}