{"micro_f1": 0.7530828792658446, "Guilt_by_Association_precision": 0.24705882352941178, "Guilt_by_Association_recall": 0.1640625, "Guilt_by_Association_f1-score": 0.1971830985915493, "Guilt_by_Association_support": 128.0, "micro avg_precision": 0.24705882352941178, "micro avg_recall": 0.1640625, "micro avg_f1-score": 0.1971830985915493, "micro avg_support": 128.0, "macro avg_precision": 0.24705882352941178, "macro avg_recall": 0.1640625, "macro avg_f1-score": 0.1971830985915493, "macro avg_support": 128.0, "weighted avg_precision": 0.24705882352941178, "weighted avg_recall": 0.1640625, "weighted avg_f1-score": 0.1971830985915493, "weighted avg_support": 128.0, "O_support": 2132, "B-Guilt_by_Association_support": 85, "I-Guilt_by_Association_support": 1270}