{"micro_f1": 0.8021523178807947, "Red_Herring_precision": 0.5652173913043478, "Red_Herring_recall": 0.28888888888888886, "Red_Herring_f1-score": 0.38235294117647056, "Red_Herring_support": 45.0, "micro avg_precision": 0.5652173913043478, "micro avg_recall": 0.28888888888888886, "micro avg_f1-score": 0.38235294117647056, "micro avg_support": 45.0, "macro avg_precision": 0.5652173913043478, "macro avg_recall": 0.28888888888888886, "macro avg_f1-score": 0.38235294117647056, "macro avg_support": 45.0, "weighted avg_precision": 0.5652173913043478, "weighted avg_recall": 0.28888888888888886, "weighted avg_f1-score": 0.3823529411764705, "weighted avg_support": 45.0, "O_support": 812, "B-Red_Herring_support": 23, "I-Red_Herring_support": 373}