{
    "micro_f1": 0.8211036992116434,
    "Consequential_Oversimplification_precision": 0.2222222222222222,
    "Consequential_Oversimplification_recall": 0.09900990099009901,
    "Consequential_Oversimplification_f1-score": 0.13698630136986303,
    "Consequential_Oversimplification_support": 101,
    "micro avg_precision": 0.2222222222222222,
    "micro avg_recall": 0.09900990099009901,
    "micro avg_f1-score": 0.13698630136986303,
    "micro avg_support": 101,
    "macro avg_precision": 0.2222222222222222,
    "macro avg_recall": 0.09900990099009901,
    "macro avg_f1-score": 0.13698630136986303,
    "macro avg_support": 101,
    "weighted avg_precision": 0.2222222222222222,
    "weighted avg_recall": 0.09900990099009901,
    "weighted avg_f1-score": 0.13698630136986303,
    "weighted avg_support": 101,
    "O_support": 539,
    "B-Consequential_Oversimplification_support": 45,
    "I-Consequential_Oversimplification_support": 1065,
    "train_data_path": "/home/pgajo/checkthat24/checkthat24_DIT/data/train_gold/train_gold_sentences.json"
}