{"micro_f1": 0.8737811484290358, "Exaggeration-Minimisation_precision": 0.45145631067961167, "Exaggeration-Minimisation_recall": 0.4246575342465753, "Exaggeration-Minimisation_f1-score": 0.43764705882352944, "Exaggeration-Minimisation_support": 219.0, "micro avg_precision": 0.45145631067961167, "micro avg_recall": 0.4246575342465753, "micro avg_f1-score": 0.43764705882352944, "micro avg_support": 219.0, "macro avg_precision": 0.45145631067961167, "macro avg_recall": 0.4246575342465753, "macro avg_f1-score": 0.43764705882352944, "macro avg_support": 219.0, "weighted avg_precision": 0.45145631067961167, "weighted avg_recall": 0.4246575342465753, "weighted avg_f1-score": 0.4376470588235295, "weighted avg_support": 219.0, "O_support": 7167, "B-Exaggeration-Minimisation_support": 206, "I-Exaggeration-Minimisation_support": 1857}