{"micro_f1": 0.8478228205667578, "Loaded_Language_precision": 0.05546218487394958, "Loaded_Language_recall": 0.10945273631840796, "Loaded_Language_f1-score": 0.07361963190184048, "Loaded_Language_support": 603.0, "micro avg_precision": 0.05546218487394958, "micro avg_recall": 0.10945273631840796, "micro avg_f1-score": 0.07361963190184048, "micro avg_support": 603.0, "macro avg_precision": 0.05546218487394958, "macro avg_recall": 0.10945273631840796, "macro avg_f1-score": 0.07361963190184048, "macro avg_support": 603.0, "weighted avg_precision": 0.05546218487394958, "weighted avg_recall": 0.10945273631840796, "weighted avg_f1-score": 0.07361963190184048, "weighted avg_support": 603.0, "O_support": 27922, "B-Loaded_Language_support": 1190, "I-Loaded_Language_support": 4165, "train_data_path": "/home/pgajo/checkthat24/checkthat24_DIT/data/train_gold/train_gold_sentences.json"}