{"micro_f1": 0.7503750375037503, "Causal_Oversimplification_precision": 0.4659090909090909, "Causal_Oversimplification_recall": 0.2808219178082192, "Causal_Oversimplification_f1-score": 0.35042735042735046, "Causal_Oversimplification_support": 146.0, "micro avg_precision": 0.4659090909090909, "micro avg_recall": 0.2808219178082192, "micro avg_f1-score": 0.35042735042735046, "micro avg_support": 146.0, "macro avg_precision": 0.4659090909090909, "macro avg_recall": 0.2808219178082192, "macro avg_f1-score": 0.35042735042735046, "macro avg_support": 146.0, "weighted avg_precision": 0.4659090909090909, "weighted avg_recall": 0.2808219178082192, "weighted avg_f1-score": 0.35042735042735046, "weighted avg_support": 146.0, "B-Causal_Oversimplification_support": 88, "I-Causal_Oversimplification_support": 1886, "O_support": 1359}