{"micro_f1": 0.7051609606540623, "Appeal_to_Popularity_precision": 0.3617021276595745, "Appeal_to_Popularity_recall": 0.18478260869565216, "Appeal_to_Popularity_f1-score": 0.2446043165467626, "Appeal_to_Popularity_support": 92.0, "micro avg_precision": 0.3617021276595745, "micro avg_recall": 0.18478260869565216, "micro avg_f1-score": 0.2446043165467626, "micro avg_support": 92.0, "macro avg_precision": 0.3617021276595745, "macro avg_recall": 0.18478260869565216, "macro avg_f1-score": 0.2446043165467626, "macro avg_support": 92.0, "weighted avg_precision": 0.3617021276595745, "weighted avg_recall": 0.18478260869565216, "weighted avg_f1-score": 0.24460431654676262, "weighted avg_support": 92.0, "O_support": 1289, "B-Appeal_to_Popularity_support": 47, "I-Appeal_to_Popularity_support": 621}