{"micro_f1": 0.7617446312635259, "Doubt_precision": 0.3426183844011142, "Doubt_recall": 0.28018223234624146, "Doubt_f1-score": 0.3082706766917293, "Doubt_support": 878.0, "micro avg_precision": 0.3426183844011142, "micro avg_recall": 0.28018223234624146, "micro avg_f1-score": 0.3082706766917293, "micro avg_support": 878.0, "macro avg_precision": 0.3426183844011142, "macro avg_recall": 0.28018223234624146, "macro avg_f1-score": 0.3082706766917293, "macro avg_support": 878.0, "weighted avg_precision": 0.3426183844011142, "weighted avg_recall": 0.28018223234624146, "weighted avg_f1-score": 0.3082706766917293, "weighted avg_support": 878.0, "O_support": 17608, "B-Doubt_support": 718, "I-Doubt_support": 11709}