{"micro_f1": 0.8678010471204188, "Exaggeration-Minimisation_precision": 0.41262135922330095, "Exaggeration-Minimisation_recall": 0.37610619469026546, "Exaggeration-Minimisation_f1-score": 0.3935185185185185, "Exaggeration-Minimisation_support": 226.0, "micro avg_precision": 0.41262135922330095, "micro avg_recall": 0.37610619469026546, "micro avg_f1-score": 0.3935185185185185, "micro avg_support": 226.0, "macro avg_precision": 0.41262135922330095, "macro avg_recall": 0.37610619469026546, "macro avg_f1-score": 0.3935185185185185, "macro avg_support": 226.0, "weighted avg_precision": 0.41262135922330095, "weighted avg_recall": 0.37610619469026546, "weighted avg_f1-score": 0.3935185185185185, "weighted avg_support": 226.0, "O_support": 7105, "B-Exaggeration-Minimisation_support": 206, "I-Exaggeration-Minimisation_support": 1857}