{"0": {"precision": 0.7556745728130579, "recall": 0.7301626416954164, "f1-score": 0.7426995864143376, "support": 4058.0}, "1": {"precision": 0.7520380434782609, "recall": 0.7761159149333956, "f1-score": 0.763887291546866, "support": 4279.0}, "accuracy": 0.7537483507256807, "macro avg": {"precision": 0.7538563081456594, "recall": 0.753139278314406, "f1-score": 0.7532934389806019, "support": 8337.0}, "weighted avg": {"precision": 0.7538081089743154, "recall": 0.7537483507256807, "f1-score": 0.7535742643874802, "support": 8337.0}, "macro-f1": 0.7532934389806019}