{
    "micro_f1": 0.8204972710733778,
    "Consequential_Oversimplification_precision": 0.35555555555555557,
    "Consequential_Oversimplification_recall": 0.21052631578947367,
    "Consequential_Oversimplification_f1-score": 0.2644628099173553,
    "Consequential_Oversimplification_support": 76,
    "micro avg_precision": 0.35555555555555557,
    "micro avg_recall": 0.21052631578947367,
    "micro avg_f1-score": 0.2644628099173553,
    "micro avg_support": 76,
    "macro avg_precision": 0.35555555555555557,
    "macro avg_recall": 0.21052631578947367,
    "macro avg_f1-score": 0.2644628099173553,
    "macro avg_support": 76,
    "weighted avg_precision": 0.35555555555555557,
    "weighted avg_recall": 0.21052631578947367,
    "weighted avg_f1-score": 0.2644628099173553,
    "weighted avg_support": 76,
    "O_support": 539,
    "B-Consequential_Oversimplification_support": 45,
    "I-Consequential_Oversimplification_support": 1065,
    "train_data_path": "/home/pgajo/checkthat24/checkthat24_DIT/data/train_gold/train_gold_sentences.json"
}