{
  "language": "po",
  "metrics": {
    "-100": {
      "precision": 0.0,
      "recall": 0.0,
      "f1-score": 0.0,
      "support": 7004315.0
    },
    "0": {
      "precision": 0.07757685322767047,
      "recall": 0.9243496957738832,
      "f1-score": 0.14314051414557571,
      "support": 508339.0
    },
    "1": {
      "precision": 0.0017705065947114628,
      "recall": 0.6956521739130435,
      "f1-score": 0.00353202382417993,
      "support": 598.0
    },
    "2": {
      "precision": 0.003668781464302504,
      "recall": 0.7391661195009849,
      "f1-score": 0.007301323496625388,
      "support": 6092.0
    },
    "accuracy": 0.0631440721424635,
    "macro avg": {
      "precision": 0.02075403532167111,
      "recall": 0.5897919972969778,
      "f1-score": 0.03849346536659526,
      "support": 7519344.0
    },
    "weighted avg": {
      "precision": 0.005247631837634366,
      "recall": 0.0631440721424635,
      "f1-score": 0.009683091720931524,
      "support": 7519344.0
    }
  },
  "total_predictions": 7519344,
  "total_labels": 7519344,
  "timestamp": "2025-01-17-17-55-26"
}