{
  "language": "it",
  "metrics": {
    "-100": {
      "precision": 0.0,
      "recall": 0.0,
      "f1-score": 0.0,
      "support": 13042067.0
    },
    "0": {
      "precision": 0.04781785801817193,
      "recall": 0.8978915524971848,
      "f1-score": 0.09080009206978099,
      "support": 481302.0
    },
    "1": {
      "precision": 0.0008906939327707992,
      "recall": 0.7216157205240175,
      "f1-score": 0.0017791918001060518,
      "support": 916.0
    },
    "2": {
      "precision": 0.0020287444533178337,
      "recall": 0.8064379500211775,
      "f1-score": 0.004047307153732307,
      "support": 9444.0
    },
    "accuracy": 0.03254343278190364,
    "macro avg": {
      "precision": 0.01268432410106514,
      "recall": 0.6064863057605949,
      "f1-score": 0.024156647755904835,
      "support": 13533729.0
    },
    "weighted avg": {
      "precision": 0.0017020295025947198,
      "recall": 0.03254343278190364,
      "f1-score": 0.003232081743458767,
      "support": 13533729.0
    }
  },
  "total_predictions": 13533729,
  "total_labels": 13533729,
  "timestamp": "2025-01-17-17-55-26"
}