{
  "language": "de",
  "metrics": {
    "-100": {
      "precision": 0.0,
      "recall": 0.0,
      "f1-score": 0.0,
      "support": 2994360.0
    },
    "0": {
      "precision": 0.07701348332574559,
      "recall": 0.9302044838630205,
      "f1-score": 0.14224982047821738,
      "support": 202950.0
    },
    "1": {
      "precision": 0.0035838131107829635,
      "recall": 0.6343612334801763,
      "f1-score": 0.007127360319411333,
      "support": 681.0
    },
    "2": {
      "precision": 0.008038839122139816,
      "recall": 0.7218834207913771,
      "f1-score": 0.015900610252301137,
      "support": 7051.0
    },
    "accuracy": 0.060625414581150575,
    "macro avg": {
      "precision": 0.02215903388966709,
      "recall": 0.5716122845336435,
      "f1-score": 0.04131944776248246,
      "support": 3205042.0
    },
    "weighted avg": {
      "precision": 0.004895102426844552,
      "recall": 0.060625414581150575,
      "f1-score": 0.00904405308926395,
      "support": 3205042.0
    }
  },
  "total_predictions": 3205042,
  "total_labels": 3205042,
  "timestamp": "2025-01-17-17-55-26"
}