{
  "language": "fr",
  "metrics": {
    "-100": {
      "precision": 0.0,
      "recall": 0.0,
      "f1-score": 0.0,
      "support": 4694524.0
    },
    "0": {
      "precision": 0.08678177101604476,
      "recall": 0.9038034546268504,
      "f1-score": 0.15835823594488532,
      "support": 332829.0
    },
    "1": {
      "precision": 0.0024532646236500194,
      "recall": 0.6670807453416149,
      "f1-score": 0.004888551049855028,
      "support": 805.0
    },
    "2": {
      "precision": 0.00561529915862906,
      "recall": 0.7635943310885516,
      "f1-score": 0.01114861394420557,
      "support": 9949.0
    },
    "accuracy": 0.061321841715549115,
    "macro avg": {
      "precision": 0.023712583699580958,
      "recall": 0.5836196327642542,
      "f1-score": 0.04359885023473648,
      "support": 5038107.0
    },
    "weighted avg": {
      "precision": 0.005744485290774968,
      "recall": 0.061321841715549115,
      "f1-score": 0.010484308125060916,
      "support": 5038107.0
    }
  },
  "total_predictions": 5038107,
  "total_labels": 5038107,
  "timestamp": "2025-01-17-17-55-26"
}