{
  "language": "ru",
  "metrics": {
    "-100": {
      "precision": 0.0,
      "recall": 0.0,
      "f1-score": 0.0,
      "support": 3954394.0
    },
    "0": {
      "precision": 0.08892220628078545,
      "recall": 0.9095440465825342,
      "f1-score": 0.16200580259920702,
      "support": 308957.0
    },
    "1": {
      "precision": 0.0019903892632716315,
      "recall": 0.6944444444444444,
      "f1-score": 0.00396940158435829,
      "support": 504.0
    },
    "2": {
      "precision": 0.004736325614083203,
      "recall": 0.7905937052932761,
      "f1-score": 0.0094162399788715,
      "support": 5592.0
    },
    "accuracy": 0.06693630346037789,
    "macro avg": {
      "precision": 0.023912230289535073,
      "recall": 0.5986455490800637,
      "f1-score": 0.043847861040609205,
      "support": 4269447.0
    },
    "weighted avg": {
      "precision": 0.00644126201236724,
      "recall": 0.06693630346037789,
      "f1-score": 0.011736293469857705,
      "support": 4269447.0
    }
  },
  "total_predictions": 4269447,
  "total_labels": 4269447,
  "timestamp": "2025-01-17-17-55-26"
}