{
  "language": "en",
  "metrics": {
    "-100": {
      "precision": 0.0,
      "recall": 0.0,
      "f1-score": 0.0,
      "support": 21986331.0
    },
    "0": {
      "precision": 0.08595285610279484,
      "recall": 0.9740314017264242,
      "f1-score": 0.15796608354099476,
      "support": 1744299.0
    },
    "1": {
      "precision": 0.0015062249215065885,
      "recall": 0.7851500789889415,
      "f1-score": 0.003006681851317465,
      "support": 1266.0
    },
    "2": {
      "precision": 0.00214305996494217,
      "recall": 0.8202818202818203,
      "f1-score": 0.004274951235639682,
      "support": 8658.0
    },
    "accuracy": 0.07190640959768672,
    "macro avg": {
      "precision": 0.0224005352473109,
      "recall": 0.6448658252492965,
      "f1-score": 0.041311929156987975,
      "support": 23740554.0
    },
    "weighted avg": {
      "precision": 0.0063161096594955635,
      "recall": 0.07190640959768672,
      "f1-score": 0.011608023154872275,
      "support": 23740554.0
    }
  },
  "total_predictions": 23740554,
  "total_labels": 23740554,
  "timestamp": "2025-01-17-17-55-26"
}