{
    "results": [
        {
            "0": {"precision": 0.7560301507537689, "recall": 0.7562201558180447, "f1-score": 0.7561251413494158, "support": 3979},
            "1": {"precision": 0.7773697498278632, "recall": 0.7771913721890775, "f1-score": 0.7772805507745267, "support": 4358},
            "accuracy": 0.7671824397265203,
            "macro avg": {"precision": 0.7666999502908161, "recall": 0.766705764003561, "f1-score": 0.7667028460619713, "support": 8337},
            "weighted avg": {"precision": 0.7671849993521739, "recall": 0.7671824397265203, "f1-score": 0.7671837084928287, "support": 8337},
            "epoch": 0
        },
        {
            "0": {"precision": 0.8023114355231143, "recall": 0.6629806484041216, "f1-score": 0.7260217421219209, "support": 3979},
            "1": {"precision": 0.7344028520499108, "recall": 0.8508490133088573, "f1-score": 0.7883491017327522, "support": 4358},
            "accuracy": 0.7611850785654312,
            "macro avg": {"precision": 0.7683571437865127, "recall": 0.7569148308564895, "f1-score": 0.7571854219273366, "support": 8337},
            "weighted avg": {"precision": 0.7668135817656212, "recall": 0.7611850785654312, "f1-score": 0.7586021227365308, "support": 8337},
            "epoch": 1
        },
        {
            "0": {"precision": 0.7497479838709677, "recall": 0.7476752953003267, "f1-score": 0.7487102051088462, "support": 3979},
            "1": {"precision": 0.7701991302357519, "recall": 0.7721431849472234, "f1-score": 0.7711699323937207, "support": 4358},
            "accuracy": 0.7604653952261006,
            "macro avg": {"precision": 0.7599735570533599, "recall": 0.759909240123775, "f1-score": 0.7599400687512834, "support": 8337},
            "weighted avg": {"precision": 0.7604384115857007, "recall": 0.7604653952261006, "f1-score": 0.7604505783255289, "support": 8337},
            "epoch": 2
        },
        {
            "0": {"precision": 0.6907302783008997, "recall": 0.829605428499623, "f1-score": 0.7538250742178579, "support": 3979},
            "1": {"precision": 0.8094435075885329, "recall": 0.6608536025699863, "f1-score": 0.7276402223345124, "support": 4358},
            "accuracy": 0.7413937867338372,
            "macro avg": {"precision": 0.7500868929447163, "recall": 0.7452295155348047, "f1-score": 0.7407326482761851, "support": 8337},
            "weighted avg": {"precision": 0.7527852445040311, "recall": 0.7413937867338372, "f1-score": 0.7401374666242848, "support": 8337},
            "epoch": 3
        },
        {
            "0": {"precision": 0.6867115222876367, "recall": 0.8208092485549133, "f1-score": 0.7477962220950201, "support": 3979},
            "1": {"precision": 0.8008936051382295, "recall": 0.6581000458926113, "f1-score": 0.7225091321325103, "support": 4358},
            "accuracy": 0.7357562672424134,
            "macro avg": {"precision": 0.7438025637129331, "recall": 0.7394546472237623, "f1-score": 0.7351526771137652, "support": 8337},
            "weighted avg": {"precision": 0.7463979223191689, "recall": 0.7357562672424134, "f1-score": 0.7345779015892484, "support": 8337},
            "epoch": 4
        },
        {
            "0": {"precision": 0.7327564265716467, "recall": 0.7235486303091229, "f1-score": 0.7281234193222054, "support": 3979},
            "1": {"precision": 0.7504537205081669, "recall": 0.7590637907296925, "f1-score": 0.754734200319416, "support": 4358},
            "accuracy": 0.7421134700731679,
            "macro avg": {"precision": 0.7416050735399069, "recall": 0.7413062105194077, "f1-score": 0.7414288098208106, "support": 8337},
            "weighted avg": {"precision": 0.7420073330098567, "recall": 0.7421134700731679, "f1-score": 0.7420336728409583, "support": 8337},
            "epoch": 5
        },
        {
            "0": {"precision": 0.7347943856193055, "recall": 0.7499371701432521, "f1-score": 0.7422885572139303, "support": 3979},
            "1": {"precision": 0.7673058933582788, "recall": 0.7528682882055989, "f1-score": 0.7600185313875377, "support": 4358},
            "accuracy": 0.7514693534844669,
            "macro avg": {"precision": 0.7510501394887922, "recall": 0.7514027291744255, "f1-score": 0.751153544300734, "support": 8337},
            "weighted avg": {"precision": 0.7517891260207025, "recall": 0.7514693534844669, "f1-score": 0.7515565465924334, "support": 8337},
            "epoch": 6
        },
        {
            "0": {"precision": 0.753142551484354, "recall": 0.7077155064086453, "f1-score": 0.7297227260948432, "support": 3979},
            "1": {"precision": 0.7470639408438452, "recall": 0.7882055988985773, "f1-score": 0.7670835194283162, "support": 4358},
            "accuracy": 0.7497900923593619,
            "macro avg": {"precision": 0.7501032461640996, "recall": 0.7479605526536113, "f1-score": 0.7484031227615797, "support": 8337},
            "weighted avg": {"precision": 0.749965079351532, "recall": 0.7497900923593619, "f1-score": 0.7492523335492364, "support": 8337},
            "epoch": 7
        },
        {
            "0": {"precision": 0.7351139426611125, "recall": 0.7539582809751194, "f1-score": 0.7444168734491315, "support": 3979},
            "1": {"precision": 0.7699718045112782, "recall": 0.7519504359798073, "f1-score": 0.760854423032273, "support": 4358},
            "accuracy": 0.7529087201631283,
            "macro avg": {"precision": 0.7525428735861954, "recall": 0.7529543584774634, "f1-score": 0.7526356482407023, "support": 8337},
            "weighted avg": {"precision": 0.7533351927442385, "recall": 0.7529087201631283, "f1-score": 0.7530092737230107, "support": 8337},
            "epoch": 8
        },
        {
            "0": {"precision": 0.7340034322137778, "recall": 0.7524503644131691, "f1-score": 0.7431124348473566, "support": 3979},
            "1": {"precision": 0.7686707374354157, "recall": 0.7510325837540156, "f1-score": 0.75974930362117, "support": 4358},
            "accuracy": 0.7517092479309104,
            "macro avg": {"precision": 0.7513370848245968, "recall": 0.7517414740835924, "f1-score": 0.7514308692342633, "support": 8337},
            "weighted avg": {"precision": 0.7521250726307022, "recall": 0.7517092479309104, "f1-score": 0.7518090252415367, "support": 8337},
            "epoch": 9
        }
    ],
    "best_epoch": 1,
    "train_data_path": "./data/formatted/train_sentences.json"
}