{"micro_f1": 0.9249537892791128, "Loaded_Language_precision": 0.453437771975631, "Loaded_Language_recall": 0.4558180227471566, "Loaded_Language_f1-score": 0.4546247818499128, "Loaded_Language_support": 1143.0, "micro avg_precision": 0.453437771975631, "micro avg_recall": 0.4558180227471566, "micro avg_f1-score": 0.4546247818499128, "micro avg_support": 1143.0, "macro avg_precision": 0.453437771975631, "macro avg_recall": 0.4558180227471566, "macro avg_f1-score": 0.4546247818499128, "macro avg_support": 1143.0, "weighted avg_precision": 0.453437771975631, "weighted avg_recall": 0.4558180227471566, "weighted avg_f1-score": 0.4546247818499128, "weighted avg_support": 1143.0, "O_support": 43067, "B-Loaded_Language_support": 1149, "I-Loaded_Language_support": 4474}