{"micro_f1": 0.7498652291105121, "Straw_Man_precision": 0.3333333333333333, "Straw_Man_recall": 0.2112676056338028, "Straw_Man_f1-score": 0.2586206896551724, "Straw_Man_support": 71.0, "micro avg_precision": 0.3333333333333333, "micro avg_recall": 0.2112676056338028, "micro avg_f1-score": 0.2586206896551724, "micro avg_support": 71.0, "macro avg_precision": 0.3333333333333333, "macro avg_recall": 0.2112676056338028, "macro avg_f1-score": 0.2586206896551724, "macro avg_support": 71.0, "weighted avg_precision": 0.3333333333333333, "weighted avg_recall": 0.2112676056338028, "weighted avg_f1-score": 0.2586206896551724, "weighted avg_support": 71.0, "B-Straw_Man_support": 45, "I-Straw_Man_support": 728, "O_support": 1082}