{"micro_f1": 0.9174384757872454, "Slogans_precision": 0.38144329896907214, "Slogans_recall": 0.45121951219512196, "Slogans_f1-score": 0.4134078212290503, "Slogans_support": 82.0, "micro avg_precision": 0.38144329896907214, "micro avg_recall": 0.45121951219512196, "micro avg_f1-score": 0.4134078212290503, "micro avg_support": 82.0, "macro avg_precision": 0.38144329896907214, "macro avg_recall": 0.45121951219512196, "macro avg_f1-score": 0.4134078212290503, "macro avg_support": 82.0, "weighted avg_precision": 0.38144329896907214, "weighted avg_recall": 0.45121951219512196, "weighted avg_f1-score": 0.4134078212290503, "weighted avg_support": 82.0, "O_support": 3123, "B-Slogans_support": 97, "I-Slogans_support": 559}