{"micro_f1": 0.8548590660496425, "Conversation_Killer_precision": 0.43537414965986393, "Conversation_Killer_recall": 0.35555555555555557, "Conversation_Killer_f1-score": 0.39143730886850153, "Conversation_Killer_support": 180.0, "micro avg_precision": 0.43537414965986393, "micro avg_recall": 0.35555555555555557, "micro avg_f1-score": 0.39143730886850153, "micro avg_support": 180.0, "macro avg_precision": 0.43537414965986393, "macro avg_recall": 0.35555555555555557, "macro avg_f1-score": 0.39143730886850153, "macro avg_support": 180.0, "weighted avg_precision": 0.43537414965986393, "weighted avg_recall": 0.35555555555555557, "weighted avg_f1-score": 0.39143730886850153, "weighted avg_support": 180.0, "B-Conversation_Killer_support": 147, "I-Conversation_Killer_support": 1038, "O_support": 3569}