{"micro_f1": 0.9490502450980393, "Name_Calling-Labeling_precision": 0.5110294117647058, "Name_Calling-Labeling_recall": 0.5097799511002445, "Name_Calling-Labeling_f1-score": 0.5104039167686658, "Name_Calling-Labeling_support": 818.0, "micro avg_precision": 0.5110294117647058, "micro avg_recall": 0.5097799511002445, "micro avg_f1-score": 0.5104039167686658, "micro avg_support": 818.0, "macro avg_precision": 0.5110294117647058, "macro avg_recall": 0.5097799511002445, "macro avg_f1-score": 0.5104039167686658, "macro avg_support": 818.0, "weighted avg_precision": 0.5110294117647058, "weighted avg_recall": 0.5097799511002445, "weighted avg_f1-score": 0.5104039167686658, "weighted avg_support": 818.0, "O_support": 29607, "B-Name_Calling-Labeling_support": 816, "I-Name_Calling-Labeling_support": 2217}