{"micro_f1": 0.741106719367589, "Appeal_to_Time_precision": 0.1111111111111111, "Appeal_to_Time_recall": 0.03389830508474576, "Appeal_to_Time_f1-score": 0.05194805194805195, "Appeal_to_Time_support": 59.0, "micro avg_precision": 0.1111111111111111, "micro avg_recall": 0.03389830508474576, "micro avg_f1-score": 0.05194805194805195, "micro avg_support": 59.0, "macro avg_precision": 0.1111111111111111, "macro avg_recall": 0.03389830508474576, "macro avg_f1-score": 0.05194805194805195, "macro avg_support": 59.0, "weighted avg_precision": 0.1111111111111111, "weighted avg_recall": 0.03389830508474576, "weighted avg_f1-score": 0.05194805194805195, "weighted avg_support": 59.0, "O_support": 319, "B-Appeal_to_Time_support": 18, "I-Appeal_to_Time_support": 169, "train_data_path": "/home/pgajo/checkthat24/checkthat24_DIT/data/train_gold/train_gold_sentences.json"}