{
    "micro_f1": 0.5951327433628318,
    "Whataboutism_precision": 0.09090909090909091,
    "Whataboutism_recall": 0.034482758620689655,
    "Whataboutism_f1-score": 0.05,
    "Whataboutism_support": 29,
    "micro avg_precision": 0.09090909090909091,
    "micro avg_recall": 0.034482758620689655,
    "micro avg_f1-score": 0.05,
    "micro avg_support": 29,
    "macro avg_precision": 0.09090909090909091,
    "macro avg_recall": 0.034482758620689655,
    "macro avg_f1-score": 0.05,
    "macro avg_support": 29,
    "weighted avg_precision": 0.09090909090909091,
    "weighted avg_recall": 0.034482758620689655,
    "weighted avg_f1-score": 0.05,
    "weighted avg_support": 29,
    "B-Whataboutism_support": 11,
    "I-Whataboutism_support": 252,
    "O_support": 189,
    "train_data_path": "/home/pgajo/checkthat24/checkthat24_DIT/data/train_gold/train_gold_sentences.json"
}