{"micro_f1": 0.7952380952380952, "Appeal_to_Time_precision": 0.2962962962962963, "Appeal_to_Time_recall": 0.18181818181818182, "Appeal_to_Time_f1-score": 0.22535211267605634, "Appeal_to_Time_support": 44.0, "micro avg_precision": 0.2962962962962963, "micro avg_recall": 0.18181818181818182, "micro avg_f1-score": 0.22535211267605634, "micro avg_support": 44.0, "macro avg_precision": 0.2962962962962963, "macro avg_recall": 0.18181818181818182, "macro avg_f1-score": 0.22535211267605634, "macro avg_support": 44.0, "weighted avg_precision": 0.2962962962962963, "weighted avg_recall": 0.18181818181818182, "weighted avg_f1-score": 0.22535211267605637, "weighted avg_support": 44.0, "O_support": 750, "B-Appeal_to_Time_support": 27, "I-Appeal_to_Time_support": 273}