{"micro_f1": 0.7566585956416465, "Appeal_to_Time_precision": 0.2222222222222222, "Appeal_to_Time_recall": 0.15, "Appeal_to_Time_f1-score": 0.1791044776119403, "Appeal_to_Time_support": 40.0, "micro avg_precision": 0.2222222222222222, "micro avg_recall": 0.15, "micro avg_f1-score": 0.1791044776119403, "micro avg_support": 40.0, "macro avg_precision": 0.2222222222222222, "macro avg_recall": 0.15, "macro avg_f1-score": 0.1791044776119403, "macro avg_support": 40.0, "weighted avg_precision": 0.22222222222222224, "weighted avg_recall": 0.15, "weighted avg_f1-score": 0.1791044776119403, "weighted avg_support": 40.0, "O_support": 526, "B-Appeal_to_Time_support": 27, "I-Appeal_to_Time_support": 273}