{"0": {"precision": 0.8060509554140127, "recall": 0.7899500624219725, "f1-score": 0.7979192938209331, "support": 6408.0}, "1": {"precision": 0.804644412191582, "recall": 0.8198757763975155, "f1-score": 0.8121886903017872, "support": 6762.0}, "accuracy": 0.8053151100987092, "macro avg": {"precision": 0.8053476838027973, "recall": 0.804912919409744, "f1-score": 0.8050539920613602, "support": 13170.0}, "weighted avg": {"precision": 0.8053287803745233, "recall": 0.8053151100987092, "f1-score": 0.8052457675493716, "support": 13170.0}, "macro-f1": 0.8050539920613602}