{"micro_f1": 0.6410736579275905, "Guilt_by_Association_precision": 0.01818181818181818, "Guilt_by_Association_recall": 0.008620689655172414, "Guilt_by_Association_f1-score": 0.011695906432748537, "Guilt_by_Association_support": 116.0, "micro avg_precision": 0.01818181818181818, "micro avg_recall": 0.008620689655172414, "micro avg_f1-score": 0.011695906432748537, "micro avg_support": 116.0, "macro avg_precision": 0.01818181818181818, "macro avg_recall": 0.008620689655172414, "macro avg_f1-score": 0.011695906432748537, "macro avg_support": 116.0, "weighted avg_precision": 0.01818181818181818, "weighted avg_recall": 0.008620689655172414, "weighted avg_f1-score": 0.011695906432748537, "weighted avg_support": 116.0, "O_support": 858, "B-Guilt_by_Association_support": 55, "I-Guilt_by_Association_support": 689, "train_data_path": "/home/pgajo/checkthat24/checkthat24_DIT/data/train_gold/train_gold_sentences.json"}