{"micro_f1": 0.9374576584344398, "Name_Calling-Labeling_precision": 0.4227941176470588, "Name_Calling-Labeling_recall": 0.38633818589025753, "Name_Calling-Labeling_f1-score": 0.403744880046811, "Name_Calling-Labeling_support": 893.0, "micro avg_precision": 0.4227941176470588, "micro avg_recall": 0.38633818589025753, "micro avg_f1-score": 0.403744880046811, "micro avg_support": 893.0, "macro avg_precision": 0.4227941176470588, "macro avg_recall": 0.38633818589025753, "macro avg_f1-score": 0.403744880046811, "macro avg_support": 893.0, "weighted avg_precision": 0.4227941176470588, "weighted avg_recall": 0.38633818589025753, "weighted avg_f1-score": 0.403744880046811, "weighted avg_support": 893.0, "O_support": 29441, "B-Name_Calling-Labeling_support": 816, "I-Name_Calling-Labeling_support": 2217}