{"0": {"precision": 0.7997214484679666, "recall": 0.7095897182402373, "f1-score": 0.751964379256155, "support": 4046.0}, "1": {"precision": 0.7524752475247525, "recall": 0.8324399906781635, "f1-score": 0.7904403629121486, "support": 4291.0}, "accuracy": 0.7728199592179441, "macro avg": {"precision": 0.7760983479963595, "recall": 0.7710148544592004, "f1-score": 0.7712023710841518, "support": 8337.0}, "weighted avg": {"precision": 0.7754041342965223, "recall": 0.7728199592179441, "f1-score": 0.7717677192906841, "support": 8337.0}, "macro-f1": 0.7712023710841518}