{"micro_f1": 0.7517272663828599, "Doubt_precision": 0.362116991643454, "Doubt_recall": 0.2669404517453799, "Doubt_f1-score": 0.3073286052009457, "Doubt_support": 974.0, "micro avg_precision": 0.362116991643454, "micro avg_recall": 0.2669404517453799, "micro avg_f1-score": 0.3073286052009457, "micro avg_support": 974.0, "macro avg_precision": 0.362116991643454, "macro avg_recall": 0.2669404517453799, "macro avg_f1-score": 0.3073286052009457, "macro avg_support": 974.0, "weighted avg_precision": 0.362116991643454, "weighted avg_recall": 0.2669404517453799, "weighted avg_f1-score": 0.3073286052009457, "weighted avg_support": 974.0, "O_support": 16231, "B-Doubt_support": 718, "I-Doubt_support": 11709}