{"micro_f1": 0.9506808980493191, "Name_Calling-Labeling_precision": 0.5318627450980392, "Name_Calling-Labeling_recall": 0.5364647713226205, "Name_Calling-Labeling_f1-score": 0.5341538461538462, "Name_Calling-Labeling_support": 809.0, "micro avg_precision": 0.5318627450980392, "micro avg_recall": 0.5364647713226205, "micro avg_f1-score": 0.5341538461538462, "micro avg_support": 809.0, "macro avg_precision": 0.5318627450980392, "macro avg_recall": 0.5364647713226205, "macro avg_f1-score": 0.5341538461538462, "macro avg_support": 809.0, "weighted avg_precision": 0.5318627450980392, "weighted avg_recall": 0.5364647713226205, "weighted avg_f1-score": 0.5341538461538462, "weighted avg_support": 809.0, "O_support": 29571, "B-Name_Calling-Labeling_support": 816, "I-Name_Calling-Labeling_support": 2217}