{"micro_f1": 0.9360086767895879, "Slogans_precision": 0.5567010309278351, "Slogans_recall": 0.54, "Slogans_f1-score": 0.5482233502538071, "Slogans_support": 100.0, "micro avg_precision": 0.5567010309278351, "micro avg_recall": 0.54, "micro avg_f1-score": 0.5482233502538071, "micro avg_support": 100.0, "macro avg_precision": 0.5567010309278351, "macro avg_recall": 0.54, "macro avg_f1-score": 0.5482233502538071, "macro avg_support": 100.0, "weighted avg_precision": 0.5567010309278351, "weighted avg_recall": 0.54, "weighted avg_f1-score": 0.5482233502538071, "weighted avg_support": 100.0, "O_support": 3032, "B-Slogans_support": 97, "I-Slogans_support": 559}