{"micro_f1": 0.7594317096466093, "Appeal_to_Fear-Prejudice_precision": 0.20218579234972678, "Appeal_to_Fear-Prejudice_recall": 0.14919354838709678, "Appeal_to_Fear-Prejudice_f1-score": 0.17169373549883993, "Appeal_to_Fear-Prejudice_support": 248.0, "micro avg_precision": 0.20218579234972678, "micro avg_recall": 0.14919354838709678, "micro avg_f1-score": 0.17169373549883993, "micro avg_support": 248.0, "macro avg_precision": 0.20218579234972678, "macro avg_recall": 0.14919354838709678, "macro avg_f1-score": 0.17169373549883993, "macro avg_support": 248.0, "weighted avg_precision": 0.20218579234972675, "weighted avg_recall": 0.14919354838709678, "weighted avg_f1-score": 0.17169373549883993, "weighted avg_support": 248.0, "B-Appeal_to_Fear-Prejudice_support": 183, "I-Appeal_to_Fear-Prejudice_support": 2741, "O_support": 5452}