{"results": [{"micro_f1": 0.9014381203159814, "Loaded_Language_precision": 0.22019147084421237, "Loaded_Language_recall": 0.20703764320785598, "Loaded_Language_f1-score": 0.21341206242091948, "Loaded_Language_support": 1222.0, "micro avg_precision": 0.22019147084421237, "micro avg_recall": 0.20703764320785598, "micro avg_f1-score": 0.21341206242091948, "micro avg_support": 1222.0, "macro avg_precision": 0.22019147084421237, "macro avg_recall": 0.20703764320785598, "macro avg_f1-score": 0.21341206242091948, "macro avg_support": 1222.0, "weighted avg_precision": 0.22019147084421237, "weighted avg_recall": 0.20703764320785598, "weighted avg_f1-score": 0.2134120624209195, "weighted avg_support": 1222.0, "O_support": 43747, "B-Loaded_Language_support": 1149, "I-Loaded_Language_support": 4474, "epoch": 0}, {"micro_f1": 0.9154749848085882, "Loaded_Language_precision": 0.27763272410791995, "Loaded_Language_recall": 0.3136676499508358, "Loaded_Language_f1-score": 0.2945521698984303, "Loaded_Language_support": 1017.0, "micro avg_precision": 0.27763272410791995, "micro avg_recall": 0.3136676499508358, "micro avg_f1-score": 0.2945521698984303, "micro avg_support": 1017.0, "macro avg_precision": 0.27763272410791995, "macro avg_recall": 0.3136676499508358, "macro avg_f1-score": 0.2945521698984303, "macro avg_support": 1017.0, "weighted avg_precision": 0.27763272410791995, "weighted avg_recall": 0.3136676499508358, "weighted avg_f1-score": 0.2945521698984303, "weighted avg_support": 1017.0, "O_support": 43747, "B-Loaded_Language_support": 1149, "I-Loaded_Language_support": 4474, "epoch": 1}, {"micro_f1": 0.9165282560259267, "Loaded_Language_precision": 0.35857267188859876, "Loaded_Language_recall": 0.35093696763202725, "Loaded_Language_f1-score": 0.3547137322427895, "Loaded_Language_support": 1174.0, "micro avg_precision": 0.35857267188859876, "micro avg_recall": 0.35093696763202725, "micro avg_f1-score": 0.3547137322427895, "micro avg_support": 1174.0, "macro avg_precision": 0.35857267188859876, "macro avg_recall": 0.35093696763202725, "macro avg_f1-score": 0.3547137322427895, "macro avg_support": 1174.0, "weighted avg_precision": 0.35857267188859876, "weighted avg_recall": 0.35093696763202725, "weighted avg_f1-score": 0.3547137322427895, "weighted avg_support": 1174.0, "O_support": 43747, "B-Loaded_Language_support": 1149, "I-Loaded_Language_support": 4474, "epoch": 2}, {"micro_f1": 0.9172169333603404, "Loaded_Language_precision": 0.36118363794604, "Loaded_Language_recall": 0.3728661275831087, "Loaded_Language_f1-score": 0.3669319186560566, "Loaded_Language_support": 1113.0, "micro avg_precision": 0.36118363794604, "micro avg_recall": 0.3728661275831087, "micro avg_f1-score": 0.3669319186560566, "micro avg_support": 1113.0, "macro avg_precision": 0.36118363794604, "macro avg_recall": 0.3728661275831087, "macro avg_f1-score": 0.3669319186560566, "macro avg_support": 1113.0, "weighted avg_precision": 0.36118363794604, "weighted avg_recall": 0.3728661275831087, "weighted avg_f1-score": 0.3669319186560566, "weighted avg_support": 1113.0, "O_support": 43747, "B-Loaded_Language_support": 1149, "I-Loaded_Language_support": 4474, "epoch": 3}, {"micro_f1": 0.9184930119505773, "Loaded_Language_precision": 0.37684943429068757, "Loaded_Language_recall": 0.3587406793703397, "Loaded_Language_f1-score": 0.36757215619694406, "Loaded_Language_support": 1207.0, "micro avg_precision": 0.37684943429068757, "micro avg_recall": 0.3587406793703397, "micro avg_f1-score": 0.36757215619694406, "micro avg_support": 1207.0, "macro avg_precision": 0.37684943429068757, "macro avg_recall": 0.3587406793703397, "macro avg_f1-score": 0.36757215619694406, "macro avg_support": 1207.0, "weighted avg_precision": 0.37684943429068757, "weighted avg_recall": 0.3587406793703397, "weighted avg_f1-score": 0.36757215619694406, "weighted avg_support": 1207.0, "O_support": 43747, "B-Loaded_Language_support": 1149, "I-Loaded_Language_support": 4474, "epoch": 4}, {"micro_f1": 0.9146445209641483, "Loaded_Language_precision": 0.39338555265448216, "Loaded_Language_recall": 0.37079573420836753, "Loaded_Language_f1-score": 0.38175675675675674, "Loaded_Language_support": 1219.0, "micro avg_precision": 0.39338555265448216, "micro avg_recall": 0.37079573420836753, "micro avg_f1-score": 0.38175675675675674, "micro avg_support": 1219.0, "macro avg_precision": 0.39338555265448216, "macro avg_recall": 0.37079573420836753, "macro avg_f1-score": 0.38175675675675674, "macro avg_support": 1219.0, "weighted avg_precision": 0.39338555265448216, "weighted avg_recall": 0.37079573420836753, "weighted avg_f1-score": 0.38175675675675674, "weighted avg_support": 1219.0, "O_support": 43747, "B-Loaded_Language_support": 1149, "I-Loaded_Language_support": 4474, "epoch": 5}, {"micro_f1": 0.9185740328134495, "Loaded_Language_precision": 0.412532637075718, "Loaded_Language_recall": 0.35033259423503327, "Loaded_Language_f1-score": 0.37889688249400477, "Loaded_Language_support": 1353.0, "micro avg_precision": 0.412532637075718, "micro avg_recall": 0.35033259423503327, "micro avg_f1-score": 0.37889688249400477, "micro avg_support": 1353.0, "macro avg_precision": 0.412532637075718, "macro avg_recall": 0.35033259423503327, "macro avg_f1-score": 0.37889688249400477, "macro avg_support": 1353.0, "weighted avg_precision": 0.412532637075718, "weighted avg_recall": 0.35033259423503327, "weighted avg_f1-score": 0.3788968824940047, "weighted avg_support": 1353.0, "O_support": 43747, "B-Loaded_Language_support": 1149, "I-Loaded_Language_support": 4474, "epoch": 6}, {"micro_f1": 0.920943893052461, "Loaded_Language_precision": 0.3855526544821584, "Loaded_Language_recall": 0.41911069063386946, "Loaded_Language_f1-score": 0.4016319129646419, "Loaded_Language_support": 1057.0, "micro avg_precision": 0.3855526544821584, "micro avg_recall": 0.41911069063386946, "micro avg_f1-score": 0.4016319129646419, "micro avg_support": 1057.0, "macro avg_precision": 0.3855526544821584, "macro avg_recall": 0.41911069063386946, "macro avg_f1-score": 0.4016319129646419, "macro avg_support": 1057.0, "weighted avg_precision": 0.3855526544821584, "weighted avg_recall": 0.41911069063386946, "weighted avg_f1-score": 0.4016319129646419, "weighted avg_support": 1057.0, "O_support": 43747, "B-Loaded_Language_support": 1149, "I-Loaded_Language_support": 4474, "epoch": 7}, {"micro_f1": 0.9199513874822767, "Loaded_Language_precision": 0.4290687554395126, "Loaded_Language_recall": 0.3906497622820919, "Loaded_Language_f1-score": 0.408958938199917, "Loaded_Language_support": 1262.0, "micro avg_precision": 0.4290687554395126, "micro avg_recall": 0.3906497622820919, "micro avg_f1-score": 0.408958938199917, "micro avg_support": 1262.0, "macro avg_precision": 0.4290687554395126, "macro avg_recall": 0.3906497622820919, "macro avg_f1-score": 0.408958938199917, "macro avg_support": 1262.0, "weighted avg_precision": 0.42906875543951256, "weighted avg_recall": 0.3906497622820919, "weighted avg_f1-score": 0.408958938199917, "weighted avg_support": 1262.0, "O_support": 43747, "B-Loaded_Language_support": 1149, "I-Loaded_Language_support": 4474, "epoch": 8}, {"micro_f1": 0.9208021065424346, "Loaded_Language_precision": 0.40034812880765885, "Loaded_Language_recall": 0.40671971706454463, "Loaded_Language_f1-score": 0.4035087719298246, "Loaded_Language_support": 1131.0, "micro avg_precision": 0.40034812880765885, "micro avg_recall": 0.40671971706454463, "micro avg_f1-score": 0.4035087719298246, "micro avg_support": 1131.0, "macro avg_precision": 0.40034812880765885, "macro avg_recall": 0.40671971706454463, "macro avg_f1-score": 0.4035087719298246, "macro avg_support": 1131.0, "weighted avg_precision": 0.40034812880765885, "weighted avg_recall": 0.40671971706454463, "weighted avg_f1-score": 0.4035087719298246, "weighted avg_support": 1131.0, "O_support": 43747, "B-Loaded_Language_support": 1149, "I-Loaded_Language_support": 4474, "epoch": 9}], "best_epoch": 9,