{"micro_f1": 0.82130253448829, "False_Dilemma-No_Choice_precision": 0.4523809523809524, "False_Dilemma-No_Choice_recall": 0.3619047619047619, "False_Dilemma-No_Choice_f1-score": 0.4021164021164021, "False_Dilemma-No_Choice_support": 105.0, "micro avg_precision": 0.4523809523809524, "micro avg_recall": 0.3619047619047619, "micro avg_f1-score": 0.4021164021164021, "micro avg_support": 105.0, "macro avg_precision": 0.4523809523809524, "macro avg_recall": 0.3619047619047619, "macro avg_f1-score": 0.4021164021164021, "macro avg_support": 105.0, "weighted avg_precision": 0.4523809523809524, "weighted avg_recall": 0.3619047619047619, "weighted avg_f1-score": 0.4021164021164021, "weighted avg_support": 105.0, "B-False_Dilemma-No_Choice_support": 84, "I-False_Dilemma-No_Choice_support": 1344, "O_support": 1689}