{"micro_f1": 0.7871652121576889, "Questioning_the_Reputation_precision": 0.2857142857142857, "Questioning_the_Reputation_recall": 0.21052631578947367, "Questioning_the_Reputation_f1-score": 0.24242424242424243, "Questioning_the_Reputation_support": 437.0, "micro avg_precision": 0.2857142857142857, "micro avg_recall": 0.21052631578947367, "micro avg_f1-score": 0.24242424242424243, "micro avg_support": 437.0, "macro avg_precision": 0.2857142857142857, "macro avg_recall": 0.21052631578947367, "macro avg_f1-score": 0.24242424242424243, "macro avg_support": 437.0, "weighted avg_precision": 0.2857142857142857, "weighted avg_recall": 0.21052631578947367, "weighted avg_f1-score": 0.24242424242424243, "weighted avg_support": 437.0, "O_support": 7749, "B-Questioning_the_Reputation_support": 322, "I-Questioning_the_Reputation_support": 5221}