{"micro_f1": 0.8399744300021308, "Conversation_Killer_precision": 0.5306122448979592, "Conversation_Killer_recall": 0.37142857142857144, "Conversation_Killer_f1-score": 0.43697478991596644, "Conversation_Killer_support": 210.0, "micro avg_precision": 0.5306122448979592, "micro avg_recall": 0.37142857142857144, "micro avg_f1-score": 0.43697478991596644, "micro avg_support": 210.0, "macro avg_precision": 0.5306122448979592, "macro avg_recall": 0.37142857142857144, "macro avg_f1-score": 0.43697478991596644, "macro avg_support": 210.0, "weighted avg_precision": 0.5306122448979592, "weighted avg_recall": 0.37142857142857144, "weighted avg_f1-score": 0.43697478991596644, "weighted avg_support": 210.0, "B-Conversation_Killer_support": 147, "I-Conversation_Killer_support": 1038, "O_support": 3508}