{"micro_f1": 0.7246871444823664, "Whataboutism_precision": 0.30434782608695654, "Whataboutism_recall": 0.2413793103448276, "Whataboutism_f1-score": 0.2692307692307692, "Whataboutism_support": 29.0, "micro avg_precision": 0.30434782608695654, "micro avg_recall": 0.2413793103448276, "micro avg_f1-score": 0.2692307692307692, "micro avg_support": 29.0, "macro avg_precision": 0.30434782608695654, "macro avg_recall": 0.2413793103448276, "macro avg_f1-score": 0.2692307692307692, "macro avg_support": 29.0, "weighted avg_precision": 0.30434782608695654, "weighted avg_recall": 0.2413793103448276, "weighted avg_f1-score": 0.2692307692307692, "weighted avg_support": 29.0, "B-Whataboutism_support": 23, "I-Whataboutism_support": 593, "O_support": 263}