{"micro_f1": 0.6824372759856631, "Questioning_the_Reputation_precision": 0.20673076923076922, "Questioning_the_Reputation_recall": 0.14576271186440679, "Questioning_the_Reputation_f1-score": 0.17097415506958252, "Questioning_the_Reputation_support": 295.0, "micro avg_precision": 0.20673076923076922, "micro avg_recall": 0.14576271186440679, "micro avg_f1-score": 0.17097415506958252, "micro avg_support": 295.0, "macro avg_precision": 0.20673076923076922, "macro avg_recall": 0.14576271186440679, "macro avg_f1-score": 0.17097415506958252, "macro avg_support": 295.0, "weighted avg_precision": 0.20673076923076922, "weighted avg_recall": 0.14576271186440679, "weighted avg_f1-score": 0.17097415506958252, "weighted avg_support": 295.0, "B-Questioning_the_Reputation_support": 208, "I-Questioning_the_Reputation_support": 2940, "O_support": 2432, "train_data_path": "/home/pgajo/checkthat24/checkthat24_DIT/data/train_gold/train_gold_sentences.json"}