{"micro_f1": 0.7340748230535895, "Appeal_to_Popularity_precision": 0.3617021276595745, "Appeal_to_Popularity_recall": 0.22077922077922077, "Appeal_to_Popularity_f1-score": 0.27419354838709675, "Appeal_to_Popularity_support": 77.0, "micro avg_precision": 0.3617021276595745, "micro avg_recall": 0.22077922077922077, "micro avg_f1-score": 0.27419354838709675, "micro avg_support": 77.0, "macro avg_precision": 0.3617021276595745, "macro avg_recall": 0.22077922077922077, "macro avg_f1-score": 0.27419354838709675, "macro avg_support": 77.0, "weighted avg_precision": 0.3617021276595745, "weighted avg_recall": 0.22077922077922077, "weighted avg_f1-score": 0.27419354838709675, "weighted avg_support": 77.0, "O_support": 1310, "B-Appeal_to_Popularity_support": 47, "I-Appeal_to_Popularity_support": 621}