{"results": [{"micro_f1": 0.8934826299167384, "Repetition_precision": 0.05844155844155844, "Repetition_recall": 0.09183673469387756, "Repetition_f1-score": 0.07142857142857142, "Repetition_support": 98.0, "micro avg_precision": 0.05844155844155844, "micro avg_recall": 0.09183673469387756, "micro avg_f1-score": 0.07142857142857142, "micro avg_support": 98.0, "macro avg_precision": 0.05844155844155844, "macro avg_recall": 0.09183673469387756, "macro avg_f1-score": 0.07142857142857142, "macro avg_support": 98.0, "weighted avg_precision": 0.05844155844155845, "weighted avg_recall": 0.09183673469387756, "weighted avg_f1-score": 0.07142857142857142, "weighted avg_support": 98.0, "O_support": 6221, "B-Repetition_support": 154, "I-Repetition_support": 591, "epoch": 0}, {"micro_f1": 0.8989376973873098, "Repetition_precision": 0.1038961038961039, "Repetition_recall": 0.12121212121212122, "Repetition_f1-score": 0.11188811188811189, "Repetition_support": 132.0, "micro avg_precision": 0.1038961038961039, "micro avg_recall": 0.12121212121212122, "micro avg_f1-score": 0.11188811188811189, "micro avg_support": 132.0, "macro avg_precision": 0.1038961038961039, "macro avg_recall": 0.12121212121212122, "macro avg_f1-score": 0.11188811188811189, "macro avg_support": 132.0, "weighted avg_precision": 0.1038961038961039, "weighted avg_recall": 0.12121212121212122, "weighted avg_f1-score": 0.11188811188811189, "weighted avg_support": 132.0, "O_support": 6221, "B-Repetition_support": 154, "I-Repetition_support": 591, "epoch": 1}, {"micro_f1": 0.8530002871088143, "Repetition_precision": 0.2987012987012987, "Repetition_recall": 0.14935064935064934, "Repetition_f1-score": 0.19913419913419914, "Repetition_support": 308.0, "micro avg_precision": 0.2987012987012987, "micro avg_recall": 0.14935064935064934, "micro avg_f1-score": 0.19913419913419914, "micro avg_support": 308.0, "macro avg_precision": 0.2987012987012987, "macro avg_recall": 0.14935064935064934, "macro avg_f1-score": 0.19913419913419914, "macro avg_support": 308.0, "weighted avg_precision": 0.2987012987012987, "weighted avg_recall": 0.14935064935064934, "weighted avg_f1-score": 0.19913419913419914, "weighted avg_support": 308.0, "O_support": 6221, "B-Repetition_support": 154, "I-Repetition_support": 591, "epoch": 2}, {"micro_f1": 0.9016652311225954, "Repetition_precision": 0.17532467532467533, "Repetition_recall": 0.2076923076923077, "Repetition_f1-score": 0.1901408450704225, "Repetition_support": 130.0, "micro avg_precision": 0.17532467532467533, "micro avg_recall": 0.2076923076923077, "micro avg_f1-score": 0.1901408450704225, "micro avg_support": 130.0, "macro avg_precision": 0.17532467532467533, "macro avg_recall": 0.2076923076923077, "macro avg_f1-score": 0.1901408450704225, "macro avg_support": 130.0, "weighted avg_precision": 0.17532467532467533, "weighted avg_recall": 0.2076923076923077, "weighted avg_f1-score": 0.1901408450704225, "weighted avg_support": 130.0, "O_support": 6221, "B-Repetition_support": 154, "I-Repetition_support": 591, "epoch": 3}], "best_epoch": 3, "train_data_path": "./data/formatted/train_sentences_ls.json"}