{"micro_f1": 0.874791538664092, "Name_Calling-Labeling_precision": 0.1923497267759563, "Name_Calling-Labeling_recall": 0.2337317397078353, "Name_Calling-Labeling_f1-score": 0.21103117505995203, "Name_Calling-Labeling_support": 753.0, "micro avg_precision": 0.1923497267759563, "micro avg_recall": 0.2337317397078353, "micro avg_f1-score": 0.21103117505995203, "micro avg_support": 753.0, "macro avg_precision": 0.1923497267759563, "macro avg_recall": 0.2337317397078353, "macro avg_f1-score": 0.21103117505995203, "macro avg_support": 753.0, "weighted avg_precision": 0.1923497267759563, "weighted avg_recall": 0.2337317397078353, "weighted avg_f1-score": 0.21103117505995203, "weighted avg_support": 753.0, "O_support": 19631, "B-Name_Calling-Labeling_support": 915, "I-Name_Calling-Labeling_support": 2240, "train_data_path": "/home/pgajo/checkthat24/checkthat24_DIT/data/train_gold/train_gold_sentences.json"}