{"micro_f1": 0.7286892758936755, "Red_Herring_precision": 0.30434782608695654, "Red_Herring_recall": 0.1590909090909091, "Red_Herring_f1-score": 0.20895522388059704, "Red_Herring_support": 44.0, "micro avg_precision": 0.30434782608695654, "micro avg_recall": 0.1590909090909091, "micro avg_f1-score": 0.20895522388059704, "micro avg_support": 44.0, "macro avg_precision": 0.30434782608695654, "macro avg_recall": 0.1590909090909091, "macro avg_f1-score": 0.20895522388059704, "macro avg_support": 44.0, "weighted avg_precision": 0.30434782608695654, "weighted avg_recall": 0.1590909090909091, "weighted avg_f1-score": 0.20895522388059706, "weighted avg_support": 44.0, "O_support": 695, "B-Red_Herring_support": 23, "I-Red_Herring_support": 373}