{"micro_f1": 0.6323040380047505, "Obfuscation-Vagueness-Confusion_precision": 0.1276595744680851, "Obfuscation-Vagueness-Confusion_recall": 0.0625, "Obfuscation-Vagueness-Confusion_f1-score": 0.08391608391608392, "Obfuscation-Vagueness-Confusion_support": 96.0, "micro avg_precision": 0.1276595744680851, "micro avg_recall": 0.0625, "micro avg_f1-score": 0.08391608391608392, "micro avg_support": 96.0, "macro avg_precision": 0.1276595744680851, "macro avg_recall": 0.0625, "macro avg_f1-score": 0.08391608391608392, "macro avg_support": 96.0, "weighted avg_precision": 0.1276595744680851, "weighted avg_recall": 0.0625, "weighted avg_f1-score": 0.08391608391608392, "weighted avg_support": 96.0, "O_support": 1201, "B-Obfuscation-Vagueness-Confusion_support": 47, "I-Obfuscation-Vagueness-Confusion_support": 857}