{"micro_f1": 0.8061923895060269, "Appeal_to_Values_precision": 0.32323232323232326, "Appeal_to_Values_recall": 0.1839080459770115, "Appeal_to_Values_f1-score": 0.23443223443223443, "Appeal_to_Values_support": 174.0, "micro avg_precision": 0.32323232323232326, "micro avg_recall": 0.1839080459770115, "micro avg_f1-score": 0.23443223443223443, "micro avg_support": 174.0, "macro avg_precision": 0.32323232323232326, "macro avg_recall": 0.1839080459770115, "macro avg_f1-score": 0.23443223443223443, "macro avg_support": 174.0, "weighted avg_precision": 0.32323232323232326, "weighted avg_recall": 0.1839080459770115, "weighted avg_f1-score": 0.2344322344322344, "weighted avg_support": 174.0, "O_support": 2424, "B-Appeal_to_Values_support": 99, "I-Appeal_to_Values_support": 1708}