{"results": [{"micro_f1": 0.8384185646755479, "Consequential_Oversimplification_precision": 0.27450980392156865, "Consequential_Oversimplification_recall": 0.13725490196078433, "Consequential_Oversimplification_f1-score": 0.18300653594771246, "Consequential_Oversimplification_support": 102.0, "micro avg_precision": 0.27450980392156865, "micro avg_recall": 0.13725490196078433, "micro avg_f1-score": 0.18300653594771246, "micro avg_support": 102.0, "macro avg_precision": 0.27450980392156865, "macro avg_recall": 0.13725490196078433, "macro avg_f1-score": 0.18300653594771246, "macro avg_support": 102.0, "weighted avg_precision": 0.27450980392156865, "weighted avg_recall": 0.13725490196078433, "weighted avg_f1-score": 0.18300653594771246, "weighted avg_support": 102.0, "O_support": 976, "B-Consequential_Oversimplification_support": 51, "I-Consequential_Oversimplification_support": 1300, "epoch": 0}, {"micro_f1": 0.7782552642887838, "Consequential_Oversimplification_precision": 0.17647058823529413, "Consequential_Oversimplification_recall": 0.10975609756097561, "Consequential_Oversimplification_f1-score": 0.13533834586466165, "Consequential_Oversimplification_support": 82.0, "micro avg_precision": 0.17647058823529413, "micro avg_recall": 0.10975609756097561, "micro avg_f1-score": 0.13533834586466165, "micro avg_support": 82.0, "macro avg_precision": 0.17647058823529413, "macro avg_recall": 0.10975609756097561, "macro avg_f1-score": 0.13533834586466165, "macro avg_support": 82.0, "weighted avg_precision": 0.17647058823529413, "weighted avg_recall": 0.10975609756097561, "weighted avg_f1-score": 0.13533834586466165, "weighted avg_support": 82.0, "O_support": 976, "B-Consequential_Oversimplification_support": 51, "I-Consequential_Oversimplification_support": 1300, "epoch": 1}, {"micro_f1": 0.8242372152986678, "Consequential_Oversimplification_precision": 0.29411764705882354, "Consequential_Oversimplification_recall": 0.16129032258064516, "Consequential_Oversimplification_f1-score": 0.20833333333333331, "Consequential_Oversimplification_support": 93.0, "micro avg_precision": 0.29411764705882354, "micro avg_recall": 0.16129032258064516, "micro avg_f1-score": 0.20833333333333331, "micro avg_support": 93.0, "macro avg_precision": 0.29411764705882354, "macro avg_recall": 0.16129032258064516, "macro avg_f1-score": 0.20833333333333331, "macro avg_support": 93.0, "weighted avg_precision": 0.29411764705882354, "weighted avg_recall": 0.16129032258064516, "weighted avg_f1-score": 0.20833333333333334, "weighted avg_support": 93.0, "O_support": 976, "B-Consequential_Oversimplification_support": 51, "I-Consequential_Oversimplification_support": 1300, "epoch": 2}, {"micro_f1": 0.8384185646755479, "Consequential_Oversimplification_precision": 0.35294117647058826, "Consequential_Oversimplification_recall": 0.1978021978021978, "Consequential_Oversimplification_f1-score": 0.2535211267605634, "Consequential_Oversimplification_support": 91.0, "micro avg_precision": 0.35294117647058826, "micro avg_recall": 0.1978021978021978, "micro avg_f1-score": 0.2535211267605634, "micro avg_support": 91.0, "macro avg_precision": 0.35294117647058826, "macro avg_recall": 0.1978021978021978, "macro avg_f1-score": 0.2535211267605634, "macro avg_support": 91.0, "weighted avg_precision": 0.35294117647058826, "weighted avg_recall": 0.1978021978021978, "weighted avg_f1-score": 0.2535211267605634, "weighted avg_support": 91.0, "O_support": 976, "B-Consequential_Oversimplification_support": 51, "I-Consequential_Oversimplification_support": 1300, "epoch": 3}, {"micro_f1": 0.8336914482165879, "Consequential_Oversimplification_precision": 0.43137254901960786, "Consequential_Oversimplification_recall": 0.25882352941176473, "Consequential_Oversimplification_f1-score": 0.32352941176470595, "Consequential_Oversimplification_support": 85.0, "micro avg_precision": 0.43137254901960786, "micro avg_recall": 0.25882352941176473, "micro avg_f1-score": 0.32352941176470595, "micro avg_support": 85.0, "macro avg_precision": 0.43137254901960786, "macro avg_recall": 0.25882352941176473, "macro avg_f1-score": 0.32352941176470595, "macro avg_support": 85.0, "weighted avg_precision": 0.4313725490196079, "weighted avg_recall": 0.25882352941176473, "weighted avg_f1-score": 0.32352941176470595, "weighted avg_support": 85.0, "O_support": 976, "B-Consequential_Oversimplification_support": 51, "I-Consequential_Oversimplification_support": 1300, "epoch": 4}, {"micro_f1": 0.8250966910184787, "Consequential_Oversimplification_precision": 0.37254901960784315, "Consequential_Oversimplification_recall": 0.2111111111111111, "Consequential_Oversimplification_f1-score": 0.2695035460992908, "Consequential_Oversimplification_support": 90.0, "micro avg_precision": 0.37254901960784315, "micro avg_recall": 0.2111111111111111, "micro avg_f1-score": 0.2695035460992908, "micro avg_support": 90.0, "macro avg_precision": 0.37254901960784315, "macro avg_recall": 0.2111111111111111, "macro avg_f1-score": 0.2695035460992908, "macro avg_support": 90.0, "weighted avg_precision": 0.37254901960784315, "weighted avg_recall": 0.2111111111111111, "weighted avg_f1-score": 0.2695035460992908, "weighted avg_support": 90.0, "O_support": 976, "B-Consequential_Oversimplification_support": 51, "I-Consequential_Oversimplification_support": 1300, "epoch": 5}, {"micro_f1": 0.842286205414697, "Consequential_Oversimplification_precision": 0.43137254901960786, "Consequential_Oversimplification_recall": 0.2716049382716049, "Consequential_Oversimplification_f1-score": 0.3333333333333333, "Consequential_Oversimplification_support": 81.0, "micro avg_precision": 0.43137254901960786, "micro avg_recall": 0.2716049382716049, "micro avg_f1-score": 0.3333333333333333, "micro avg_support": 81.0, "macro avg_precision": 0.43137254901960786, "macro avg_recall": 0.2716049382716049, "macro avg_f1-score": 0.3333333333333333, "macro avg_support": 81.0, "weighted avg_precision": 0.43137254901960786, "weighted avg_recall": 0.2716049382716049, "weighted avg_f1-score": 0.3333333333333333, "weighted avg_support": 81.0, "O_support": 976, "B-Consequential_Oversimplification_support": 51, "I-Consequential_Oversimplification_support": 1300, "epoch": 6}, {"micro_f1": 0.8285345938977224, "Consequential_Oversimplification_precision": 0.39215686274509803, "Consequential_Oversimplification_recall": 0.23255813953488372, "Consequential_Oversimplification_f1-score": 0.291970802919708, "Consequential_Oversimplification_support": 86.0, "micro avg_precision": 0.39215686274509803, "micro avg_recall": 0.23255813953488372, "micro avg_f1-score": 0.291970802919708, "micro avg_support": 86.0, "macro avg_precision": 0.39215686274509803, "macro avg_recall": 0.23255813953488372, "macro avg_f1-score": 0.291970802919708, "macro avg_support": 86.0, "weighted avg_precision": 0.39215686274509803, "weighted avg_recall": 0.23255813953488372, "weighted avg_f1-score": 0.291970802919708, "weighted avg_support": 86.0, "O_support": 976, "B-Consequential_Oversimplification_support": 51, "I-Consequential_Oversimplification_support": 1300, "epoch": 7}, {"micro_f1": 0.8379888268156425, "Consequential_Oversimplification_precision": 0.49019607843137253, "Consequential_Oversimplification_recall": 0.29069767441860467, "Consequential_Oversimplification_f1-score": 0.36496350364963503, "Consequential_Oversimplification_support": 86.0, "micro avg_precision": 0.49019607843137253, "micro avg_recall": 0.29069767441860467, "micro avg_f1-score": 0.36496350364963503, "micro avg_support": 86.0, "macro avg_precision": 0.49019607843137253, "macro avg_recall": 0.29069767441860467, "macro avg_f1-score": 0.36496350364963503, "macro avg_support": 86.0, "weighted avg_precision": 0.49019607843137253, "weighted avg_recall": 0.29069767441860467, "weighted avg_f1-score": 0.36496350364963503, "weighted avg_support": 86.0, "O_support": 976, "B-Consequential_Oversimplification_support": 51, "I-Consequential_Oversimplification_support": 1300,