{"results": [{"micro_f1": 0.7325905292479109, "Consequential_Oversimplification_precision": 0.1568627450980392, "Consequential_Oversimplification_recall": 0.08791208791208792, "Consequential_Oversimplification_f1-score": 0.11267605633802817, "Consequential_Oversimplification_support": 91.0, "micro avg_precision": 0.1568627450980392, "micro avg_recall": 0.08791208791208792, "micro avg_f1-score": 0.11267605633802817, "micro avg_support": 91.0, "macro avg_precision": 0.1568627450980392, "macro avg_recall": 0.08791208791208792, "macro avg_f1-score": 0.11267605633802817, "macro avg_support": 91.0, "weighted avg_precision": 0.1568627450980392, "weighted avg_recall": 0.08791208791208792, "weighted avg_f1-score": 0.11267605633802817, "weighted avg_support": 91.0, "O_support": 1162, "B-Consequential_Oversimplification_support": 51, "I-Consequential_Oversimplification_support": 1300, "epoch": 0}, {"micro_f1": 0.8503780342220454, "Consequential_Oversimplification_precision": 0.43137254901960786, "Consequential_Oversimplification_recall": 0.25287356321839083, "Consequential_Oversimplification_f1-score": 0.31884057971014496, "Consequential_Oversimplification_support": 87.0, "micro avg_precision": 0.43137254901960786, "micro avg_recall": 0.25287356321839083, "micro avg_f1-score": 0.31884057971014496, "micro avg_support": 87.0, "macro avg_precision": 0.43137254901960786, "macro avg_recall": 0.25287356321839083, "macro avg_f1-score": 0.31884057971014496, "macro avg_support": 87.0, "weighted avg_precision": 0.43137254901960786, "weighted avg_recall": 0.25287356321839083, "weighted avg_f1-score": 0.31884057971014496, "weighted avg_support": 87.0, "O_support": 1162, "B-Consequential_Oversimplification_support": 51, "I-Consequential_Oversimplification_support": 1300, "epoch": 1}, {"micro_f1": 0.8527656187823319, "Consequential_Oversimplification_precision": 0.21568627450980393, "Consequential_Oversimplification_recall": 0.1111111111111111, "Consequential_Oversimplification_f1-score": 0.14666666666666667, "Consequential_Oversimplification_support": 99.0, "micro avg_precision": 0.21568627450980393, "micro avg_recall": 0.1111111111111111, "micro avg_f1-score": 0.14666666666666667, "micro avg_support": 99.0, "macro avg_precision": 0.21568627450980393, "macro avg_recall": 0.1111111111111111, "macro avg_f1-score": 0.14666666666666667, "macro avg_support": 99.0, "weighted avg_precision": 0.21568627450980393, "weighted avg_recall": 0.1111111111111111, "weighted avg_f1-score": 0.14666666666666667, "weighted avg_support": 99.0, "O_support": 1162, "B-Consequential_Oversimplification_support": 51, "I-Consequential_Oversimplification_support": 1300, "epoch": 2}], "best_epoch": 2, "train_data_path": "./data/formatted/train_sentences_ls.json"}