{"micro_f1": 0.7675858187957232, "Appeal_to_Hypocrisy_precision": 0.29411764705882354, "Appeal_to_Hypocrisy_recall": 0.23809523809523808, "Appeal_to_Hypocrisy_f1-score": 0.2631578947368421, "Appeal_to_Hypocrisy_support": 168.0, "micro avg_precision": 0.29411764705882354, "micro avg_recall": 0.23809523809523808, "micro avg_f1-score": 0.2631578947368421, "micro avg_support": 168.0, "macro avg_precision": 0.29411764705882354, "macro avg_recall": 0.23809523809523808, "macro avg_f1-score": 0.2631578947368421, "macro avg_support": 168.0, "weighted avg_precision": 0.29411764705882354, "weighted avg_recall": 0.23809523809523808, "weighted avg_f1-score": 0.2631578947368421, "weighted avg_support": 168.0, "B-Appeal_to_Hypocrisy_support": 136, "I-Appeal_to_Hypocrisy_support": 2879, "O_support": 2316}