{"micro_f1": 0.6379638439581351, "Obfuscation-Vagueness-Confusion_precision": 0.1276595744680851, "Obfuscation-Vagueness-Confusion_recall": 0.06451612903225806, "Obfuscation-Vagueness-Confusion_f1-score": 0.0857142857142857, "Obfuscation-Vagueness-Confusion_support": 93.0, "micro avg_precision": 0.1276595744680851, "micro avg_recall": 0.06451612903225806, "micro avg_f1-score": 0.0857142857142857, "micro avg_support": 93.0, "macro avg_precision": 0.1276595744680851, "macro avg_recall": 0.06451612903225806, "macro avg_f1-score": 0.0857142857142857, "macro avg_support": 93.0, "weighted avg_precision": 0.1276595744680851, "weighted avg_recall": 0.06451612903225806, "weighted avg_f1-score": 0.0857142857142857, "weighted avg_support": 93.0, "O_support": 1198, "B-Obfuscation-Vagueness-Confusion_support": 47, "I-Obfuscation-Vagueness-Confusion_support": 857}