{"micro_f1": 0.7419215855234813, "Obfuscation-Vagueness-Confusion_precision": 0.2553191489361702, "Obfuscation-Vagueness-Confusion_recall": 0.16666666666666666, "Obfuscation-Vagueness-Confusion_f1-score": 0.2016806722689075, "Obfuscation-Vagueness-Confusion_support": 72.0, "micro avg_precision": 0.2553191489361702, "micro avg_recall": 0.16666666666666666, "micro avg_f1-score": 0.2016806722689075, "micro avg_support": 72.0, "macro avg_precision": 0.2553191489361702, "macro avg_recall": 0.16666666666666666, "macro avg_f1-score": 0.2016806722689075, "macro avg_support": 72.0, "weighted avg_precision": 0.2553191489361702, "weighted avg_recall": 0.16666666666666666, "weighted avg_f1-score": 0.2016806722689075, "weighted avg_support": 72.0, "O_support": 1417, "B-Obfuscation-Vagueness-Confusion_support": 47, "I-Obfuscation-Vagueness-Confusion_support": 857}