{"micro_f1": 0.8360232408005164, "Conversation_Killer_precision": 0.3945578231292517, "Conversation_Killer_recall": 0.4233576642335766, "Conversation_Killer_f1-score": 0.4084507042253521, "Conversation_Killer_support": 137.0, "micro avg_precision": 0.3945578231292517, "micro avg_recall": 0.4233576642335766, "micro avg_f1-score": 0.4084507042253521, "micro avg_support": 137.0, "macro avg_precision": 0.3945578231292517, "macro avg_recall": 0.4233576642335766, "macro avg_f1-score": 0.4084507042253521, "macro avg_support": 137.0, "weighted avg_precision": 0.3945578231292517, "weighted avg_recall": 0.4233576642335766, "weighted avg_f1-score": 0.4084507042253521, "weighted avg_support": 137.0, "B-Conversation_Killer_support": 147, "I-Conversation_Killer_support": 1038, "O_support": 3462}