{"results": [{"micro_f1": 0.7514231499051234, "precision": 0.7514231499051234, "Appeal_to_Popularity_precision": 0.0, "Appeal_to_Popularity_recall": 0.0, "Appeal_to_Popularity_f1-score": 0.0, "Appeal_to_Popularity_support": 121.0, "micro avg_precision": 0.0, "micro avg_recall": 0.0, "micro avg_f1-score": 0.0, "micro avg_support": 121.0, "macro avg_precision": 0.0, "macro avg_recall": 0.0, "macro avg_f1-score": 0.0, "macro avg_support": 121.0, "weighted avg_precision": 0.0, "weighted avg_recall": 0.0, "weighted avg_f1-score": 0.0, "weighted avg_support": 121.0, "O_support": 1440, "B-Appeal_to_Popularity_support": 47, "I-Appeal_to_Popularity_support": 621, "epoch": 0}, {"micro_f1": 0.7552182163187856, "precision": 0.7552182163187856, "Appeal_to_Popularity_precision": 0.0425531914893617, "Appeal_to_Popularity_recall": 0.02197802197802198, "Appeal_to_Popularity_f1-score": 0.028985507246376812, "Appeal_to_Popularity_support": 91.0, "micro avg_precision": 0.0425531914893617, "micro avg_recall": 0.02197802197802198, "micro avg_f1-score": 0.028985507246376812, "micro avg_support": 91.0, "macro avg_precision": 0.0425531914893617, "macro avg_recall": 0.02197802197802198, "macro avg_f1-score": 0.028985507246376812, "macro avg_support": 91.0, "weighted avg_precision": 0.0425531914893617, "weighted avg_recall": 0.02197802197802198, "weighted avg_f1-score": 0.028985507246376812, "weighted avg_support": 91.0, "O_support": 1440, "B-Appeal_to_Popularity_support": 47, "I-Appeal_to_Popularity_support": 621, "epoch": 1}, {"micro_f1": 0.7561669829222012, "precision": 0.7561669829222012, "Appeal_to_Popularity_precision": 0.14893617021276595, "Appeal_to_Popularity_recall": 0.07446808510638298, "Appeal_to_Popularity_f1-score": 0.09929078014184396, "Appeal_to_Popularity_support": 94.0, "micro avg_precision": 0.14893617021276595, "micro avg_recall": 0.07446808510638298, "micro avg_f1-score": 0.09929078014184396, "micro avg_support": 94.0, "macro avg_precision": 0.14893617021276595, "macro avg_recall": 0.07446808510638298, "macro avg_f1-score": 0.09929078014184396, "macro avg_support": 94.0, "weighted avg_precision": 0.14893617021276595, "weighted avg_recall": 0.07446808510638298, "weighted avg_f1-score": 0.09929078014184396, "weighted avg_support": 94.0, "O_support": 1440, "B-Appeal_to_Popularity_support": 47, "I-Appeal_to_Popularity_support": 621, "epoch": 2}, {"micro_f1": 0.7628083491461101, "precision": 0.7628083491461101, "Appeal_to_Popularity_precision": 0.1702127659574468, "Appeal_to_Popularity_recall": 0.07920792079207921, "Appeal_to_Popularity_f1-score": 0.10810810810810811, "Appeal_to_Popularity_support": 101.0, "micro avg_precision": 0.1702127659574468, "micro avg_recall": 0.07920792079207921, "micro avg_f1-score": 0.10810810810810811, "micro avg_support": 101.0, "macro avg_precision": 0.1702127659574468, "macro avg_recall": 0.07920792079207921, "macro avg_f1-score": 0.10810810810810811, "macro avg_support": 101.0, "weighted avg_precision": 0.1702127659574468, "weighted avg_recall": 0.07920792079207921, "weighted avg_f1-score": 0.10810810810810811, "weighted avg_support": 101.0, "O_support": 1440, "B-Appeal_to_Popularity_support": 47, "I-Appeal_to_Popularity_support": 621, "epoch": 3}, {"micro_f1": 0.7338709677419355, "precision": 0.7338709677419355, "Appeal_to_Popularity_precision": 0.3617021276595745, "Appeal_to_Popularity_recall": 0.1559633027522936, "Appeal_to_Popularity_f1-score": 0.21794871794871795, "Appeal_to_Popularity_support": 109.0, "micro avg_precision": 0.3617021276595745, "micro avg_recall": 0.1559633027522936, "micro avg_f1-score": 0.21794871794871795, "micro avg_support": 109.0, "macro avg_precision": 0.3617021276595745, "macro avg_recall": 0.1559633027522936, "macro avg_f1-score": 0.21794871794871795, "macro avg_support": 109.0, "weighted avg_precision": 0.3617021276595745, "weighted avg_recall": 0.1559633027522936, "weighted avg_f1-score": 0.21794871794871795, "weighted avg_support": 109.0, "O_support": 1440, "B-Appeal_to_Popularity_support": 47, "I-Appeal_to_Popularity_support": 621, "epoch": 4}, {"micro_f1": 0.7960151802656547, "precision": 0.7960151802656547, "Appeal_to_Popularity_precision": 0.1702127659574468, "Appeal_to_Popularity_recall": 0.0975609756097561, "Appeal_to_Popularity_f1-score": 0.12403100775193798, "Appeal_to_Popularity_support": 82.0, "micro avg_precision": 0.1702127659574468, "micro avg_recall": 0.0975609756097561, "micro avg_f1-score": 0.12403100775193798, "micro avg_support": 82.0, "macro avg_precision": 0.1702127659574468, "macro avg_recall": 0.0975609756097561, "macro avg_f1-score": 0.12403100775193798, "macro avg_support": 82.0, "weighted avg_precision": 0.1702127659574468, "weighted avg_recall": 0.0975609756097561, "weighted avg_f1-score": 0.12403100775193798, "weighted avg_support": 82.0, "O_support": 1440, "B-Appeal_to_Popularity_support": 47, "I-Appeal_to_Popularity_support": 621, "epoch": 5}, {"micro_f1": 0.6726755218216319, "precision": 0.6726755218216319, "Appeal_to_Popularity_precision": 0.3404255319148936, "Appeal_to_Popularity_recall": 0.13675213675213677, "Appeal_to_Popularity_f1-score": 0.1951219512195122, "Appeal_to_Popularity_support": 117.0, "micro avg_precision": 0.3404255319148936, "micro avg_recall": 0.13675213675213677, "micro avg_f1-score": 0.1951219512195122, "micro avg_support": 117.0, "macro avg_precision": 0.3404255319148936, "macro avg_recall": 0.13675213675213677, "macro avg_f1-score": 0.1951219512195122, "macro avg_support": 117.0, "weighted avg_precision": 0.34042553191489366, "weighted avg_recall": 0.13675213675213677, "weighted avg_f1-score": 0.19512195121951223, "weighted avg_support": 117.0, "O_support": 1440, "B-Appeal_to_Popularity_support": 47, "I-Appeal_to_Popularity_support": 621, "epoch": 6}], "best_epoch": 5, "train_data_path": {"sl": "./data/train_sent_mt/sl/train_gold_sentences_translated_nllb-200-3.3B_eng_Latn-slv_Latn_tok_regex_en-sl/train_gold_sentences_translated_nllb-200-3.3B_eng_Latn-slv_Latn_tok_regex_en-sl_mdeberta-v3-base_mdeberta_xlwa_en-sl_ME3_2024-05-04-12-12-14_ls.json", "ru": "./data/train_sent_mt/ru/train_gold_sentences_translated_nllb-200-3.3B_eng_Latn-rus_Cyrl_tok_regex_en-ru/train_gold_sentences_translated_nllb-200-3.3B_eng_Latn-rus_Cyrl_tok_regex_en-ru_mdeberta-v3-base_mdeberta_xlwa_en-ru_ME3_2024-05-04-12-09-20_ls.json", "pt": "./data/train_sent_mt/pt/train_gold_sentences_translated_nllb-200-3.3B_eng_Latn-por_Latn_tok_regex_en-pt/train_gold_sentences_translated_nllb-200-3.3B_eng_Latn-por_Latn_tok_regex_en-pt_mdeberta-v3-base_mdeberta_xlwa_en-pt_ME3_2024-05-04-12-07-45_ls.json", "it": "./data/train_sent_mt/it/train_gold_sentences_translated_nllb-200-3.3B_eng_Latn-ita_Latn_tok_regex_en-it/train_gold_sentences_translated_nllb-200-3.3B_eng_Latn-ita_Latn_tok_regex_en-it_mdeberta-v3-base_mdeberta_xlwa_en-it_ME3_2024-05-04-12-05-00_ls.json", "es": "./data/train_sent_mt/es/train_gold_sentences_translated_nllb-200-3.3B_eng_Latn-spa_Latn_tok_regex_en-es/train_gold_sentences_translated_nllb-200-3.3B_eng_Latn-spa_Latn_tok_regex_en-es_mdeberta-v3-base_mdeberta_xlwa_en-es_ME3_2024-05-04-12-01-43_ls.json", "bg": "./data/train_sent_mt/bg/train_gold_sentences_translated_nllb-200-3.3B_eng_Latn-bul_Cyrl_tok_regex_en-bg/train_gold_sentences_translated_nllb-200-3.3B_eng_Latn-bul_Cyrl_tok_regex_en-bg_mdeberta-v3-base_mdeberta_xlwa_en-bg_ME3_2024-05-04-11-58-52_ls.json"}}