{"micro_f1": 0.8083458808345881, "Exaggeration-Minimisation_precision": 0.1941747572815534, "Exaggeration-Minimisation_recall": 0.1593625498007968, "Exaggeration-Minimisation_f1-score": 0.175054704595186, "Exaggeration-Minimisation_support": 251.0, "micro avg_precision": 0.1941747572815534, "micro avg_recall": 0.1593625498007968, "micro avg_f1-score": 0.175054704595186, "micro avg_support": 251.0, "macro avg_precision": 0.1941747572815534, "macro avg_recall": 0.1593625498007968, "macro avg_f1-score": 0.175054704595186, "macro avg_support": 251.0, "weighted avg_precision": 0.1941747572815534, "weighted avg_recall": 0.1593625498007968, "weighted avg_f1-score": 0.175054704595186, "weighted avg_support": 251.0, "O_support": 7235, "B-Exaggeration-Minimisation_support": 206, "I-Exaggeration-Minimisation_support": 1857}