{"micro_f1": 0.7695379349686253, "Guilt_by_Association_precision": 0.25882352941176473, "Guilt_by_Association_recall": 0.18333333333333332, "Guilt_by_Association_f1-score": 0.21463414634146344, "Guilt_by_Association_support": 120.0, "micro avg_precision": 0.25882352941176473, "micro avg_recall": 0.18333333333333332, "micro avg_f1-score": 0.21463414634146344, "micro avg_support": 120.0, "macro avg_precision": 0.25882352941176473, "macro avg_recall": 0.18333333333333332, "macro avg_f1-score": 0.21463414634146344, "macro avg_support": 120.0, "weighted avg_precision": 0.25882352941176473, "weighted avg_recall": 0.18333333333333332, "weighted avg_f1-score": 0.21463414634146344, "weighted avg_support": 120.0, "O_support": 2151, "B-Guilt_by_Association_support": 85, "I-Guilt_by_Association_support": 1270}