{"micro_f1": 0.8592777085927771, "Conversation_Killer_precision": 0.47619047619047616, "Conversation_Killer_recall": 0.38461538461538464, "Conversation_Killer_f1-score": 0.42553191489361697, "Conversation_Killer_support": 182.0, "micro avg_precision": 0.47619047619047616, "micro avg_recall": 0.38461538461538464, "micro avg_f1-score": 0.42553191489361697, "micro avg_support": 182.0, "macro avg_precision": 0.47619047619047616, "macro avg_recall": 0.38461538461538464, "macro avg_f1-score": 0.42553191489361697, "macro avg_support": 182.0, "weighted avg_precision": 0.47619047619047616, "weighted avg_recall": 0.38461538461538464, "weighted avg_f1-score": 0.42553191489361697, "weighted avg_support": 182.0, "B-Conversation_Killer_support": 147, "I-Conversation_Killer_support": 1038, "O_support": 3633}