{"micro_f1": 0.8212290502793297, "Red_Herring_precision": 0.43478260869565216, "Red_Herring_recall": 0.23809523809523808, "Red_Herring_f1-score": 0.30769230769230765, "Red_Herring_support": 42.0, "micro avg_precision": 0.43478260869565216, "micro avg_recall": 0.23809523809523808, "micro avg_f1-score": 0.30769230769230765, "micro avg_support": 42.0, "macro avg_precision": 0.43478260869565216, "macro avg_recall": 0.23809523809523808, "macro avg_f1-score": 0.30769230769230765, "macro avg_support": 42.0, "weighted avg_precision": 0.43478260869565216, "weighted avg_recall": 0.23809523809523808, "weighted avg_f1-score": 0.30769230769230765, "weighted avg_support": 42.0, "O_support": 857, "B-Red_Herring_support": 23, "I-Red_Herring_support": 373}