{"micro_f1": 0.7741935483870968, "Appeal_to_Hypocrisy_precision": 0.2867647058823529, "Appeal_to_Hypocrisy_recall": 0.1848341232227488, "Appeal_to_Hypocrisy_f1-score": 0.22478386167146974, "Appeal_to_Hypocrisy_support": 211.0, "micro avg_precision": 0.2867647058823529, "micro avg_recall": 0.1848341232227488, "micro avg_f1-score": 0.22478386167146974, "micro avg_support": 211.0, "macro avg_precision": 0.2867647058823529, "macro avg_recall": 0.1848341232227488, "macro avg_f1-score": 0.22478386167146974, "macro avg_support": 211.0, "weighted avg_precision": 0.2867647058823529, "weighted avg_recall": 0.1848341232227488, "weighted avg_f1-score": 0.22478386167146974, "weighted avg_support": 211.0, "B-Appeal_to_Hypocrisy_support": 136, "I-Appeal_to_Hypocrisy_support": 2879, "O_support": 2720}