{"results": [{"micro_f1": 0.7984373230664704, "Appeal_to_Fear-Prejudice_precision": 0.12568306010928962, "Appeal_to_Fear-Prejudice_recall": 0.0756578947368421, "Appeal_to_Fear-Prejudice_f1-score": 0.0944558521560575, "Appeal_to_Fear-Prejudice_support": 304.0, "micro avg_precision": 0.12568306010928962, "micro avg_recall": 0.0756578947368421, "micro avg_f1-score": 0.0944558521560575, "micro avg_support": 304.0, "macro avg_precision": 0.12568306010928962, "macro avg_recall": 0.0756578947368421, "macro avg_f1-score": 0.0944558521560575, "macro avg_support": 304.0, "weighted avg_precision": 0.12568306010928962, "weighted avg_recall": 0.0756578947368421, "weighted avg_f1-score": 0.0944558521560575, "weighted avg_support": 304.0, "B-Appeal_to_Fear-Prejudice_support": 183, "I-Appeal_to_Fear-Prejudice_support": 2741, "O_support": 5907, "epoch": 0}, {"micro_f1": 0.8399954705016419, "Appeal_to_Fear-Prejudice_precision": 0.2677595628415301, "Appeal_to_Fear-Prejudice_recall": 0.1801470588235294, "Appeal_to_Fear-Prejudice_f1-score": 0.2153846153846154, "Appeal_to_Fear-Prejudice_support": 272.0, "micro avg_precision": 0.2677595628415301, "micro avg_recall": 0.1801470588235294, "micro avg_f1-score": 0.2153846153846154, "micro avg_support": 272.0, "macro avg_precision": 0.2677595628415301, "macro avg_recall": 0.1801470588235294, "macro avg_f1-score": 0.2153846153846154, "macro avg_support": 272.0, "weighted avg_precision": 0.2677595628415301, "weighted avg_recall": 0.1801470588235294, "weighted avg_f1-score": 0.2153846153846154, "weighted avg_support": 272.0, "B-Appeal_to_Fear-Prejudice_support": 183, "I-Appeal_to_Fear-Prejudice_support": 2741, "O_support": 5907, "epoch": 1}, {"micro_f1": 0.8286717246064998, "Appeal_to_Fear-Prejudice_precision": 0.273224043715847, "Appeal_to_Fear-Prejudice_recall": 0.20080321285140562, "Appeal_to_Fear-Prejudice_f1-score": 0.23148148148148148, "Appeal_to_Fear-Prejudice_support": 249.0, "micro avg_precision": 0.273224043715847, "micro avg_recall": 0.20080321285140562, "micro avg_f1-score": 0.23148148148148148, "micro avg_support": 249.0, "macro avg_precision": 0.273224043715847, "macro avg_recall": 0.20080321285140562, "macro avg_f1-score": 0.23148148148148148, "macro avg_support": 249.0, "weighted avg_precision": 0.273224043715847, "weighted avg_recall": 0.20080321285140562, "weighted avg_f1-score": 0.23148148148148148, "weighted avg_support": 249.0, "B-Appeal_to_Fear-Prejudice_support": 183, "I-Appeal_to_Fear-Prejudice_support": 2741, "O_support": 5907, "epoch": 2}, {"micro_f1": 0.8425999320575246, "Appeal_to_Fear-Prejudice_precision": 0.30601092896174864, "Appeal_to_Fear-Prejudice_recall": 0.2196078431372549, "Appeal_to_Fear-Prejudice_f1-score": 0.2557077625570776, "Appeal_to_Fear-Prejudice_support": 255.0, "micro avg_precision": 0.30601092896174864, "micro avg_recall": 0.2196078431372549, "micro avg_f1-score": 0.2557077625570776, "micro avg_support": 255.0, "macro avg_precision": 0.30601092896174864, "macro avg_recall": 0.2196078431372549, "macro avg_f1-score": 0.2557077625570776, "macro avg_support": 255.0, "weighted avg_precision": 0.30601092896174864, "weighted avg_recall": 0.2196078431372549, "weighted avg_f1-score": 0.2557077625570776, "weighted avg_support": 255.0, "B-Appeal_to_Fear-Prejudice_support": 183, "I-Appeal_to_Fear-Prejudice_support": 2741, "O_support": 5907, "epoch": 3}, {"micro_f1": 0.822783376741026, "Appeal_to_Fear-Prejudice_precision": 0.366120218579235, "Appeal_to_Fear-Prejudice_recall": 0.24814814814814815, "Appeal_to_Fear-Prejudice_f1-score": 0.2958057395143488, "Appeal_to_Fear-Prejudice_support": 270.0, "micro avg_precision": 0.366120218579235, "micro avg_recall": 0.24814814814814815, "micro avg_f1-score": 0.2958057395143488, "micro avg_support": 270.0, "macro avg_precision": 0.366120218579235, "macro avg_recall": 0.24814814814814815, "macro avg_f1-score": 0.2958057395143488, "macro avg_support": 270.0, "weighted avg_precision": 0.366120218579235, "weighted avg_recall": 0.24814814814814815, "weighted avg_f1-score": 0.2958057395143488, "weighted avg_support": 270.0, "B-Appeal_to_Fear-Prejudice_support": 183, "I-Appeal_to_Fear-Prejudice_support": 2741, "O_support": 5907, "epoch": 4}, {"micro_f1": 0.8425999320575246, "Appeal_to_Fear-Prejudice_precision": 0.3224043715846995, "Appeal_to_Fear-Prejudice_recall": 0.2489451476793249, "Appeal_to_Fear-Prejudice_f1-score": 0.28095238095238095, "Appeal_to_Fear-Prejudice_support": 237.0, "micro avg_precision": 0.3224043715846995, "micro avg_recall": 0.2489451476793249, "micro avg_f1-score": 0.28095238095238095, "micro avg_support": 237.0, "macro avg_precision": 0.3224043715846995, "macro avg_recall": 0.2489451476793249, "macro avg_f1-score": 0.28095238095238095, "macro avg_support": 237.0, "weighted avg_precision": 0.3224043715846995, "weighted avg_recall": 0.2489451476793249, "weighted avg_f1-score": 0.28095238095238095, "weighted avg_support": 237.0, "B-Appeal_to_Fear-Prejudice_support": 183, "I-Appeal_to_Fear-Prejudice_support": 2741, "O_support": 5907, "epoch": 5}, {"micro_f1": 0.8365983467330993, "Appeal_to_Fear-Prejudice_precision": 0.34972677595628415, "Appeal_to_Fear-Prejudice_recall": 0.26229508196721313, "Appeal_to_Fear-Prejudice_f1-score": 0.2997658079625293, "Appeal_to_Fear-Prejudice_support": 244.0, "micro avg_precision": 0.34972677595628415, "micro avg_recall": 0.26229508196721313, "micro avg_f1-score": 0.2997658079625293, "micro avg_support": 244.0, "macro avg_precision": 0.34972677595628415, "macro avg_recall": 0.26229508196721313, "macro avg_f1-score": 0.2997658079625293, "macro avg_support": 244.0, "weighted avg_precision": 0.34972677595628415, "weighted avg_recall": 0.26229508196721313, "weighted avg_f1-score": 0.2997658079625293, "weighted avg_support": 244.0, "B-Appeal_to_Fear-Prejudice_support": 183, "I-Appeal_to_Fear-Prejudice_support": 2741, "O_support": 5907, "epoch": 6}, {"micro_f1": 0.8355792096025365, "Appeal_to_Fear-Prejudice_precision": 0.366120218579235, "Appeal_to_Fear-Prejudice_recall": 0.2838983050847458, "Appeal_to_Fear-Prejudice_f1-score": 0.3198090692124105, "Appeal_to_Fear-Prejudice_support": 236.0, "micro avg_precision": 0.366120218579235, "micro avg_recall": 0.2838983050847458, "micro avg_f1-score": 0.3198090692124105, "micro avg_support": 236.0, "macro avg_precision": 0.366120218579235, "macro avg_recall": 0.2838983050847458, "macro avg_f1-score": 0.3198090692124105, "macro avg_support": 236.0, "weighted avg_precision": 0.366120218579235, "weighted avg_recall": 0.2838983050847458, "weighted avg_f1-score": 0.3198090692124105, "weighted avg_support": 236.0, "B-Appeal_to_Fear-Prejudice_support": 183, "I-Appeal_to_Fear-Prejudice_support": 2741, "O_support": 5907, "epoch": 7}, {"micro_f1": 0.8548295776242781, "Appeal_to_Fear-Prejudice_precision": 0.37158469945355194, "Appeal_to_Fear-Prejudice_recall": 0.29694323144104806, "Appeal_to_Fear-Prejudice_f1-score": 0.33009708737864085, "Appeal_to_Fear-Prejudice_support": 229.0, "micro avg_precision": 0.37158469945355194, "micro avg_recall": 0.29694323144104806, "micro avg_f1-score": 0.33009708737864085, "micro avg_support": 229.0, "macro avg_precision": 0.37158469945355194, "macro avg_recall": 0.29694323144104806, "macro avg_f1-score": 0.33009708737864085, "macro avg_support": 229.0, "weighted avg_precision": 0.37158469945355194, "weighted avg_recall": 0.29694323144104806, "weighted avg_f1-score": 0.33009708737864085, "weighted avg_support": 229.0, "B-Appeal_to_Fear-Prejudice_support": 183, "I-Appeal_to_Fear-Prejudice_support": 2741, "O_support": 5907, "epoch": 8}, {"micro_f1": 0.8159891292039406, "Appeal_to_Fear-Prejudice_precision": 0.3770491803278688, "Appeal_to_Fear-Prejudice_recall": 0.24555160142348753, "Appeal_to_Fear-Prejudice_f1-score": 0.2974137931034483, "Appeal_to_Fear-Prejudice_support": 281.0, "micro avg_precision": 0.3770491803278688, "micro avg_recall": 0.24555160142348753, "micro avg_f1-score": 0.2974137931034483, "micro avg_support": 281.0,