{"micro_f1": 0.6980138957119798, "Doubt_precision": 0.20867768595041322, "Doubt_recall": 0.14831130690161526, "Doubt_f1-score": 0.17339055793991417, "Doubt_support": 681.0, "micro avg_precision": 0.20867768595041322, "micro avg_recall": 0.14831130690161526, "micro avg_f1-score": 0.17339055793991417, "micro avg_support": 681.0, "macro avg_precision": 0.20867768595041322, "macro avg_recall": 0.14831130690161526, "macro avg_f1-score": 0.17339055793991417, "macro avg_support": 681.0, "weighted avg_precision": 0.2086776859504132, "weighted avg_recall": 0.14831130690161526, "weighted avg_f1-score": 0.17339055793991417, "weighted avg_support": 681.0, "O_support": 6801, "B-Doubt_support": 484, "I-Doubt_support": 6964, "train_data_path": "/home/pgajo/checkthat24/checkthat24_DIT/data/train_gold/train_gold_sentences.json"}