{"micro_f1": 0.7252211039951203, "Questioning_the_Reputation_precision": 0.32298136645962733, "Questioning_the_Reputation_recall": 0.18538324420677363, "Questioning_the_Reputation_f1-score": 0.23556058890147227, "Questioning_the_Reputation_support": 561.0, "micro avg_precision": 0.32298136645962733, "micro avg_recall": 0.18538324420677363, "micro avg_f1-score": 0.23556058890147227, "micro avg_support": 561.0, "macro avg_precision": 0.32298136645962733, "macro avg_recall": 0.18538324420677363, "macro avg_f1-score": 0.23556058890147227, "macro avg_support": 561.0, "weighted avg_precision": 0.32298136645962733, "weighted avg_recall": 0.18538324420677363, "weighted avg_f1-score": 0.23556058890147227, "weighted avg_support": 561.0, "O_support": 7573, "B-Questioning_the_Reputation_support": 322, "I-Questioning_the_Reputation_support": 5221}