{"micro_f1": 0.804914213090447, "Exaggeration-Minimisation_precision": 0.22815533980582525, "Exaggeration-Minimisation_recall": 0.14873417721518986, "Exaggeration-Minimisation_f1-score": 0.1800766283524904, "Exaggeration-Minimisation_support": 316.0, "micro avg_precision": 0.22815533980582525, "micro avg_recall": 0.14873417721518986, "micro avg_f1-score": 0.1800766283524904, "micro avg_support": 316.0, "macro avg_precision": 0.22815533980582525, "macro avg_recall": 0.14873417721518986, "macro avg_f1-score": 0.1800766283524904, "macro avg_support": 316.0, "weighted avg_precision": 0.22815533980582525, "weighted avg_recall": 0.14873417721518986, "weighted avg_f1-score": 0.1800766283524904, "weighted avg_support": 316.0, "O_support": 7379, "B-Exaggeration-Minimisation_support": 206, "I-Exaggeration-Minimisation_support": 1857}