{"micro_f1": 0.8442817144087874, "Conversation_Killer_precision": 0.46258503401360546, "Conversation_Killer_recall": 0.3953488372093023, "Conversation_Killer_f1-score": 0.4263322884012539, "Conversation_Killer_support": 172.0, "micro avg_precision": 0.46258503401360546, "micro avg_recall": 0.3953488372093023, "micro avg_f1-score": 0.4263322884012539, "micro avg_support": 172.0, "macro avg_precision": 0.46258503401360546, "macro avg_recall": 0.3953488372093023, "macro avg_f1-score": 0.4263322884012539, "macro avg_support": 172.0, "weighted avg_precision": 0.46258503401360546, "weighted avg_recall": 0.3953488372093023, "weighted avg_f1-score": 0.4263322884012539, "weighted avg_support": 172.0, "B-Conversation_Killer_support": 147, "I-Conversation_Killer_support": 1038, "O_support": 3458}