{"micro_f1": 0.7847193773043835, "Appeal_to_Authority_precision": 0.3076923076923077, "Appeal_to_Authority_recall": 0.2033898305084746, "Appeal_to_Authority_f1-score": 0.24489795918367346, "Appeal_to_Authority_support": 177.0, "micro avg_precision": 0.3076923076923077, "micro avg_recall": 0.2033898305084746, "micro avg_f1-score": 0.24489795918367346, "micro avg_support": 177.0, "macro avg_precision": 0.3076923076923077, "macro avg_recall": 0.2033898305084746, "macro avg_f1-score": 0.24489795918367346, "macro avg_support": 177.0, "weighted avg_precision": 0.3076923076923077, "weighted avg_recall": 0.2033898305084746, "weighted avg_f1-score": 0.24489795918367346, "weighted avg_support": 177.0, "O_support": 2837, "B-Appeal_to_Authority_support": 117, "I-Appeal_to_Authority_support": 1928}