{"micro_f1": 0.6931518876207199, "Obfuscation-Vagueness-Confusion_precision": 0.10638297872340426, "Obfuscation-Vagueness-Confusion_recall": 0.054945054945054944, "Obfuscation-Vagueness-Confusion_f1-score": 0.07246376811594202, "Obfuscation-Vagueness-Confusion_support": 91.0, "micro avg_precision": 0.10638297872340426, "micro avg_recall": 0.054945054945054944, "micro avg_f1-score": 0.07246376811594202, "micro avg_support": 91.0, "macro avg_precision": 0.10638297872340426, "macro avg_recall": 0.054945054945054944, "macro avg_f1-score": 0.07246376811594202, "macro avg_support": 91.0, "weighted avg_precision": 0.10638297872340424, "weighted avg_recall": 0.054945054945054944, "weighted avg_f1-score": 0.07246376811594202, "weighted avg_support": 91.0, "O_support": 1374, "B-Obfuscation-Vagueness-Confusion_support": 47, "I-Obfuscation-Vagueness-Confusion_support": 857}