{"micro_f1": 0.7449414270500532, "Appeal_to_Popularity_precision": 0.3617021276595745, "Appeal_to_Popularity_recall": 0.20238095238095238, "Appeal_to_Popularity_f1-score": 0.2595419847328244, "Appeal_to_Popularity_support": 84.0, "micro avg_precision": 0.3617021276595745, "micro avg_recall": 0.20238095238095238, "micro avg_f1-score": 0.2595419847328244, "micro avg_support": 84.0, "macro avg_precision": 0.3617021276595745, "macro avg_recall": 0.20238095238095238, "macro avg_f1-score": 0.2595419847328244, "macro avg_support": 84.0, "weighted avg_precision": 0.3617021276595745, "weighted avg_recall": 0.20238095238095238, "weighted avg_f1-score": 0.2595419847328244, "weighted avg_support": 84.0, "O_support": 1210, "B-Appeal_to_Popularity_support": 47, "I-Appeal_to_Popularity_support": 621}