{"micro_f1": 0.8129130655821047, "Appeal_to_Popularity_precision": 0.23404255319148937, "Appeal_to_Popularity_recall": 0.16417910447761194, "Appeal_to_Popularity_f1-score": 0.19298245614035087, "Appeal_to_Popularity_support": 67.0, "micro avg_precision": 0.23404255319148937, "micro avg_recall": 0.16417910447761194, "micro avg_f1-score": 0.19298245614035087, "micro avg_support": 67.0, "macro avg_precision": 0.23404255319148937, "macro avg_recall": 0.16417910447761194, "macro avg_f1-score": 0.19298245614035087, "macro avg_support": 67.0, "weighted avg_precision": 0.23404255319148937, "weighted avg_recall": 0.16417910447761194, "weighted avg_f1-score": 0.19298245614035087, "weighted avg_support": 67.0, "O_support": 1299, "B-Appeal_to_Popularity_support": 47, "I-Appeal_to_Popularity_support": 621}