{"micro_f1": 0.7672669250056987, "Questioning_the_Reputation_precision": 0.3167701863354037, "Questioning_the_Reputation_recall": 0.19029850746268656, "Questioning_the_Reputation_f1-score": 0.23776223776223776, "Questioning_the_Reputation_support": 536.0, "micro avg_precision": 0.3167701863354037, "micro avg_recall": 0.19029850746268656, "micro avg_f1-score": 0.23776223776223776, "micro avg_support": 536.0, "macro avg_precision": 0.3167701863354037, "macro avg_recall": 0.19029850746268656, "macro avg_f1-score": 0.23776223776223776, "macro avg_support": 536.0, "weighted avg_precision": 0.3167701863354037, "weighted avg_recall": 0.19029850746268656, "weighted avg_f1-score": 0.23776223776223776, "weighted avg_support": 536.0, "O_support": 7618, "B-Questioning_the_Reputation_support": 322, "I-Questioning_the_Reputation_support": 5221}