{"micro_f1": 0.7666597895605529, "Appeal_to_Authority_precision": 0.3076923076923077, "Appeal_to_Authority_recall": 0.21951219512195122, "Appeal_to_Authority_f1-score": 0.25622775800711745, "Appeal_to_Authority_support": 164.0, "micro avg_precision": 0.3076923076923077, "micro avg_recall": 0.21951219512195122, "micro avg_f1-score": 0.25622775800711745, "micro avg_support": 164.0, "macro avg_precision": 0.3076923076923077, "macro avg_recall": 0.21951219512195122, "macro avg_f1-score": 0.25622775800711745, "macro avg_support": 164.0, "weighted avg_precision": 0.3076923076923077, "weighted avg_recall": 0.21951219512195122, "weighted avg_f1-score": 0.25622775800711745, "weighted avg_support": 164.0, "O_support": 2802, "B-Appeal_to_Authority_support": 117, "I-Appeal_to_Authority_support": 1928}