{"micro_f1": 0.9527519102196753, "Name_Calling-Labeling_precision": 0.4803921568627451, "Name_Calling-Labeling_recall": 0.5355191256830601, "Name_Calling-Labeling_f1-score": 0.5064599483204134, "Name_Calling-Labeling_support": 732.0, "micro avg_precision": 0.4803921568627451, "micro avg_recall": 0.5355191256830601, "micro avg_f1-score": 0.5064599483204134, "micro avg_support": 732.0, "macro avg_precision": 0.4803921568627451, "macro avg_recall": 0.5355191256830601, "macro avg_f1-score": 0.5064599483204134, "macro avg_support": 732.0, "weighted avg_precision": 0.48039215686274517, "weighted avg_recall": 0.5355191256830601, "weighted avg_f1-score": 0.5064599483204134, "weighted avg_support": 732.0, "O_support": 30471, "B-Name_Calling-Labeling_support": 816, "I-Name_Calling-Labeling_support": 2217}