{"micro_f1": 0.7966850828729282, "Appeal_to_Time_precision": 0.14814814814814814, "Appeal_to_Time_recall": 0.09523809523809523, "Appeal_to_Time_f1-score": 0.11594202898550725, "Appeal_to_Time_support": 42.0, "micro avg_precision": 0.14814814814814814, "micro avg_recall": 0.09523809523809523, "micro avg_f1-score": 0.11594202898550725, "micro avg_support": 42.0, "macro avg_precision": 0.14814814814814814, "macro avg_recall": 0.09523809523809523, "macro avg_f1-score": 0.11594202898550725, "macro avg_support": 42.0, "weighted avg_precision": 0.14814814814814814, "weighted avg_recall": 0.09523809523809523, "weighted avg_f1-score": 0.11594202898550725, "weighted avg_support": 42.0, "O_support": 605, "B-Appeal_to_Time_support": 27, "I-Appeal_to_Time_support": 273}