{"micro_f1": 0.9042163153070577, "Repetition_precision": 0.42207792207792205, "Repetition_recall": 0.3611111111111111, "Repetition_f1-score": 0.3892215568862275, "Repetition_support": 180.0, "micro avg_precision": 0.42207792207792205, "micro avg_recall": 0.3611111111111111, "micro avg_f1-score": 0.3892215568862275, "micro avg_support": 180.0, "macro avg_precision": 0.42207792207792205, "macro avg_recall": 0.3611111111111111, "macro avg_f1-score": 0.3892215568862275, "macro avg_support": 180.0, "weighted avg_precision": 0.422077922077922, "weighted avg_recall": 0.3611111111111111, "weighted avg_f1-score": 0.3892215568862275, "weighted avg_support": 180.0, "O_support": 5801, "B-Repetition_support": 154, "I-Repetition_support": 591}