{"micro_f1": 0.7790063393778565, "Questioning_the_Reputation_precision": 0.2732919254658385, "Questioning_the_Reputation_recall": 0.16698292220113853, "Questioning_the_Reputation_f1-score": 0.20730270906949355, "Questioning_the_Reputation_support": 527.0, "micro avg_precision": 0.2732919254658385, "micro avg_recall": 0.16698292220113853, "micro avg_f1-score": 0.20730270906949355, "micro avg_support": 527.0, "macro avg_precision": 0.2732919254658385, "macro avg_recall": 0.16698292220113853, "macro avg_f1-score": 0.20730270906949355, "macro avg_support": 527.0, "weighted avg_precision": 0.2732919254658385, "weighted avg_recall": 0.16698292220113853, "weighted avg_f1-score": 0.20730270906949355, "weighted avg_support": 527.0, "O_support": 8023, "B-Questioning_the_Reputation_support": 322, "I-Questioning_the_Reputation_support": 5221}