{"micro_f1": 0.6347177848775293, "Whataboutism_precision": 0.30434782608695654, "Whataboutism_recall": 0.3181818181818182, "Whataboutism_f1-score": 0.31111111111111117, "Whataboutism_support": 22.0, "micro avg_precision": 0.30434782608695654, "micro avg_recall": 0.3181818181818182, "micro avg_f1-score": 0.31111111111111117, "micro avg_support": 22.0, "macro avg_precision": 0.30434782608695654, "macro avg_recall": 0.3181818181818182, "macro avg_f1-score": 0.31111111111111117, "macro avg_support": 22.0, "weighted avg_precision": 0.30434782608695654, "weighted avg_recall": 0.3181818181818182, "weighted avg_f1-score": 0.31111111111111117, "weighted avg_support": 22.0, "B-Whataboutism_support": 23, "I-Whataboutism_support": 593, "O_support": 323}