{"micro_f1": 0.7905675459632295, "Red_Herring_precision": 0.6086956521739131, "Red_Herring_recall": 0.3333333333333333, "Red_Herring_f1-score": 0.4307692307692308, "Red_Herring_support": 42.0, "micro avg_precision": 0.6086956521739131, "micro avg_recall": 0.3333333333333333, "micro avg_f1-score": 0.4307692307692308, "micro avg_support": 42.0, "macro avg_precision": 0.6086956521739131, "macro avg_recall": 0.3333333333333333, "macro avg_f1-score": 0.4307692307692308, "macro avg_support": 42.0, "weighted avg_precision": 0.6086956521739131, "weighted avg_recall": 0.3333333333333333, "weighted avg_f1-score": 0.43076923076923074, "weighted avg_support": 42.0, "O_support": 855, "B-Red_Herring_support": 23, "I-Red_Herring_support": 373}