{"results": [{"micro_f1": 0.740655737704918, "False_Dilemma-No_Choice_precision": 0.3333333333333333, "False_Dilemma-No_Choice_recall": 0.1958041958041958, "False_Dilemma-No_Choice_f1-score": 0.24669603524229075, "False_Dilemma-No_Choice_support": 143.0, "micro avg_precision": 0.3333333333333333, "micro avg_recall": 0.1958041958041958, "micro avg_f1-score": 0.24669603524229075, "micro avg_support": 143.0, "macro avg_precision": 0.3333333333333333, "macro avg_recall": 0.1958041958041958, "macro avg_f1-score": 0.24669603524229075, "macro avg_support": 143.0, "weighted avg_precision": 0.3333333333333333, "weighted avg_recall": 0.1958041958041958, "weighted avg_f1-score": 0.24669603524229078, "weighted avg_support": 143.0, "B-False_Dilemma-No_Choice_support": 84, "I-False_Dilemma-No_Choice_support": 1344, "O_support": 1622, "epoch": 0}, {"micro_f1": 0.8111475409836064, "False_Dilemma-No_Choice_precision": 0.32142857142857145, "False_Dilemma-No_Choice_recall": 0.23684210526315788, "False_Dilemma-No_Choice_f1-score": 0.2727272727272727, "False_Dilemma-No_Choice_support": 114.0, "micro avg_precision": 0.32142857142857145, "micro avg_recall": 0.23684210526315788, "micro avg_f1-score": 0.2727272727272727, "micro avg_support": 114.0, "macro avg_precision": 0.32142857142857145, "macro avg_recall": 0.23684210526315788, "macro avg_f1-score": 0.2727272727272727, "macro avg_support": 114.0, "weighted avg_precision": 0.32142857142857145, "weighted avg_recall": 0.23684210526315788, "weighted avg_f1-score": 0.2727272727272727, "weighted avg_support": 114.0, "B-False_Dilemma-No_Choice_support": 84, "I-False_Dilemma-No_Choice_support": 1344, "O_support": 1622, "epoch": 1}, {"micro_f1": 0.8268852459016394, "False_Dilemma-No_Choice_precision": 0.3333333333333333, "False_Dilemma-No_Choice_recall": 0.23140495867768596, "False_Dilemma-No_Choice_f1-score": 0.27317073170731704, "False_Dilemma-No_Choice_support": 121.0, "micro avg_precision": 0.3333333333333333, "micro avg_recall": 0.23140495867768596, "micro avg_f1-score": 0.27317073170731704, "micro avg_support": 121.0, "macro avg_precision": 0.3333333333333333, "macro avg_recall": 0.23140495867768596, "macro avg_f1-score": 0.27317073170731704, "macro avg_support": 121.0, "weighted avg_precision": 0.3333333333333333, "weighted avg_recall": 0.23140495867768596, "weighted avg_f1-score": 0.27317073170731704, "weighted avg_support": 121.0, "B-False_Dilemma-No_Choice_support": 84, "I-False_Dilemma-No_Choice_support": 1344, "O_support": 1622, "epoch": 2}, {"micro_f1": 0.8459016393442624, "False_Dilemma-No_Choice_precision": 0.47619047619047616, "False_Dilemma-No_Choice_recall": 0.36036036036036034, "False_Dilemma-No_Choice_f1-score": 0.41025641025641024, "False_Dilemma-No_Choice_support": 111.0, "micro avg_precision": 0.47619047619047616, "micro avg_recall": 0.36036036036036034, "micro avg_f1-score": 0.41025641025641024, "micro avg_support": 111.0, "macro avg_precision": 0.47619047619047616, "macro avg_recall": 0.36036036036036034, "macro avg_f1-score": 0.41025641025641024, "macro avg_support": 111.0, "weighted avg_precision": 0.47619047619047616, "weighted avg_recall": 0.36036036036036034, "weighted avg_f1-score": 0.4102564102564103, "weighted avg_support": 111.0, "B-False_Dilemma-No_Choice_support": 84, "I-False_Dilemma-No_Choice_support": 1344, "O_support": 1622, "epoch": 3}, {"micro_f1": 0.8567213114754099, "False_Dilemma-No_Choice_precision": 0.42857142857142855, "False_Dilemma-No_Choice_recall": 0.32432432432432434, "False_Dilemma-No_Choice_f1-score": 0.3692307692307692, "False_Dilemma-No_Choice_support": 111.0, "micro avg_precision": 0.42857142857142855, "micro avg_recall": 0.32432432432432434, "micro avg_f1-score": 0.3692307692307692, "micro avg_support": 111.0, "macro avg_precision": 0.42857142857142855, "macro avg_recall": 0.32432432432432434, "macro avg_f1-score": 0.3692307692307692, "macro avg_support": 111.0, "weighted avg_precision": 0.42857142857142855, "weighted avg_recall": 0.32432432432432434, "weighted avg_f1-score": 0.3692307692307692, "weighted avg_support": 111.0, "B-False_Dilemma-No_Choice_support": 84, "I-False_Dilemma-No_Choice_support": 1344, "O_support": 1622, "epoch": 4}, {"micro_f1": 0.8508196721311475, "False_Dilemma-No_Choice_precision": 0.40476190476190477, "False_Dilemma-No_Choice_recall": 0.3655913978494624, "False_Dilemma-No_Choice_f1-score": 0.384180790960452, "False_Dilemma-No_Choice_support": 93.0, "micro avg_precision": 0.40476190476190477, "micro avg_recall": 0.3655913978494624, "micro avg_f1-score": 0.384180790960452, "micro avg_support": 93.0, "macro avg_precision": 0.40476190476190477, "macro avg_recall": 0.3655913978494624, "macro avg_f1-score": 0.384180790960452, "macro avg_support": 93.0, "weighted avg_precision": 0.40476190476190477, "weighted avg_recall": 0.3655913978494624, "weighted avg_f1-score": 0.384180790960452, "weighted avg_support": 93.0, "B-False_Dilemma-No_Choice_support": 84, "I-False_Dilemma-No_Choice_support": 1344, "O_support": 1622, "epoch": 5}], "best_epoch": 4, "train_data_path": {"sl": "./data/train_sent_mt/sl/train_gold_sentences_translated_nllb-200-3.3B_eng_Latn-slv_Latn_tok_regex_en-sl/train_gold_sentences_translated_nllb-200-3.3B_eng_Latn-slv_Latn_tok_regex_en-sl_mdeberta-v3-base_mdeberta_xlwa_en-sl_ME3_2024-05-04-12-12-14_ls.json", "ru": "./data/train_sent_mt/ru/train_gold_sentences_translated_nllb-200-3.3B_eng_Latn-rus_Cyrl_tok_regex_en-ru/train_gold_sentences_translated_nllb-200-3.3B_eng_Latn-rus_Cyrl_tok_regex_en-ru_mdeberta-v3-base_mdeberta_xlwa_en-ru_ME3_2024-05-04-12-09-20_ls.json", "pt": "./data/train_sent_mt/pt/train_gold_sentences_translated_nllb-200-3.3B_eng_Latn-por_Latn_tok_regex_en-pt/train_gold_sentences_translated_nllb-200-3.3B_eng_Latn-por_Latn_tok_regex_en-pt_mdeberta-v3-base_mdeberta_xlwa_en-pt_ME3_2024-05-04-12-07-45_ls.json", "it": "./data/train_sent_mt/it/train_gold_sentences_translated_nllb-200-3.3B_eng_Latn-ita_Latn_tok_regex_en-it/train_gold_sentences_translated_nllb-200-3.3B_eng_Latn-ita_Latn_tok_regex_en-it_mdeberta-v3-base_mdeberta_xlwa_en-it_ME3_2024-05-04-12-05-00_ls.json", "es": "./data/train_sent_mt/es/train_gold_sentences_translated_nllb-200-3.3B_eng_Latn-spa_Latn_tok_regex_en-es/train_gold_sentences_translated_nllb-200-3.3B_eng_Latn-spa_Latn_tok_regex_en-es_mdeberta-v3-base_mdeberta_xlwa_en-es_ME3_2024-05-04-12-01-43_ls.json", "bg": "./data/train_sent_mt/bg/train_gold_sentences_translated_nllb-200-3.3B_eng_Latn-bul_Cyrl_tok_regex_en-bg/train_gold_sentences_translated_nllb-200-3.3B_eng_Latn-bul_Cyrl_tok_regex_en-bg_mdeberta-v3-base_mdeberta_xlwa_en-bg_ME3_2024-05-04-11-58-52_ls.json"}}