{"micro_f1": 0.7368421052631579, "Appeal_to_Time_precision": 0.18518518518518517, "Appeal_to_Time_recall": 0.13157894736842105, "Appeal_to_Time_f1-score": 0.15384615384615383, "Appeal_to_Time_support": 38.0, "micro avg_precision": 0.18518518518518517, "micro avg_recall": 0.13157894736842105, "micro avg_f1-score": 0.15384615384615383, "micro avg_support": 38.0, "macro avg_precision": 0.18518518518518517, "macro avg_recall": 0.13157894736842105, "macro avg_f1-score": 0.15384615384615383, "macro avg_support": 38.0, "weighted avg_precision": 0.18518518518518517, "weighted avg_recall": 0.13157894736842105, "weighted avg_f1-score": 0.15384615384615383, "weighted avg_support": 38.0, "O_support": 517, "B-Appeal_to_Time_support": 27, "I-Appeal_to_Time_support": 273}