{"results": [{"micro_f1": 0.6632996632996633, "Appeal_to_Time_precision": 0.0, "Appeal_to_Time_recall": 0.0, "Appeal_to_Time_f1-score": 0.0, "Appeal_to_Time_support": 7.0, "micro avg_precision": 0.0, "micro avg_recall": 0.0, "micro avg_f1-score": 0.0, "micro avg_support": 7.0, "macro avg_precision": 0.0, "macro avg_recall": 0.0, "macro avg_f1-score": 0.0, "macro avg_support": 7.0, "weighted avg_precision": 0.0, "weighted avg_recall": 0.0, "weighted avg_f1-score": 0.0, "weighted avg_support": 7.0, "O_support": 591, "B-Appeal_to_Time_support": 27, "I-Appeal_to_Time_support": 273, "epoch": 0}, {"micro_f1": 0.6902356902356902, "Appeal_to_Time_precision": 0.1111111111111111, "Appeal_to_Time_recall": 0.04838709677419355, "Appeal_to_Time_f1-score": 0.06741573033707865, "Appeal_to_Time_support": 62.0, "micro avg_precision": 0.1111111111111111, "micro avg_recall": 0.04838709677419355, "micro avg_f1-score": 0.06741573033707865, "micro avg_support": 62.0, "macro avg_precision": 0.1111111111111111, "macro avg_recall": 0.04838709677419355, "macro avg_f1-score": 0.06741573033707865, "macro avg_support": 62.0, "weighted avg_precision": 0.1111111111111111, "weighted avg_recall": 0.04838709677419355, "weighted avg_f1-score": 0.06741573033707865, "weighted avg_support": 62.0, "O_support": 591, "B-Appeal_to_Time_support": 27, "I-Appeal_to_Time_support": 273, "epoch": 1}, {"micro_f1": 0.6857463524130191, "Appeal_to_Time_precision": 0.14814814814814814, "Appeal_to_Time_recall": 0.07142857142857142, "Appeal_to_Time_f1-score": 0.0963855421686747, "Appeal_to_Time_support": 56.0, "micro avg_precision": 0.14814814814814814, "micro avg_recall": 0.07142857142857142, "micro avg_f1-score": 0.0963855421686747, "micro avg_support": 56.0, "macro avg_precision": 0.14814814814814814, "macro avg_recall": 0.07142857142857142, "macro avg_f1-score": 0.0963855421686747, "macro avg_support": 56.0, "weighted avg_precision": 0.14814814814814814, "weighted avg_recall": 0.07142857142857142, "weighted avg_f1-score": 0.0963855421686747, "weighted avg_support": 56.0, "O_support": 591, "B-Appeal_to_Time_support": 27, "I-Appeal_to_Time_support": 273, "epoch": 2}, {"micro_f1": 0.7227833894500563, "Appeal_to_Time_precision": 0.1111111111111111, "Appeal_to_Time_recall": 0.05172413793103448, "Appeal_to_Time_f1-score": 0.07058823529411765, "Appeal_to_Time_support": 58.0, "micro avg_precision": 0.1111111111111111, "micro avg_recall": 0.05172413793103448, "micro avg_f1-score": 0.07058823529411765, "micro avg_support": 58.0, "macro avg_precision": 0.1111111111111111, "macro avg_recall": 0.05172413793103448, "macro avg_f1-score": 0.07058823529411765, "macro avg_support": 58.0, "weighted avg_precision": 0.1111111111111111, "weighted avg_recall": 0.05172413793103448, "weighted avg_f1-score": 0.07058823529411765, "weighted avg_support": 58.0, "O_support": 591, "B-Appeal_to_Time_support": 27, "I-Appeal_to_Time_support": 273, "epoch": 3}, {"micro_f1": 0.744107744107744, "Appeal_to_Time_precision": 0.1111111111111111, "Appeal_to_Time_recall": 0.0625, "Appeal_to_Time_f1-score": 0.08, "Appeal_to_Time_support": 48.0, "micro avg_precision": 0.1111111111111111, "micro avg_recall": 0.0625, "micro avg_f1-score": 0.08, "micro avg_support": 48.0, "macro avg_precision": 0.1111111111111111, "macro avg_recall": 0.0625, "macro avg_f1-score": 0.08, "macro avg_support": 48.0, "weighted avg_precision": 0.1111111111111111, "weighted avg_recall": 0.0625, "weighted avg_f1-score": 0.08, "weighted avg_support": 48.0, "O_support": 591, "B-Appeal_to_Time_support": 27, "I-Appeal_to_Time_support": 273, "epoch": 4}], "best_epoch": 3, "train_data_path": {"sl": "./data/train_sent_mt/sl/train_gold_sentences_translated_nllb-200-3.3B_eng_Latn-slv_Latn_tok_regex_en-sl/train_gold_sentences_translated_nllb-200-3.3B_eng_Latn-slv_Latn_tok_regex_en-sl_mdeberta-v3-base_mdeberta_xlwa_en-sl_ME3_2024-05-04-12-12-14_ls.json", "ru": "./data/train_sent_mt/ru/train_gold_sentences_translated_nllb-200-3.3B_eng_Latn-rus_Cyrl_tok_regex_en-ru/train_gold_sentences_translated_nllb-200-3.3B_eng_Latn-rus_Cyrl_tok_regex_en-ru_mdeberta-v3-base_mdeberta_xlwa_en-ru_ME3_2024-05-04-12-09-20_ls.json", "pt": "./data/train_sent_mt/pt/train_gold_sentences_translated_nllb-200-3.3B_eng_Latn-por_Latn_tok_regex_en-pt/train_gold_sentences_translated_nllb-200-3.3B_eng_Latn-por_Latn_tok_regex_en-pt_mdeberta-v3-base_mdeberta_xlwa_en-pt_ME3_2024-05-04-12-07-45_ls.json", "it": "./data/train_sent_mt/it/train_gold_sentences_translated_nllb-200-3.3B_eng_Latn-ita_Latn_tok_regex_en-it/train_gold_sentences_translated_nllb-200-3.3B_eng_Latn-ita_Latn_tok_regex_en-it_mdeberta-v3-base_mdeberta_xlwa_en-it_ME3_2024-05-04-12-05-00_ls.json", "es": "./data/train_sent_mt/es/train_gold_sentences_translated_nllb-200-3.3B_eng_Latn-spa_Latn_tok_regex_en-es/train_gold_sentences_translated_nllb-200-3.3B_eng_Latn-spa_Latn_tok_regex_en-es_mdeberta-v3-base_mdeberta_xlwa_en-es_ME3_2024-05-04-12-01-43_ls.json", "bg": "./data/train_sent_mt/bg/train_gold_sentences_translated_nllb-200-3.3B_eng_Latn-bul_Cyrl_tok_regex_en-bg/train_gold_sentences_translated_nllb-200-3.3B_eng_Latn-bul_Cyrl_tok_regex_en-bg_mdeberta-v3-base_mdeberta_xlwa_en-bg_ME3_2024-05-04-11-58-52_ls.json"}}