{"micro_f1": 0.7424714434060228, "Appeal_to_Popularity_precision": 0.40425531914893614, "Appeal_to_Popularity_recall": 0.22093023255813954, "Appeal_to_Popularity_f1-score": 0.2857142857142857, "Appeal_to_Popularity_support": 86.0, "micro avg_precision": 0.40425531914893614, "micro avg_recall": 0.22093023255813954, "micro avg_f1-score": 0.2857142857142857, "micro avg_support": 86.0, "macro avg_precision": 0.40425531914893614, "macro avg_recall": 0.22093023255813954, "macro avg_f1-score": 0.2857142857142857, "macro avg_support": 86.0, "weighted avg_precision": 0.40425531914893614, "weighted avg_recall": 0.22093023255813954, "weighted avg_f1-score": 0.2857142857142857, "weighted avg_support": 86.0, "O_support": 1258, "B-Appeal_to_Popularity_support": 47, "I-Appeal_to_Popularity_support": 621}