{
    "0": {"precision": 0.9411764705882353, "recall": 0.10819411296738266, "f1-score": 0.19407777381377095, "support": 2514},
    "1": {"precision": 0.6776419841840403, "recall": 0.9964059196617336, "f1-score": 0.8066752246469833, "support": 4730},
    "accuracy": 0.6881557150745444,
    "macro avg": {"precision": 0.8094092273861377, "recall": 0.5523000163145582, "f1-score": 0.5003764992303771, "support": 7244},
    "weighted avg": {"precision": 0.769100529023928, "recall": 0.6881557150745444, "f1-score": 0.5940758332341318, "support": 7244},
    "train_data_path": "/home/pgajo/checkthat24/checkthat24_DIT/data/train_gold/train_gold_sentences.json"
}