{"micro_f1": 0.6718102257024413, "Appeal_to_Values_precision": 0.32323232323232326, "Appeal_to_Values_recall": 0.1927710843373494, "Appeal_to_Values_f1-score": 0.24150943396226415, "Appeal_to_Values_support": 166.0, "micro avg_precision": 0.32323232323232326, "micro avg_recall": 0.1927710843373494, "micro avg_f1-score": 0.24150943396226415, "micro avg_support": 166.0, "macro avg_precision": 0.32323232323232326, "macro avg_recall": 0.1927710843373494, "macro avg_f1-score": 0.24150943396226415, "macro avg_support": 166.0, "weighted avg_precision": 0.32323232323232326, "weighted avg_recall": 0.1927710843373494, "weighted avg_f1-score": 0.24150943396226415, "weighted avg_support": 166.0, "O_support": 2535, "B-Appeal_to_Values_support": 99, "I-Appeal_to_Values_support": 1708}