{
    "micro_f1": 0.7043354655294953,
    "False_Dilemma-No_Choice_precision": 0.041666666666666664,
    "False_Dilemma-No_Choice_recall": 0.021052631578947368,
    "False_Dilemma-No_Choice_f1-score": 0.02797202797202797,
    "False_Dilemma-No_Choice_support": 95,
    "micro avg_precision": 0.041666666666666664,
    "micro avg_recall": 0.021052631578947368,
    "micro avg_f1-score": 0.02797202797202797,
    "micro avg_support": 95,
    "macro avg_precision": 0.041666666666666664,
    "macro avg_recall": 0.021052631578947368,
    "macro avg_f1-score": 0.02797202797202797,
    "macro avg_support": 95,
    "weighted avg_precision": 0.041666666666666664,
    "weighted avg_recall": 0.021052631578947368,
    "weighted avg_f1-score": 0.02797202797202797,
    "weighted avg_support": 95,
    "O_support": 625,
    "B-False_Dilemma-No_Choice_support": 48,
    "I-False_Dilemma-No_Choice_support": 734,
    "train_data_path": "/home/pgajo/checkthat24/checkthat24_DIT/data/train_gold/train_gold_sentences.json"
}