{"micro_f1": 0.6834355828220859, "Appeal_to_Time_precision": 0.2222222222222222, "Appeal_to_Time_recall": 0.11764705882352941, "Appeal_to_Time_f1-score": 0.15384615384615383, "Appeal_to_Time_support": 51.0, "micro avg_precision": 0.2222222222222222, "micro avg_recall": 0.11764705882352941, "micro avg_f1-score": 0.15384615384615383, "micro avg_support": 51.0, "macro avg_precision": 0.2222222222222222, "macro avg_recall": 0.11764705882352941, "macro avg_f1-score": 0.15384615384615383, "macro avg_support": 51.0, "weighted avg_precision": 0.2222222222222222, "weighted avg_recall": 0.11764705882352941, "weighted avg_f1-score": 0.15384615384615383, "weighted avg_support": 51.0, "O_support": 515, "B-Appeal_to_Time_support": 27, "I-Appeal_to_Time_support": 273}