{"micro_f1": 0.9059474979491385, "Loaded_Language_precision": 0.3063533507397737, "Loaded_Language_recall": 0.2889983579638752, "Loaded_Language_f1-score": 0.2974228981833545, "Loaded_Language_support": 1218.0, "micro avg_precision": 0.3063533507397737, "micro avg_recall": 0.2889983579638752, "micro avg_f1-score": 0.2974228981833545, "micro avg_support": 1218.0, "macro avg_precision": 0.3063533507397737, "macro avg_recall": 0.2889983579638752, "macro avg_f1-score": 0.2974228981833545, "macro avg_support": 1218.0, "weighted avg_precision": 0.3063533507397737, "weighted avg_recall": 0.2889983579638752, "weighted avg_f1-score": 0.2974228981833545, "weighted avg_support": 1218.0, "O_support": 43137, "B-Loaded_Language_support": 1149, "I-Loaded_Language_support": 4474}