{"micro_f1": 0.7505755947812739, "Red_Herring_precision": 0.5217391304347826, "Red_Herring_recall": 0.24, "Red_Herring_f1-score": 0.3287671232876712, "Red_Herring_support": 50.0, "micro avg_precision": 0.5217391304347826, "micro avg_recall": 0.24, "micro avg_f1-score": 0.3287671232876712, "micro avg_support": 50.0, "macro avg_precision": 0.5217391304347826, "macro avg_recall": 0.24, "macro avg_f1-score": 0.3287671232876712, "macro avg_support": 50.0, "weighted avg_precision": 0.5217391304347826, "weighted avg_recall": 0.24, "weighted avg_f1-score": 0.3287671232876712, "weighted avg_support": 50.0, "O_support": 907, "B-Red_Herring_support": 23, "I-Red_Herring_support": 373}