{"micro_f1": 0.7626493323963459, "Appeal_to_Hypocrisy_precision": 0.34558823529411764, "Appeal_to_Hypocrisy_recall": 0.24736842105263157, "Appeal_to_Hypocrisy_f1-score": 0.2883435582822086, "Appeal_to_Hypocrisy_support": 190.0, "micro avg_precision": 0.34558823529411764, "micro avg_recall": 0.24736842105263157, "micro avg_f1-score": 0.2883435582822086, "micro avg_support": 190.0, "macro avg_precision": 0.34558823529411764, "macro avg_recall": 0.24736842105263157, "macro avg_f1-score": 0.2883435582822086, "macro avg_support": 190.0, "weighted avg_precision": 0.34558823529411764, "weighted avg_recall": 0.24736842105263157, "weighted avg_f1-score": 0.2883435582822086, "weighted avg_support": 190.0, "O_support": 2677, "B-Appeal_to_Hypocrisy_support": 136, "I-Appeal_to_Hypocrisy_support": 2879}