{"micro_f1": 0.8611521418020679, "Flag_Waving_precision": 0.4725274725274725, "Flag_Waving_recall": 0.38392857142857145, "Flag_Waving_f1-score": 0.4236453201970443, "Flag_Waving_support": 112.0, "micro avg_precision": 0.4725274725274725, "micro avg_recall": 0.38392857142857145, "micro avg_f1-score": 0.4236453201970443, "micro avg_support": 112.0, "macro avg_precision": 0.4725274725274725, "macro avg_recall": 0.38392857142857145, "macro avg_f1-score": 0.4236453201970443, "macro avg_support": 112.0, "weighted avg_precision": 0.4725274725274725, "weighted avg_recall": 0.38392857142857145, "weighted avg_f1-score": 0.4236453201970443, "weighted avg_support": 112.0, "B-Flag_Waving_support": 91, "I-Flag_Waving_support": 1049, "O_support": 2922}