{"micro_f1": 0.9243520066889632, "Loaded_Language_precision": 0.43777197563098347, "Loaded_Language_recall": 0.45644283121597096, "Loaded_Language_f1-score": 0.44691248334073747, "Loaded_Language_support": 1102.0, "micro avg_precision": 0.43777197563098347, "micro avg_recall": 0.45644283121597096, "micro avg_f1-score": 0.44691248334073747, "micro avg_support": 1102.0, "macro avg_precision": 0.43777197563098347, "macro avg_recall": 0.45644283121597096, "macro avg_f1-score": 0.44691248334073747, "macro avg_support": 1102.0, "weighted avg_precision": 0.43777197563098347, "weighted avg_recall": 0.45644283121597096, "weighted avg_f1-score": 0.44691248334073747, "weighted avg_support": 1102.0, "O_support": 42217, "B-Loaded_Language_support": 1149, "I-Loaded_Language_support": 4474}