{"micro_f1": 0.7001953125, "Obfuscation-Vagueness-Confusion_precision": 0.1276595744680851, "Obfuscation-Vagueness-Confusion_recall": 0.07142857142857142, "Obfuscation-Vagueness-Confusion_f1-score": 0.0916030534351145, "Obfuscation-Vagueness-Confusion_support": 84.0, "micro avg_precision": 0.1276595744680851, "micro avg_recall": 0.07142857142857142, "micro avg_f1-score": 0.0916030534351145, "micro avg_support": 84.0, "macro avg_precision": 0.1276595744680851, "macro avg_recall": 0.07142857142857142, "macro avg_f1-score": 0.0916030534351145, "macro avg_support": 84.0, "weighted avg_precision": 0.1276595744680851, "weighted avg_recall": 0.07142857142857142, "weighted avg_f1-score": 0.0916030534351145, "weighted avg_support": 84.0, "O_support": 1144, "B-Obfuscation-Vagueness-Confusion_support": 47, "I-Obfuscation-Vagueness-Confusion_support": 857}