{"micro_f1": 0.6490583371612311, "Appeal_to_Authority_precision": 0.0945945945945946, "Appeal_to_Authority_recall": 0.05785123966942149, "Appeal_to_Authority_f1-score": 0.07179487179487179, "Appeal_to_Authority_support": 121.0, "micro avg_precision": 0.0945945945945946, "micro avg_recall": 0.05785123966942149, "micro avg_f1-score": 0.07179487179487179, "micro avg_support": 121.0, "macro avg_precision": 0.0945945945945946, "macro avg_recall": 0.05785123966942149, "macro avg_f1-score": 0.07179487179487179, "macro avg_support": 121.0, "weighted avg_precision": 0.0945945945945946, "weighted avg_recall": 0.05785123966942149, "weighted avg_f1-score": 0.07179487179487179, "weighted avg_support": 121.0, "B-Appeal_to_Authority_support": 74, "I-Appeal_to_Authority_support": 1088, "O_support": 1015, "train_data_path": "/home/pgajo/checkthat24/checkthat24_DIT/data/train_gold/train_gold_sentences.json"}