{"micro_f1": 0.7255180820804551, "Appeal_to_Authority_precision": 0.23076923076923078, "Appeal_to_Authority_recall": 0.14285714285714285, "Appeal_to_Authority_f1-score": 0.17647058823529413, "Appeal_to_Authority_support": 189.0, "micro avg_precision": 0.23076923076923078, "micro avg_recall": 0.14285714285714285, "micro avg_f1-score": 0.17647058823529413, "micro avg_support": 189.0, "macro avg_precision": 0.23076923076923078, "macro avg_recall": 0.14285714285714285, "macro avg_f1-score": 0.17647058823529413, "macro avg_support": 189.0, "weighted avg_precision": 0.23076923076923078, "weighted avg_recall": 0.14285714285714285, "weighted avg_f1-score": 0.1764705882352941, "weighted avg_support": 189.0, "O_support": 2877, "B-Appeal_to_Authority_support": 117, "I-Appeal_to_Authority_support": 1928}