{
    "micro_f1": 0.6710659898477157,
    "Causal_Oversimplification_precision": 0.038461538461538464,
    "Causal_Oversimplification_recall": 0.013513513513513514,
    "Causal_Oversimplification_f1-score": 0.02,
    "Causal_Oversimplification_support": 148,
    "micro avg_precision": 0.038461538461538464,
    "micro avg_recall": 0.013513513513513514,
    "micro avg_f1-score": 0.02,
    "micro avg_support": 148,
    "macro avg_precision": 0.038461538461538464,
    "macro avg_recall": 0.013513513513513514,
    "macro avg_f1-score": 0.02,
    "macro avg_support": 148,
    "weighted avg_precision": 0.038461538461538464,
    "weighted avg_recall": 0.013513513513513514,
    "weighted avg_f1-score": 0.02,
    "weighted avg_support": 148,
    "B-Causal_Oversimplification_support": 52,
    "I-Causal_Oversimplification_support": 1029,
    "O_support": 889,
    "train_data_path": "/home/pgajo/checkthat24/checkthat24_DIT/data/train_gold/train_gold_sentences.json"
}