{"results": [{"micro_f1": 0.7565905096660809, "precision": 0.7565905096660809, "Appeal_to_Values_precision": 0.020202020202020204, "Appeal_to_Values_recall": 0.0078125, "Appeal_to_Values_f1-score": 0.011267605633802818, "Appeal_to_Values_support": 256.0, "micro avg_precision": 0.020202020202020204, "micro avg_recall": 0.0078125, "micro avg_f1-score": 0.011267605633802818, "micro avg_support": 256.0, "macro avg_precision": 0.020202020202020204, "macro avg_recall": 0.0078125, "macro avg_f1-score": 0.011267605633802818, "macro avg_support": 256.0, "weighted avg_precision": 0.020202020202020204, "weighted avg_recall": 0.0078125, "weighted avg_f1-score": 0.011267605633802818, "weighted avg_support": 256.0, "O_support": 2745, "B-Appeal_to_Values_support": 99, "I-Appeal_to_Values_support": 1708, "epoch": 0}, {"micro_f1": 0.7091388400702988, "precision": 0.7091388400702988, "Appeal_to_Values_precision": 0.050505050505050504, "Appeal_to_Values_recall": 0.031055900621118012, "Appeal_to_Values_f1-score": 0.038461538461538464, "Appeal_to_Values_support": 161.0, "micro avg_precision": 0.050505050505050504, "micro avg_recall": 0.031055900621118012, "micro avg_f1-score": 0.038461538461538464, "micro avg_support": 161.0, "macro avg_precision": 0.050505050505050504, "macro avg_recall": 0.031055900621118012, "macro avg_f1-score": 0.038461538461538464, "macro avg_support": 161.0, "weighted avg_precision": 0.050505050505050504, "weighted avg_recall": 0.031055900621118012, "weighted avg_f1-score": 0.038461538461538464, "weighted avg_support": 161.0, "O_support": 2745, "B-Appeal_to_Values_support": 99, "I-Appeal_to_Values_support": 1708, "epoch": 1}, {"micro_f1": 0.7882249560632689, "precision": 0.7882249560632689, "Appeal_to_Values_precision": 0.13131313131313133, "Appeal_to_Values_recall": 0.05652173913043478, "Appeal_to_Values_f1-score": 0.0790273556231003, "Appeal_to_Values_support": 230.0, "micro avg_precision": 0.13131313131313133, "micro avg_recall": 0.05652173913043478, "micro avg_f1-score": 0.0790273556231003, "micro avg_support": 230.0, "macro avg_precision": 0.13131313131313133, "macro avg_recall": 0.05652173913043478, "macro avg_f1-score": 0.0790273556231003, "macro avg_support": 230.0, "weighted avg_precision": 0.13131313131313133, "weighted avg_recall": 0.05652173913043478, "weighted avg_f1-score": 0.0790273556231003, "weighted avg_support": 230.0, "O_support": 2745, "B-Appeal_to_Values_support": 99, "I-Appeal_to_Values_support": 1708, "epoch": 2}, {"micro_f1": 0.7961335676625659, "precision": 0.7961335676625659, "Appeal_to_Values_precision": 0.24242424242424243, "Appeal_to_Values_recall": 0.12698412698412698, "Appeal_to_Values_f1-score": 0.16666666666666666, "Appeal_to_Values_support": 189.0, "micro avg_precision": 0.24242424242424243, "micro avg_recall": 0.12698412698412698, "micro avg_f1-score": 0.16666666666666666, "micro avg_support": 189.0, "macro avg_precision": 0.24242424242424243, "macro avg_recall": 0.12698412698412698, "macro avg_f1-score": 0.16666666666666666, "macro avg_support": 189.0, "weighted avg_precision": 0.24242424242424243, "weighted avg_recall": 0.12698412698412698, "weighted avg_f1-score": 0.16666666666666666, "weighted avg_support": 189.0, "O_support": 2745, "B-Appeal_to_Values_support": 99, "I-Appeal_to_Values_support": 1708, "epoch": 3}, {"micro_f1": 0.8064586994727593, "precision": 0.8064586994727593, "Appeal_to_Values_precision": 0.1717171717171717, "Appeal_to_Values_recall": 0.09714285714285714, "Appeal_to_Values_f1-score": 0.12408759124087593, "Appeal_to_Values_support": 175.0, "micro avg_precision": 0.1717171717171717, "micro avg_recall": 0.09714285714285714, "micro avg_f1-score": 0.12408759124087593, "micro avg_support": 175.0, "macro avg_precision": 0.1717171717171717, "macro avg_recall": 0.09714285714285714, "macro avg_f1-score": 0.12408759124087593, "macro avg_support": 175.0, "weighted avg_precision": 0.1717171717171717, "weighted avg_recall": 0.09714285714285714, "weighted avg_f1-score": 0.12408759124087593, "weighted avg_support": 175.0, "O_support": 2745, "B-Appeal_to_Values_support": 99, "I-Appeal_to_Values_support": 1708, "epoch": 4}, {"micro_f1": 0.8227152899824253, "precision": 0.8227152899824253, "Appeal_to_Values_precision": 0.32323232323232326, "Appeal_to_Values_recall": 0.19753086419753085, "Appeal_to_Values_f1-score": 0.24521072796934865, "Appeal_to_Values_support": 162.0, "micro avg_precision": 0.32323232323232326, "micro avg_recall": 0.19753086419753085, "micro avg_f1-score": 0.24521072796934865, "micro avg_support": 162.0, "macro avg_precision": 0.32323232323232326, "macro avg_recall": 0.19753086419753085, "macro avg_f1-score": 0.24521072796934865, "macro avg_support": 162.0, "weighted avg_precision": 0.32323232323232326, "weighted avg_recall": 0.19753086419753085, "weighted avg_f1-score": 0.24521072796934867, "weighted avg_support": 162.0, "O_support": 2745, "B-Appeal_to_Values_support": 99, "I-Appeal_to_Values_support": 1708, "epoch": 5}, {"micro_f1": 0.8174428822495606, "precision": 0.8174428822495606, "Appeal_to_Values_precision": 0.29292929292929293, "Appeal_to_Values_recall": 0.1695906432748538, "Appeal_to_Values_f1-score": 0.2148148148148148, "Appeal_to_Values_support": 171.0, "micro avg_precision": 0.29292929292929293, "micro avg_recall": 0.1695906432748538, "micro avg_f1-score": 0.2148148148148148, "micro avg_support": 171.0, "macro avg_precision": 0.29292929292929293, "macro avg_recall": 0.1695906432748538, "macro avg_f1-score": 0.2148148148148148, "macro avg_support": 171.0, "weighted avg_precision": 0.29292929292929293, "weighted avg_recall": 0.1695906432748538, "weighted avg_f1-score": 0.2148148148148148, "weighted avg_support": 171.0, "O_support": 2745, "B-Appeal_to_Values_support": 99, "I-Appeal_to_Values_support": 1708, "epoch": 6}, {"micro_f1": 0.7904217926186292, "precision": 0.7904217926186292, "Appeal_to_Values_precision": 0.2727272727272727, "Appeal_to_Values_recall": 0.15789473684210525, "Appeal_to_Values_f1-score": 0.19999999999999998, "Appeal_to_Values_support": 171.0, "micro avg_precision": 0.2727272727272727, "micro avg_recall": 0.15789473684210525, "micro avg_f1-score": 0.19999999999999998, "micro avg_support": 171.0, "macro avg_precision": 0.2727272727272727, "macro avg_recall": 0.15789473684210525, "macro avg_f1-score": 0.19999999999999998, "macro avg_support": 171.0, "weighted avg_precision": 0.2727272727272727, "weighted avg_recall": 0.15789473684210525, "weighted avg_f1-score": 0.19999999999999998, "weighted avg_support": 171.0, "O_support": 2745, "B-Appeal_to_Values_support": 99, "I-Appeal_to_Values_support": 1708, "epoch": 7}], "best_epoch": 6, "train_data_path": {"sl": "./data/train_sent_mt/sl/train_gold_sentences_translated_nllb-200-3.3B_eng_Latn-slv_Latn_tok_regex_en-sl/train_gold_sentences_translated_nllb-200-3.3B_eng_Latn-slv_Latn_tok_regex_en-sl_mdeberta-v3-base_mdeberta_xlwa_en-sl_ME3_2024-05-04-12-12-14_ls.json", "ru": "./data/train_sent_mt/ru/train_gold_sentences_translated_nllb-200-3.3B_eng_Latn-rus_Cyrl_tok_regex_en-ru/train_gold_sentences_translated_nllb-200-3.3B_eng_Latn-rus_Cyrl_tok_regex_en-ru_mdeberta-v3-base_mdeberta_xlwa_en-ru_ME3_2024-05-04-12-09-20_ls.json", "pt": "./data/train_sent_mt/pt/train_gold_sentences_translated_nllb-200-3.3B_eng_Latn-por_Latn_tok_regex_en-pt/train_gold_sentences_translated_nllb-200-3.3B_eng_Latn-por_Latn_tok_regex_en-pt_mdeberta-v3-base_mdeberta_xlwa_en-pt_ME3_2024-05-04-12-07-45_ls.json", "it": "./data/train_sent_mt/it/train_gold_sentences_translated_nllb-200-3.3B_eng_Latn-ita_Latn_tok_regex_en-it/train_gold_sentences_translated_nllb-200-3.3B_eng_Latn-ita_Latn_tok_regex_en-it_mdeberta-v3-base_mdeberta_xlwa_en-it_ME3_2024-05-04-12-05-00_ls.json", "es": "./data/train_sent_mt/es/train_gold_sentences_translated_nllb-200-3.3B_eng_Latn-spa_Latn_tok_regex_en-es/train_gold_sentences_translated_nllb-200-3.3B_eng_Latn-spa_Latn_tok_regex_en-es_mdeberta-v3-base_mdeberta_xlwa_en-es_ME3_2024-05-04-12-01-43_ls.json",