{"results": [{"micro_f1": 0.8135712137917209, "Exaggeration-Minimisation_precision": 0.03398058252427184, "Exaggeration-Minimisation_recall": 0.0457516339869281, "Exaggeration-Minimisation_f1-score": 0.03899721448467967, "Exaggeration-Minimisation_support": 153.0, "micro avg_precision": 0.03398058252427184, "micro avg_recall": 0.0457516339869281, "micro avg_f1-score": 0.03899721448467967, "micro avg_support": 153.0, "macro avg_precision": 0.03398058252427184, "macro avg_recall": 0.0457516339869281, "macro avg_f1-score": 0.03899721448467967, "macro avg_support": 153.0, "weighted avg_precision": 0.03398058252427184, "weighted avg_recall": 0.0457516339869281, "weighted avg_f1-score": 0.03899721448467967, "weighted avg_support": 153.0, "O_support": 7914, "B-Exaggeration-Minimisation_support": 206, "I-Exaggeration-Minimisation_support": 1857, "epoch": 0}, {"micro_f1": 0.8317129397614512, "Exaggeration-Minimisation_precision": 0.11650485436893204, "Exaggeration-Minimisation_recall": 0.08247422680412371, "Exaggeration-Minimisation_f1-score": 0.09657947686116701, "Exaggeration-Minimisation_support": 291.0, "micro avg_precision": 0.11650485436893204, "micro avg_recall": 0.08247422680412371, "micro avg_f1-score": 0.09657947686116701, "micro avg_support": 291.0, "macro avg_precision": 0.11650485436893204, "macro avg_recall": 0.08247422680412371, "macro avg_f1-score": 0.09657947686116701, "macro avg_support": 291.0, "weighted avg_precision": 0.11650485436893206, "weighted avg_recall": 0.08247422680412371, "weighted avg_f1-score": 0.09657947686116701, "weighted avg_support": 291.0, "O_support": 7914, "B-Exaggeration-Minimisation_support": 206, "I-Exaggeration-Minimisation_support": 1857, "epoch": 1}, {"micro_f1": 0.8178811265911596, "Exaggeration-Minimisation_precision": 0.13592233009708737, "Exaggeration-Minimisation_recall": 0.09688581314878893, "Exaggeration-Minimisation_f1-score": 0.11313131313131314, "Exaggeration-Minimisation_support": 289.0, "micro avg_precision": 0.13592233009708737, "micro avg_recall": 0.09688581314878893, "micro avg_f1-score": 0.11313131313131314, "micro avg_support": 289.0, "macro avg_precision": 0.13592233009708737, "macro avg_recall": 0.09688581314878893, "macro avg_f1-score": 0.11313131313131314, "macro avg_support": 289.0, "weighted avg_precision": 0.13592233009708737, "weighted avg_recall": 0.09688581314878893, "weighted avg_f1-score": 0.11313131313131314, "weighted avg_support": 289.0, "O_support": 7914, "B-Exaggeration-Minimisation_support": 206, "I-Exaggeration-Minimisation_support": 1857, "epoch": 2}, {"micro_f1": 0.8370251578630851, "Exaggeration-Minimisation_precision": 0.1650485436893204, "Exaggeration-Minimisation_recall": 0.16037735849056603, "Exaggeration-Minimisation_f1-score": 0.16267942583732056, "Exaggeration-Minimisation_support": 212.0, "micro avg_precision": 0.1650485436893204, "micro avg_recall": 0.16037735849056603, "micro avg_f1-score": 0.16267942583732056, "micro avg_support": 212.0, "macro avg_precision": 0.1650485436893204, "macro avg_recall": 0.16037735849056603, "macro avg_f1-score": 0.16267942583732056, "macro avg_support": 212.0, "weighted avg_precision": 0.1650485436893204, "weighted avg_recall": 0.16037735849056603, "weighted avg_f1-score": 0.16267942583732056, "weighted avg_support": 212.0, "O_support": 7914, "B-Exaggeration-Minimisation_support": 206, "I-Exaggeration-Minimisation_support": 1857, "epoch": 3}, {"micro_f1": 0.8328154755938659, "Exaggeration-Minimisation_precision": 0.13106796116504854, "Exaggeration-Minimisation_recall": 0.1291866028708134, "Exaggeration-Minimisation_f1-score": 0.13012048192771086, "Exaggeration-Minimisation_support": 209.0, "micro avg_precision": 0.13106796116504854, "micro avg_recall": 0.1291866028708134, "micro avg_f1-score": 0.13012048192771086, "micro avg_support": 209.0, "macro avg_precision": 0.13106796116504854, "macro avg_recall": 0.1291866028708134, "macro avg_f1-score": 0.13012048192771086, "macro avg_support": 209.0, "weighted avg_precision": 0.13106796116504854, "weighted avg_recall": 0.1291866028708134, "weighted avg_f1-score": 0.13012048192771086, "weighted avg_support": 209.0, "O_support": 7914, "B-Exaggeration-Minimisation_support": 206, "I-Exaggeration-Minimisation_support": 1857, "epoch": 4}], "best_epoch": 4, "train_data_path": "./data/formatted/train_sentences_ls.json"}