{"micro_f1": 0.726182074805928, "Appeal_to_Values_precision": 0.1111111111111111, "Appeal_to_Values_recall": 0.06321839080459771, "Appeal_to_Values_f1-score": 0.08058608058608059, "Appeal_to_Values_support": 174.0, "micro avg_precision": 0.1111111111111111, "micro avg_recall": 0.06321839080459771, "micro avg_f1-score": 0.08058608058608059, "micro avg_support": 174.0, "macro avg_precision": 0.1111111111111111, "macro avg_recall": 0.06321839080459771, "macro avg_f1-score": 0.08058608058608059, "macro avg_support": 174.0, "weighted avg_precision": 0.1111111111111111, "weighted avg_recall": 0.06321839080459771, "weighted avg_f1-score": 0.08058608058608059, "weighted avg_support": 174.0, "O_support": 2444, "B-Appeal_to_Values_support": 99, "I-Appeal_to_Values_support": 1708}