{"micro_f1": 0.9392400416080279, "Name_Calling-Labeling_precision": 0.44730392156862747, "Name_Calling-Labeling_recall": 0.42392566782810687, "Name_Calling-Labeling_f1-score": 0.4353011329755516, "Name_Calling-Labeling_support": 861.0, "micro avg_precision": 0.44730392156862747, "micro avg_recall": 0.42392566782810687, "micro avg_f1-score": 0.4353011329755516, "micro avg_support": 861.0, "macro avg_precision": 0.44730392156862747, "macro avg_recall": 0.42392566782810687, "macro avg_f1-score": 0.4353011329755516, "macro avg_support": 861.0, "weighted avg_precision": 0.44730392156862747, "weighted avg_recall": 0.42392566782810687, "weighted avg_f1-score": 0.43530113297555156, "weighted avg_support": 861.0, "O_support": 29653, "B-Name_Calling-Labeling_support": 816, "I-Name_Calling-Labeling_support": 2217}