{"results": [{"micro_f1": 0.8196269605765155, "Conversation_Killer_precision": 0.3129251700680272, "Conversation_Killer_recall": 0.14420062695924765, "Conversation_Killer_f1-score": 0.19742489270386268, "Conversation_Killer_support": 319.0, "micro avg_precision": 0.3129251700680272, "micro avg_recall": 0.14420062695924765, "micro avg_f1-score": 0.19742489270386268, "micro avg_support": 319.0, "macro avg_precision": 0.3129251700680272, "macro avg_recall": 0.14420062695924765, "macro avg_f1-score": 0.19742489270386268, "macro avg_support": 319.0, "weighted avg_precision": 0.3129251700680272, "weighted avg_recall": 0.14420062695924765, "weighted avg_f1-score": 0.19742489270386268, "weighted avg_support": 319.0, "O_support": 3533, "B-Conversation_Killer_support": 147, "I-Conversation_Killer_support": 1038, "epoch": 0}, {"micro_f1": 0.8253497244595168, "Conversation_Killer_precision": 0.25170068027210885, "Conversation_Killer_recall": 0.16299559471365638, "Conversation_Killer_f1-score": 0.1978609625668449, "Conversation_Killer_support": 227.0, "micro avg_precision": 0.25170068027210885, "micro avg_recall": 0.16299559471365638, "micro avg_f1-score": 0.1978609625668449, "micro avg_support": 227.0, "macro avg_precision": 0.25170068027210885, "macro avg_recall": 0.16299559471365638, "macro avg_f1-score": 0.1978609625668449, "macro avg_support": 227.0, "weighted avg_precision": 0.25170068027210885, "weighted avg_recall": 0.16299559471365638, "weighted avg_f1-score": 0.1978609625668449, "weighted avg_support": 227.0, "O_support": 3533, "B-Conversation_Killer_support": 147, "I-Conversation_Killer_support": 1038, "epoch": 1}, {"micro_f1": 0.8236540907164053, "Conversation_Killer_precision": 0.3877551020408163, "Conversation_Killer_recall": 0.26635514018691586, "Conversation_Killer_f1-score": 0.3157894736842105, "Conversation_Killer_support": 214.0, "micro avg_precision": 0.3877551020408163, "micro avg_recall": 0.26635514018691586, "micro avg_f1-score": 0.3157894736842105, "micro avg_support": 214.0, "macro avg_precision": 0.3877551020408163, "macro avg_recall": 0.26635514018691586, "macro avg_f1-score": 0.3157894736842105, "macro avg_support": 214.0, "weighted avg_precision": 0.38775510204081626, "weighted avg_recall": 0.26635514018691586, "weighted avg_f1-score": 0.31578947368421056, "weighted avg_support": 214.0, "O_support": 3533, "B-Conversation_Killer_support": 147, "I-Conversation_Killer_support": 1038, "epoch": 2}, {"micro_f1": 0.8096651123357355, "Conversation_Killer_precision": 0.4421768707482993, "Conversation_Killer_recall": 0.27896995708154504, "Conversation_Killer_f1-score": 0.34210526315789475, "Conversation_Killer_support": 233.0, "micro avg_precision": 0.4421768707482993, "micro avg_recall": 0.27896995708154504, "micro avg_f1-score": 0.34210526315789475, "micro avg_support": 233.0, "macro avg_precision": 0.4421768707482993, "macro avg_recall": 0.27896995708154504, "macro avg_f1-score": 0.34210526315789475, "macro avg_support": 233.0, "weighted avg_precision": 0.4421768707482993, "weighted avg_recall": 0.27896995708154504, "weighted avg_f1-score": 0.34210526315789475, "weighted avg_support": 233.0, "O_support": 3533, "B-Conversation_Killer_support": 147, "I-Conversation_Killer_support": 1038, "epoch": 3}, {"micro_f1": 0.8353115727002968, "Conversation_Killer_precision": 0.3945578231292517, "Conversation_Killer_recall": 0.26976744186046514, "Conversation_Killer_f1-score": 0.3204419889502762, "Conversation_Killer_support": 215.0, "micro avg_precision": 0.3945578231292517, "micro avg_recall": 0.26976744186046514, "micro avg_f1-score": 0.3204419889502762, "micro avg_support": 215.0, "macro avg_precision": 0.3945578231292517, "macro avg_recall": 0.26976744186046514, "macro avg_f1-score": 0.3204419889502762, "macro avg_support": 215.0, "weighted avg_precision": 0.3945578231292517, "weighted avg_recall": 0.26976744186046514, "weighted avg_f1-score": 0.3204419889502762, "weighted avg_support": 215.0, "O_support": 3533, "B-Conversation_Killer_support": 147, "I-Conversation_Killer_support": 1038, "epoch": 4}], "best_epoch": 4, "train_data_path": "./data/formatted/train_sentences_ls.json"}