{"micro_f1": 0.8579960185799603, "False_Dilemma-No_Choice_precision": 0.4642857142857143, "False_Dilemma-No_Choice_recall": 0.3939393939393939, "False_Dilemma-No_Choice_f1-score": 0.4262295081967213, "False_Dilemma-No_Choice_support": 99.0, "micro avg_precision": 0.4642857142857143, "micro avg_recall": 0.3939393939393939, "micro avg_f1-score": 0.4262295081967213, "micro avg_support": 99.0, "macro avg_precision": 0.4642857142857143, "macro avg_recall": 0.3939393939393939, "macro avg_f1-score": 0.4262295081967213, "macro avg_support": 99.0, "weighted avg_precision": 0.4642857142857143, "weighted avg_recall": 0.3939393939393939, "weighted avg_f1-score": 0.4262295081967213, "weighted avg_support": 99.0, "B-False_Dilemma-No_Choice_support": 84, "I-False_Dilemma-No_Choice_support": 1344, "O_support": 1586}