{"micro_f1": 0.8211643615310389, "False_Dilemma-No_Choice_precision": 0.47619047619047616, "False_Dilemma-No_Choice_recall": 0.33613445378151263, "False_Dilemma-No_Choice_f1-score": 0.39408866995073893, "False_Dilemma-No_Choice_support": 119.0, "micro avg_precision": 0.47619047619047616, "micro avg_recall": 0.33613445378151263, "micro avg_f1-score": 0.39408866995073893, "micro avg_support": 119.0, "macro avg_precision": 0.47619047619047616, "macro avg_recall": 0.33613445378151263, "macro avg_f1-score": 0.39408866995073893, "macro avg_support": 119.0, "weighted avg_precision": 0.47619047619047616, "weighted avg_recall": 0.33613445378151263, "weighted avg_f1-score": 0.39408866995073893, "weighted avg_support": 119.0, "B-False_Dilemma-No_Choice_support": 84, "I-False_Dilemma-No_Choice_support": 1344, "O_support": 1681}