{"micro_f1": 0.8361465150993226, "Appeal_to_Fear-Prejudice_precision": 0.39344262295081966, "Appeal_to_Fear-Prejudice_recall": 0.29508196721311475, "Appeal_to_Fear-Prejudice_f1-score": 0.3372365339578454, "Appeal_to_Fear-Prejudice_support": 244.0, "micro avg_precision": 0.39344262295081966, "micro avg_recall": 0.29508196721311475, "micro avg_f1-score": 0.3372365339578454, "micro avg_support": 244.0, "macro avg_precision": 0.39344262295081966, "macro avg_recall": 0.29508196721311475, "macro avg_f1-score": 0.3372365339578454, "macro avg_support": 244.0, "weighted avg_precision": 0.39344262295081966, "weighted avg_recall": 0.29508196721311475, "weighted avg_f1-score": 0.3372365339578454, "weighted avg_support": 244.0, "O_support": 5785, "B-Appeal_to_Fear-Prejudice_support": 183, "I-Appeal_to_Fear-Prejudice_support": 2741}