{"micro_f1": 0.9045648254384527, "Loaded_Language_precision": 0.30374238468233244, "Loaded_Language_recall": 0.2778662420382166, "Loaded_Language_f1-score": 0.29022869022869024, "Loaded_Language_support": 1256.0, "micro avg_precision": 0.30374238468233244, "micro avg_recall": 0.2778662420382166, "micro avg_f1-score": 0.29022869022869024, "micro avg_support": 1256.0, "macro avg_precision": 0.30374238468233244, "macro avg_recall": 0.2778662420382166, "macro avg_f1-score": 0.29022869022869024, "macro avg_support": 1256.0, "weighted avg_precision": 0.30374238468233244, "weighted avg_recall": 0.2778662420382166, "weighted avg_f1-score": 0.29022869022869024, "weighted avg_support": 1256.0, "O_support": 43185, "B-Loaded_Language_support": 1149, "I-Loaded_Language_support": 4474}