{"0": {"precision": 0.7129310344827586, "recall": 0.8296965136694257, "f1-score": 0.7668946331285499, "support": 3987.0}, "1": {"precision": 0.8163375710035163, "recall": 0.6937931034482758, "f1-score": 0.7500932024356903, "support": 4350.0}, "accuracy": 0.7587861341009956, "macro avg": {"precision": 0.7646343027431375, "recall": 0.7617448085588507, "f1-score": 0.7584939177821202, "support": 8337.0}, "weighted avg": {"precision": 0.7668855065788718, "recall": 0.7587861341009956, "f1-score": 0.7581281435622864, "support": 8337.0}, "macro-f1": 0.7584939177821202}