{"micro_f1": 0.8874940786357177, "Flag_Waving_precision": 0.43956043956043955, "Flag_Waving_recall": 0.3225806451612903, "Flag_Waving_f1-score": 0.37209302325581395, "Flag_Waving_support": 124.0, "micro avg_precision": 0.43956043956043955, "micro avg_recall": 0.3225806451612903, "micro avg_f1-score": 0.37209302325581395, "micro avg_support": 124.0, "macro avg_precision": 0.43956043956043955, "macro avg_recall": 0.3225806451612903, "macro avg_f1-score": 0.37209302325581395, "macro avg_support": 124.0, "weighted avg_precision": 0.43956043956043955, "weighted avg_recall": 0.3225806451612903, "weighted avg_f1-score": 0.37209302325581395, "weighted avg_support": 124.0, "B-Flag_Waving_support": 91, "I-Flag_Waving_support": 1049, "O_support": 3082}