{"micro_f1": 0.8718852844381758, "Repetition_precision": 0.007142857142857143, "Repetition_recall": 0.014925373134328358, "Repetition_f1-score": 0.00966183574879227, "Repetition_support": 67.0, "micro avg_precision": 0.007142857142857143, "micro avg_recall": 0.014925373134328358, "micro avg_f1-score": 0.00966183574879227, "micro avg_support": 67.0, "macro avg_precision": 0.007142857142857143, "macro avg_recall": 0.014925373134328358, "macro avg_f1-score": 0.00966183574879227, "macro avg_support": 67.0, "weighted avg_precision": 0.007142857142857143, "weighted avg_recall": 0.014925373134328358, "weighted avg_f1-score": 0.00966183574879227, "weighted avg_support": 67.0, "B-Repetition_support": 140, "I-Repetition_support": 412, "O_support": 3702, "train_data_path": "/home/pgajo/checkthat24/checkthat24_DIT/data/train_gold/train_gold_sentences.json"}