{"micro_f1": 0.8753644314868805, "Flag_Waving_precision": 0.4725274725274725, "Flag_Waving_recall": 0.3944954128440367, "Flag_Waving_f1-score": 0.43000000000000005, "Flag_Waving_support": 109.0, "micro avg_precision": 0.4725274725274725, "micro avg_recall": 0.3944954128440367, "micro avg_f1-score": 0.43000000000000005, "micro avg_support": 109.0, "macro avg_precision": 0.4725274725274725, "macro avg_recall": 0.3944954128440367, "macro avg_f1-score": 0.43000000000000005, "macro avg_support": 109.0, "weighted avg_precision": 0.4725274725274725, "weighted avg_recall": 0.3944954128440367, "weighted avg_f1-score": 0.43000000000000005, "weighted avg_support": 109.0, "B-Flag_Waving_support": 91, "I-Flag_Waving_support": 1049, "O_support": 2976}