{"0": {"precision": 0.8519794721407624, "recall": 0.8796457497539929, "f1-score": 0.8655915980782839, "support": 13211.0}, "1": {"precision": 0.8820299747737053, "recall": 0.8548213130078378, "f1-score": 0.8682125251049844, "support": 13907.0}, "accuracy": 0.8669149642304005, "macro avg": {"precision": 0.8670047234572338, "recall": 0.8672335313809154, "f1-score": 0.8669020615916341, "support": 27118.0}, "weighted avg": {"precision": 0.8673903556910366, "recall": 0.8669149642304005, "f1-score": 0.8669356954365081, "support": 27118.0}, "macro-f1": 0.8669020615916341}