{"micro_f1": 0.7542688228134238, "Doubt_precision": 0.36768802228412256, "Doubt_recall": 0.3037974683544304, "Doubt_f1-score": 0.33270321361058597, "Doubt_support": 869.0, "micro avg_precision": 0.36768802228412256, "micro avg_recall": 0.3037974683544304, "micro avg_f1-score": 0.33270321361058597, "micro avg_support": 869.0, "macro avg_precision": 0.36768802228412256, "macro avg_recall": 0.3037974683544304, "macro avg_f1-score": 0.33270321361058597, "macro avg_support": 869.0, "weighted avg_precision": 0.36768802228412256, "weighted avg_recall": 0.3037974683544304, "weighted avg_f1-score": 0.33270321361058597, "weighted avg_support": 869.0, "O_support": 16328, "B-Doubt_support": 718, "I-Doubt_support": 11709}