{"micro_f1": 0.7813620071684588, "Appeal_to_Authority_precision": 0.36752136752136755, "Appeal_to_Authority_recall": 0.27564102564102566, "Appeal_to_Authority_f1-score": 0.31501831501831506, "Appeal_to_Authority_support": 156.0, "micro avg_precision": 0.36752136752136755, "micro avg_recall": 0.27564102564102566, "micro avg_f1-score": 0.31501831501831506, "micro avg_support": 156.0, "macro avg_precision": 0.36752136752136755, "macro avg_recall": 0.27564102564102566, "macro avg_f1-score": 0.31501831501831506, "macro avg_support": 156.0, "weighted avg_precision": 0.36752136752136755, "weighted avg_recall": 0.27564102564102566, "weighted avg_f1-score": 0.31501831501831506, "weighted avg_support": 156.0, "O_support": 2698, "B-Appeal_to_Authority_support": 117, "I-Appeal_to_Authority_support": 1928}