{"micro_f1": 0.8488395560040364, "Conversation_Killer_precision": 0.41496598639455784, "Conversation_Killer_recall": 0.3407821229050279, "Conversation_Killer_f1-score": 0.3742331288343559, "Conversation_Killer_support": 179.0, "micro avg_precision": 0.41496598639455784, "micro avg_recall": 0.3407821229050279, "micro avg_f1-score": 0.3742331288343559, "micro avg_support": 179.0, "macro avg_precision": 0.41496598639455784, "macro avg_recall": 0.3407821229050279, "macro avg_f1-score": 0.3742331288343559, "macro avg_support": 179.0, "weighted avg_precision": 0.41496598639455784, "weighted avg_recall": 0.3407821229050279, "weighted avg_f1-score": 0.3742331288343559, "weighted avg_support": 179.0, "B-Conversation_Killer_support": 147, "I-Conversation_Killer_support": 1038, "O_support": 3770}