{"micro_f1": 0.8272623790552077, "Causal_Oversimplification_precision": 0.5113636363636364, "Causal_Oversimplification_recall": 0.4205607476635514, "Causal_Oversimplification_f1-score": 0.4615384615384615, "Causal_Oversimplification_support": 107.0, "micro avg_precision": 0.5113636363636364, "micro avg_recall": 0.4205607476635514, "micro avg_f1-score": 0.4615384615384615, "micro avg_support": 107.0, "macro avg_precision": 0.5113636363636364, "macro avg_recall": 0.4205607476635514, "macro avg_f1-score": 0.4615384615384615, "macro avg_support": 107.0, "weighted avg_precision": 0.5113636363636364, "weighted avg_recall": 0.4205607476635514, "weighted avg_f1-score": 0.4615384615384615, "weighted avg_support": 107.0, "B-Causal_Oversimplification_support": 88, "I-Causal_Oversimplification_support": 1886, "O_support": 1540}