{"micro_f1": 0.9167358229598893, "Slogans_precision": 0.4845360824742268, "Slogans_recall": 0.42342342342342343, "Slogans_f1-score": 0.451923076923077, "Slogans_support": 111.0, "micro avg_precision": 0.4845360824742268, "micro avg_recall": 0.42342342342342343, "micro avg_f1-score": 0.451923076923077, "micro avg_support": 111.0, "macro avg_precision": 0.4845360824742268, "macro avg_recall": 0.42342342342342343, "macro avg_f1-score": 0.451923076923077, "macro avg_support": 111.0, "weighted avg_precision": 0.4845360824742268, "weighted avg_recall": 0.42342342342342343, "weighted avg_f1-score": 0.451923076923077, "weighted avg_support": 111.0, "O_support": 2959, "B-Slogans_support": 97, "I-Slogans_support": 559}