{"micro_f1": 0.9515547474498444, "Name_Calling-Labeling_precision": 0.47549019607843135, "Name_Calling-Labeling_recall": 0.5344352617079889, "Name_Calling-Labeling_f1-score": 0.5032425421530479, "Name_Calling-Labeling_support": 726.0, "micro avg_precision": 0.47549019607843135, "micro avg_recall": 0.5344352617079889, "micro avg_f1-score": 0.5032425421530479, "micro avg_support": 726.0, "macro avg_precision": 0.47549019607843135, "macro avg_recall": 0.5344352617079889, "macro avg_f1-score": 0.5032425421530479, "macro avg_support": 726.0, "weighted avg_precision": 0.47549019607843135, "weighted avg_recall": 0.5344352617079889, "weighted avg_f1-score": 0.5032425421530479, "weighted avg_support": 726.0, "O_support": 29416, "B-Name_Calling-Labeling_support": 816, "I-Name_Calling-Labeling_support": 2217}