{"results": [{"micro_f1": 0.7140309155766944, "Guilt_by_Association_precision": 0.023529411764705882, "Guilt_by_Association_recall": 0.023529411764705882, "Guilt_by_Association_f1-score": 0.02352941176470588, "Guilt_by_Association_support": 85.0, "micro avg_precision": 0.023529411764705882, "micro avg_recall": 0.023529411764705882, "micro avg_f1-score": 0.02352941176470588, "micro avg_support": 85.0, "macro avg_precision": 0.023529411764705882, "macro avg_recall": 0.023529411764705882, "macro avg_f1-score": 0.02352941176470588, "macro avg_support": 85.0, "weighted avg_precision": 0.023529411764705882, "weighted avg_recall": 0.023529411764705882, "weighted avg_f1-score": 0.02352941176470588, "weighted avg_support": 85.0, "O_support": 2009, "B-Guilt_by_Association_support": 85, "I-Guilt_by_Association_support": 1270, "epoch": 0}, {"micro_f1": 0.7838882282996433, "Guilt_by_Association_precision": 0.16470588235294117, "Guilt_by_Association_recall": 0.10606060606060606, "Guilt_by_Association_f1-score": 0.12903225806451613, "Guilt_by_Association_support": 132.0, "micro avg_precision": 0.16470588235294117, "micro avg_recall": 0.10606060606060606, "micro avg_f1-score": 0.12903225806451613, "micro avg_support": 132.0, "macro avg_precision": 0.16470588235294117, "macro avg_recall": 0.10606060606060606, "macro avg_f1-score": 0.12903225806451613, "macro avg_support": 132.0, "weighted avg_precision": 0.16470588235294117, "weighted avg_recall": 0.10606060606060606, "weighted avg_f1-score": 0.12903225806451613, "weighted avg_support": 132.0, "O_support": 2009, "B-Guilt_by_Association_support": 85, "I-Guilt_by_Association_support": 1270, "epoch": 1}, {"micro_f1": 0.7812128418549347, "Guilt_by_Association_precision": 0.17647058823529413, "Guilt_by_Association_recall": 0.13636363636363635, "Guilt_by_Association_f1-score": 0.15384615384615383, "Guilt_by_Association_support": 110.0, "micro avg_precision": 0.17647058823529413, "micro avg_recall": 0.13636363636363635, "micro avg_f1-score": 0.15384615384615383, "micro avg_support": 110.0, "macro avg_precision": 0.17647058823529413, "macro avg_recall": 0.13636363636363635, "macro avg_f1-score": 0.15384615384615383, "macro avg_support": 110.0, "weighted avg_precision": 0.17647058823529413, "weighted avg_recall": 0.13636363636363635, "weighted avg_f1-score": 0.15384615384615383, "weighted avg_support": 110.0, "O_support": 2009, "B-Guilt_by_Association_support": 85, "I-Guilt_by_Association_support": 1270, "epoch": 2}, {"micro_f1": 0.7853745541022591, "Guilt_by_Association_precision": 0.21176470588235294, "Guilt_by_Association_recall": 0.10778443113772455, "Guilt_by_Association_f1-score": 0.14285714285714285, "Guilt_by_Association_support": 167.0, "micro avg_precision": 0.21176470588235294, "micro avg_recall": 0.10778443113772455, "micro avg_f1-score": 0.14285714285714285, "micro avg_support": 167.0, "macro avg_precision": 0.21176470588235294, "macro avg_recall": 0.10778443113772455, "macro avg_f1-score": 0.14285714285714285, "macro avg_support": 167.0, "weighted avg_precision": 0.21176470588235297, "weighted avg_recall": 0.10778443113772455, "weighted avg_f1-score": 0.14285714285714285, "weighted avg_support": 167.0, "O_support": 2009, "B-Guilt_by_Association_support": 85, "I-Guilt_by_Association_support": 1270, "epoch": 3}, {"micro_f1": 0.7874554102259215, "Guilt_by_Association_precision": 0.2823529411764706, "Guilt_by_Association_recall": 0.1610738255033557, "Guilt_by_Association_f1-score": 0.20512820512820512, "Guilt_by_Association_support": 149.0, "micro avg_precision": 0.2823529411764706, "micro avg_recall": 0.1610738255033557, "micro avg_f1-score": 0.20512820512820512, "micro avg_support": 149.0, "macro avg_precision": 0.2823529411764706, "macro avg_recall": 0.1610738255033557, "macro avg_f1-score": 0.20512820512820512, "macro avg_support": 149.0, "weighted avg_precision": 0.2823529411764706, "weighted avg_recall": 0.1610738255033557, "weighted avg_f1-score": 0.20512820512820512, "weighted avg_support": 149.0, "O_support": 2009, "B-Guilt_by_Association_support": 85, "I-Guilt_by_Association_support": 1270, "epoch": 4}, {"micro_f1": 0.7853745541022591, "Guilt_by_Association_precision": 0.25882352941176473, "Guilt_by_Association_recall": 0.1746031746031746, "Guilt_by_Association_f1-score": 0.20853080568720378, "Guilt_by_Association_support": 126.0, "micro avg_precision": 0.25882352941176473, "micro avg_recall": 0.1746031746031746, "micro avg_f1-score": 0.20853080568720378, "micro avg_support": 126.0, "macro avg_precision": 0.25882352941176473, "macro avg_recall": 0.1746031746031746, "macro avg_f1-score": 0.20853080568720378, "macro avg_support": 126.0, "weighted avg_precision": 0.25882352941176473, "weighted avg_recall": 0.1746031746031746, "weighted avg_f1-score": 0.20853080568720378, "weighted avg_support": 126.0, "O_support": 2009, "B-Guilt_by_Association_support": 85, "I-Guilt_by_Association_support": 1270, "epoch": 5}, {"micro_f1": 0.8049940546967896, "Guilt_by_Association_precision": 0.3058823529411765, "Guilt_by_Association_recall": 0.18181818181818182, "Guilt_by_Association_f1-score": 0.22807017543859648, "Guilt_by_Association_support": 143.0, "micro avg_precision": 0.3058823529411765, "micro avg_recall": 0.18181818181818182, "micro avg_f1-score": 0.22807017543859648, "micro avg_support": 143.0, "macro avg_precision": 0.3058823529411765, "macro avg_recall": 0.18181818181818182, "macro avg_f1-score": 0.22807017543859648, "macro avg_support": 143.0, "weighted avg_precision": 0.3058823529411765, "weighted avg_recall": 0.18181818181818182, "weighted avg_f1-score": 0.22807017543859645, "weighted avg_support": 143.0, "O_support": 2009, "B-Guilt_by_Association_support": 85, "I-Guilt_by_Association_support": 1270, "epoch": 6}, {"micro_f1": 0.7987514863258026, "Guilt_by_Association_precision": 0.2823529411764706, "Guilt_by_Association_recall": 0.183206106870229, "Guilt_by_Association_f1-score": 0.22222222222222224, "Guilt_by_Association_support": 131.0, "micro avg_precision": 0.2823529411764706, "micro avg_recall": 0.183206106870229, "micro avg_f1-score": 0.22222222222222224, "micro avg_support": 131.0, "macro avg_precision": 0.2823529411764706, "macro avg_recall": 0.183206106870229, "macro avg_f1-score": 0.22222222222222224, "macro avg_support": 131.0, "weighted avg_precision": 0.2823529411764706, "weighted avg_recall": 0.183206106870229, "weighted avg_f1-score": 0.22222222222222224, "weighted avg_support": 131.0, "O_support": 2009, "B-Guilt_by_Association_support": 85, "I-Guilt_by_Association_support": 1270, "epoch": 7}, {"micro_f1": 0.8008323424494649, "Guilt_by_Association_precision": 0.25882352941176473, "Guilt_by_Association_recall": 0.1864406779661017, "Guilt_by_Association_f1-score": 0.21674876847290642, "Guilt_by_Association_support": 118.0, "micro avg_precision": 0.25882352941176473, "micro avg_recall": 0.1864406779661017, "micro avg_f1-score": 0.21674876847290642, "micro avg_support": 118.0, "macro avg_precision": 0.25882352941176473, "macro avg_recall": 0.1864406779661017, "macro avg_f1-score": 0.21674876847290642, "macro avg_support": 118.0, "weighted avg_precision": 0.25882352941176473, "weighted avg_recall": 0.1864406779661017, "weighted avg_f1-score": 0.21674876847290642, "weighted avg_support": 118.0, "O_support": 2009, "B-Guilt_by_Association_support": 85, "I-Guilt_by_Association_support": 1270, "epoch": 8}], "best_epoch": 7, "train_data_path": {"sl": "./data/train_sent_mt/sl/train_gold_sentences_translated_nllb-200-3.3B_eng_Latn-slv_Latn_tok_regex_en-sl/train_gold_sentences_translated_nllb-200-3.3B_eng_Latn-slv_Latn_tok_regex_en-sl_mdeberta-v3-base_mdeberta_xlwa_en-sl_ME3_2024-05-04-12-12-14_ls.json", "ru": "./data/train_sent_mt/ru/train_gold_sentences_translated_nllb-200-3.3B_eng_Latn-rus_Cyrl_tok_regex_en-ru/train_gold_sentences_translated_nllb-200-3.3B_eng_Latn-rus_Cyrl_tok_regex_en-ru_mdeberta-v3-base_mdeberta_xlwa_en-ru_ME3_2024-05-04-12-09-20_ls.json",