{"0": {"precision": 0.8972185036442064, "recall": 0.7901493319360755, "f1-score": 0.8402869680295326, "support": 7634.0}, "1": {"precision": 0.6953793496862521, "recall": 0.8410763569457221, "f1-score": 0.7613198709274487, "support": 4348.0}, "accuracy": 0.8086296110832916, "macro avg": {"precision": 0.7962989266652293, "recall": 0.8156128444408988, "f1-score": 0.8008034194784907, "support": 11982.0}, "weighted avg": {"precision": 0.8239755858166997, "recall": 0.8086296110832916, "f1-score": 0.8116315734209646, "support": 11982.0}, "macro-f1": 0.8008034194784907}