{"micro_f1": 0.745498292455759, "Questioning_the_Reputation_precision": 0.19254658385093168, "Questioning_the_Reputation_recall": 0.155, "Questioning_the_Reputation_f1-score": 0.17174515235457063, "Questioning_the_Reputation_support": 400.0, "micro avg_precision": 0.19254658385093168, "micro avg_recall": 0.155, "micro avg_f1-score": 0.17174515235457063, "micro avg_support": 400.0, "macro avg_precision": 0.19254658385093168, "macro avg_recall": 0.155, "macro avg_f1-score": 0.17174515235457063, "macro avg_support": 400.0, "weighted avg_precision": 0.19254658385093168, "weighted avg_recall": 0.155, "weighted avg_f1-score": 0.17174515235457066, "weighted avg_support": 400.0, "O_support": 7341, "B-Questioning_the_Reputation_support": 322, "I-Questioning_the_Reputation_support": 5221}