{"results": [{"micro_f1": 0.6223005729396209, "Obfuscation-Vagueness-Confusion_precision": 0.0, "Obfuscation-Vagueness-Confusion_recall": 0.0, "Obfuscation-Vagueness-Confusion_f1-score": 0.0, "Obfuscation-Vagueness-Confusion_support": 54.0, "micro avg_precision": 0.0, "micro avg_recall": 0.0, "micro avg_f1-score": 0.0, "micro avg_support": 54.0, "macro avg_precision": 0.0, "macro avg_recall": 0.0, "macro avg_f1-score": 0.0, "macro avg_support": 54.0, "weighted avg_precision": 0.0, "weighted avg_recall": 0.0, "weighted avg_f1-score": 0.0, "weighted avg_support": 54.0, "O_support": 1365, "B-Obfuscation-Vagueness-Confusion_support": 47, "I-Obfuscation-Vagueness-Confusion_support": 857, "epoch": 0}, {"micro_f1": 0.6844424856765094, "Obfuscation-Vagueness-Confusion_precision": 0.02127659574468085, "Obfuscation-Vagueness-Confusion_recall": 0.012195121951219513, "Obfuscation-Vagueness-Confusion_f1-score": 0.015503875968992248, "Obfuscation-Vagueness-Confusion_support": 82.0, "micro avg_precision": 0.02127659574468085, "micro avg_recall": 0.012195121951219513, "micro avg_f1-score": 0.015503875968992248, "micro avg_support": 82.0, "macro avg_precision": 0.02127659574468085, "macro avg_recall": 0.012195121951219513, "macro avg_f1-score": 0.015503875968992248, "macro avg_support": 82.0, "weighted avg_precision": 0.02127659574468085, "weighted avg_recall": 0.012195121951219513, "weighted avg_f1-score": 0.015503875968992248, "weighted avg_support": 82.0, "O_support": 1365, "B-Obfuscation-Vagueness-Confusion_support": 47, "I-Obfuscation-Vagueness-Confusion_support": 857, "epoch": 1}, {"micro_f1": 0.6615249008373733, "Obfuscation-Vagueness-Confusion_precision": 0.10638297872340426, "Obfuscation-Vagueness-Confusion_recall": 0.037037037037037035, "Obfuscation-Vagueness-Confusion_f1-score": 0.054945054945054944, "Obfuscation-Vagueness-Confusion_support": 135.0, "micro avg_precision": 0.10638297872340426, "micro avg_recall": 0.037037037037037035, "micro avg_f1-score": 0.054945054945054944, "micro avg_support": 135.0, "macro avg_precision": 0.10638297872340426, "macro avg_recall": 0.037037037037037035, "macro avg_f1-score": 0.054945054945054944, "macro avg_support": 135.0, "weighted avg_precision": 0.10638297872340426, "weighted avg_recall": 0.037037037037037035, "weighted avg_f1-score": 0.054945054945054944, "weighted avg_support": 135.0, "O_support": 1365, "B-Obfuscation-Vagueness-Confusion_support": 47, "I-Obfuscation-Vagueness-Confusion_support": 857, "epoch": 2}, {"micro_f1": 0.6910533274570295, "Obfuscation-Vagueness-Confusion_precision": 0.10638297872340426, "Obfuscation-Vagueness-Confusion_recall": 0.06097560975609756, "Obfuscation-Vagueness-Confusion_f1-score": 0.07751937984496125, "Obfuscation-Vagueness-Confusion_support": 82.0, "micro avg_precision": 0.10638297872340426, "micro avg_recall": 0.06097560975609756, "micro avg_f1-score": 0.07751937984496125, "micro avg_support": 82.0, "macro avg_precision": 0.10638297872340426, "macro avg_recall": 0.06097560975609756, "macro avg_f1-score": 0.07751937984496125, "macro avg_support": 82.0, "weighted avg_precision": 0.10638297872340426, "weighted avg_recall": 0.06097560975609756, "weighted avg_f1-score": 0.07751937984496125, "weighted avg_support": 82.0, "O_support": 1365, "B-Obfuscation-Vagueness-Confusion_support": 47, "I-Obfuscation-Vagueness-Confusion_support": 857, "epoch": 3}, {"micro_f1": 0.6840017628911415, "Obfuscation-Vagueness-Confusion_precision": 0.1702127659574468, "Obfuscation-Vagueness-Confusion_recall": 0.07079646017699115, "Obfuscation-Vagueness-Confusion_f1-score": 0.1, "Obfuscation-Vagueness-Confusion_support": 113.0, "micro avg_precision": 0.1702127659574468, "micro avg_recall": 0.07079646017699115, "micro avg_f1-score": 0.1, "micro avg_support": 113.0, "macro avg_precision": 0.1702127659574468, "macro avg_recall": 0.07079646017699115, "macro avg_f1-score": 0.1, "macro avg_support": 113.0, "weighted avg_precision": 0.1702127659574468, "weighted avg_recall": 0.07079646017699115, "weighted avg_f1-score": 0.1, "weighted avg_support": 113.0, "O_support": 1365, "B-Obfuscation-Vagueness-Confusion_support": 47, "I-Obfuscation-Vagueness-Confusion_support": 857, "epoch": 4}, {"micro_f1": 0.7069193477302776, "Obfuscation-Vagueness-Confusion_precision": 0.10638297872340426, "Obfuscation-Vagueness-Confusion_recall": 0.05952380952380952, "Obfuscation-Vagueness-Confusion_f1-score": 0.07633587786259542, "Obfuscation-Vagueness-Confusion_support": 84.0, "micro avg_precision": 0.10638297872340426, "micro avg_recall": 0.05952380952380952, "micro avg_f1-score": 0.07633587786259542, "micro avg_support": 84.0, "macro avg_precision": 0.10638297872340426, "macro avg_recall": 0.05952380952380952, "macro avg_f1-score": 0.07633587786259542, "macro avg_support": 84.0, "weighted avg_precision": 0.10638297872340427, "weighted avg_recall": 0.05952380952380952, "weighted avg_f1-score": 0.07633587786259542, "weighted avg_support": 84.0, "O_support": 1365, "B-Obfuscation-Vagueness-Confusion_support": 47, "I-Obfuscation-Vagueness-Confusion_support": 857, "epoch": 5}, {"micro_f1": 0.6963420008814456, "Obfuscation-Vagueness-Confusion_precision": 0.1702127659574468, "Obfuscation-Vagueness-Confusion_recall": 0.07920792079207921, "Obfuscation-Vagueness-Confusion_f1-score": 0.10810810810810811, "Obfuscation-Vagueness-Confusion_support": 101.0, "micro avg_precision": 0.1702127659574468, "micro avg_recall": 0.07920792079207921, "micro avg_f1-score": 0.10810810810810811, "micro avg_support": 101.0, "macro avg_precision": 0.1702127659574468, "macro avg_recall": 0.07920792079207921, "macro avg_f1-score": 0.10810810810810811, "macro avg_support": 101.0, "weighted avg_precision": 0.1702127659574468, "weighted avg_recall": 0.07920792079207921, "weighted avg_f1-score": 0.10810810810810811, "weighted avg_support": 101.0, "O_support": 1365, "B-Obfuscation-Vagueness-Confusion_support": 47, "I-Obfuscation-Vagueness-Confusion_support": 857, "epoch": 6}, {"micro_f1": 0.6954605553107096, "Obfuscation-Vagueness-Confusion_precision": 0.23404255319148937, "Obfuscation-Vagueness-Confusion_recall": 0.10891089108910891, "Obfuscation-Vagueness-Confusion_f1-score": 0.14864864864864866, "Obfuscation-Vagueness-Confusion_support": 101.0, "micro avg_precision": 0.23404255319148937, "micro avg_recall": 0.10891089108910891, "micro avg_f1-score": 0.14864864864864866, "micro avg_support": 101.0, "macro avg_precision": 0.23404255319148937, "macro avg_recall": 0.10891089108910891, "macro avg_f1-score": 0.14864864864864866, "macro avg_support": 101.0, "weighted avg_precision": 0.23404255319148937, "weighted avg_recall": 0.10891089108910891, "weighted avg_f1-score": 0.14864864864864866, "weighted avg_support": 101.0, "O_support": 1365, "B-Obfuscation-Vagueness-Confusion_support": 47, "I-Obfuscation-Vagueness-Confusion_support": 857, "epoch": 7}, {"micro_f1": 0.7086822388717496, "Obfuscation-Vagueness-Confusion_precision": 0.10638297872340426, "Obfuscation-Vagueness-Confusion_recall": 0.04716981132075472, "Obfuscation-Vagueness-Confusion_f1-score": 0.06535947712418301, "Obfuscation-Vagueness-Confusion_support": 106.0, "micro avg_precision": 0.10638297872340426, "micro avg_recall": 0.04716981132075472, "micro avg_f1-score": 0.06535947712418301, "micro avg_support": 106.0, "macro avg_precision": 0.10638297872340426, "macro avg_recall": 0.04716981132075472, "macro avg_f1-score": 0.06535947712418301, "macro avg_support": 106.0, "weighted avg_precision": 0.10638297872340426, "weighted avg_recall": 0.04716981132075472, "weighted avg_f1-score": 0.06535947712418301, "weighted avg_support": 106.0, "O_support": 1365, "B-Obfuscation-Vagueness-Confusion_support": 47, "I-Obfuscation-Vagueness-Confusion_support": 857, "epoch": 8}, {"micro_f1": 0.6994270603790216, "Obfuscation-Vagueness-Confusion_precision": 0.2127659574468085, "Obfuscation-Vagueness-Confusion_recall": 0.10416666666666667, "Obfuscation-Vagueness-Confusion_f1-score": 0.13986013986013987,