{"results": [{"micro_f1": 0.6976241900647948, "Whataboutism_precision": 0.17391304347826086, "Whataboutism_recall": 0.09302325581395349, "Whataboutism_f1-score": 0.12121212121212122, "Whataboutism_support": 43.0, "micro avg_precision": 0.17391304347826086, "micro avg_recall": 0.09302325581395349, "micro avg_f1-score": 0.12121212121212122, "micro avg_support": 43.0, "macro avg_precision": 0.17391304347826086, "macro avg_recall": 0.09302325581395349, "macro avg_f1-score": 0.12121212121212122, "macro avg_support": 43.0, "weighted avg_precision": 0.17391304347826086, "weighted avg_recall": 0.09302325581395349, "weighted avg_f1-score": 0.1212121212121212, "weighted avg_support": 43.0, "B-Whataboutism_support": 23, "I-Whataboutism_support": 593, "O_support": 310, "epoch": 0}, {"micro_f1": 0.8347732181425485, "Whataboutism_precision": 0.391304347826087, "Whataboutism_recall": 0.17307692307692307, "Whataboutism_f1-score": 0.24, "Whataboutism_support": 52.0, "micro avg_precision": 0.391304347826087, "micro avg_recall": 0.17307692307692307, "micro avg_f1-score": 0.24, "micro avg_support": 52.0, "macro avg_precision": 0.391304347826087, "macro avg_recall": 0.17307692307692307, "macro avg_f1-score": 0.24, "macro avg_support": 52.0, "weighted avg_precision": 0.391304347826087, "weighted avg_recall": 0.17307692307692307, "weighted avg_f1-score": 0.24000000000000002, "weighted avg_support": 52.0, "B-Whataboutism_support": 23, "I-Whataboutism_support": 593, "O_support": 310, "epoch": 1}, {"micro_f1": 0.7624190064794818, "Whataboutism_precision": 0.08695652173913043, "Whataboutism_recall": 0.03225806451612903, "Whataboutism_f1-score": 0.047058823529411764, "Whataboutism_support": 62.0, "micro avg_precision": 0.08695652173913043, "micro avg_recall": 0.03225806451612903, "micro avg_f1-score": 0.047058823529411764, "micro avg_support": 62.0, "macro avg_precision": 0.08695652173913043, "macro avg_recall": 0.03225806451612903, "macro avg_f1-score": 0.047058823529411764, "macro avg_support": 62.0, "weighted avg_precision": 0.08695652173913043, "weighted avg_recall": 0.03225806451612903, "weighted avg_f1-score": 0.047058823529411764, "weighted avg_support": 62.0, "B-Whataboutism_support": 23, "I-Whataboutism_support": 593, "O_support": 310, "epoch": 2}, {"micro_f1": 0.7775377969762419, "Whataboutism_precision": 0.391304347826087, "Whataboutism_recall": 0.19148936170212766, "Whataboutism_f1-score": 0.2571428571428572, "Whataboutism_support": 47.0, "micro avg_precision": 0.391304347826087, "micro avg_recall": 0.19148936170212766, "micro avg_f1-score": 0.2571428571428572, "micro avg_support": 47.0, "macro avg_precision": 0.391304347826087, "macro avg_recall": 0.19148936170212766, "macro avg_f1-score": 0.2571428571428572, "macro avg_support": 47.0, "weighted avg_precision": 0.3913043478260869, "weighted avg_recall": 0.19148936170212766, "weighted avg_f1-score": 0.2571428571428572, "weighted avg_support": 47.0, "B-Whataboutism_support": 23, "I-Whataboutism_support": 593, "O_support": 310, "epoch": 3}, {"micro_f1": 0.7807775377969762, "Whataboutism_precision": 0.30434782608695654, "Whataboutism_recall": 0.16666666666666666, "Whataboutism_f1-score": 0.2153846153846154, "Whataboutism_support": 42.0, "micro avg_precision": 0.30434782608695654, "micro avg_recall": 0.16666666666666666, "micro avg_f1-score": 0.2153846153846154, "micro avg_support": 42.0, "macro avg_precision": 0.30434782608695654, "macro avg_recall": 0.16666666666666666, "macro avg_f1-score": 0.2153846153846154, "macro avg_support": 42.0, "weighted avg_precision": 0.30434782608695654, "weighted avg_recall": 0.16666666666666666, "weighted avg_f1-score": 0.21538461538461537, "weighted avg_support": 42.0, "B-Whataboutism_support": 23, "I-Whataboutism_support": 593, "O_support": 310, "epoch": 4}, {"micro_f1": 0.7958963282937366, "Whataboutism_precision": 0.391304347826087, "Whataboutism_recall": 0.20454545454545456, "Whataboutism_f1-score": 0.2686567164179105, "Whataboutism_support": 44.0, "micro avg_precision": 0.391304347826087, "micro avg_recall": 0.20454545454545456, "micro avg_f1-score": 0.2686567164179105, "micro avg_support": 44.0, "macro avg_precision": 0.391304347826087, "macro avg_recall": 0.20454545454545456, "macro avg_f1-score": 0.2686567164179105, "macro avg_support": 44.0, "weighted avg_precision": 0.391304347826087, "weighted avg_recall": 0.20454545454545456, "weighted avg_f1-score": 0.2686567164179105, "weighted avg_support": 44.0, "B-Whataboutism_support": 23, "I-Whataboutism_support": 593, "O_support": 310, "epoch": 5}, {"micro_f1": 0.7462203023758099, "Whataboutism_precision": 0.34782608695652173, "Whataboutism_recall": 0.19047619047619047, "Whataboutism_f1-score": 0.24615384615384614, "Whataboutism_support": 42.0, "micro avg_precision": 0.34782608695652173, "micro avg_recall": 0.19047619047619047, "micro avg_f1-score": 0.24615384615384614, "micro avg_support": 42.0, "macro avg_precision": 0.34782608695652173, "macro avg_recall": 0.19047619047619047, "macro avg_f1-score": 0.24615384615384614, "macro avg_support": 42.0, "weighted avg_precision": 0.34782608695652173, "weighted avg_recall": 0.19047619047619047, "weighted avg_f1-score": 0.2461538461538461, "weighted avg_support": 42.0, "B-Whataboutism_support": 23, "I-Whataboutism_support": 593, "O_support": 310, "epoch": 6}, {"micro_f1": 0.8358531317494601, "Whataboutism_precision": 0.4782608695652174, "Whataboutism_recall": 0.3142857142857143, "Whataboutism_f1-score": 0.3793103448275862, "Whataboutism_support": 35.0, "micro avg_precision": 0.4782608695652174, "micro avg_recall": 0.3142857142857143, "micro avg_f1-score": 0.3793103448275862, "micro avg_support": 35.0, "macro avg_precision": 0.4782608695652174, "macro avg_recall": 0.3142857142857143, "macro avg_f1-score": 0.3793103448275862, "macro avg_support": 35.0, "weighted avg_precision": 0.4782608695652174, "weighted avg_recall": 0.3142857142857143, "weighted avg_f1-score": 0.3793103448275862, "weighted avg_support": 35.0, "B-Whataboutism_support": 23, "I-Whataboutism_support": 593, "O_support": 310, "epoch": 7}, {"micro_f1": 0.8304535637149028, "Whataboutism_precision": 0.4782608695652174, "Whataboutism_recall": 0.2972972972972973, "Whataboutism_f1-score": 0.3666666666666667, "Whataboutism_support": 37.0, "micro avg_precision": 0.4782608695652174, "micro avg_recall": 0.2972972972972973, "micro avg_f1-score": 0.3666666666666667, "micro avg_support": 37.0, "macro avg_precision": 0.4782608695652174, "macro avg_recall": 0.2972972972972973, "macro avg_f1-score": 0.3666666666666667, "macro avg_support": 37.0, "weighted avg_precision": 0.4782608695652174, "weighted avg_recall": 0.2972972972972973, "weighted avg_f1-score": 0.3666666666666667, "weighted avg_support": 37.0, "B-Whataboutism_support": 23, "I-Whataboutism_support": 593, "O_support": 310, "epoch": 8}, {"micro_f1": 0.8304535637149028, "Whataboutism_precision": 0.4782608695652174, "Whataboutism_recall": 0.3142857142857143, "Whataboutism_f1-score": 0.3793103448275862, "Whataboutism_support": 35.0, "micro avg_precision": 0.4782608695652174, "micro avg_recall": 0.3142857142857143, "micro avg_f1-score": 0.3793103448275862, "micro avg_support": 35.0, "macro avg_precision": 0.4782608695652174, "macro avg_recall": 0.3142857142857143, "macro avg_f1-score": 0.3793103448275862, "macro avg_support": 35.0, "weighted avg_precision": 0.4782608695652174, "weighted avg_recall": 0.3142857142857143, "weighted avg_f1-score": 0.3793103448275862, "weighted avg_support": 35.0, "B-Whataboutism_support": 23, "I-Whataboutism_support": 593, "O_support": 310, "epoch": 9}], "best_epoch": 8, "train_data_path": {"sl": "./data/train_sent_mt/sl/train_gold_sentences_translated_nllb-200-3.3B_eng_Latn-slv_Latn_tok_regex_en-sl/train_gold_sentences_translated_nllb-200-3.3B_eng_Latn-slv_Latn_tok_regex_en-sl_mdeberta-v3-base_mdeberta_xlwa_en-sl_ME3_2024-05-04-12-12-14_ls.json",