{"micro_f1": 0.9444632785773723, "Name_Calling-Labeling_precision": 0.4522058823529412, "Name_Calling-Labeling_recall": 0.45165238678090575, "Name_Calling-Labeling_f1-score": 0.4519289650949173, "Name_Calling-Labeling_support": 817.0, "micro avg_precision": 0.4522058823529412, "micro avg_recall": 0.45165238678090575, "micro avg_f1-score": 0.4519289650949173, "micro avg_support": 817.0, "macro avg_precision": 0.4522058823529412, "macro avg_recall": 0.45165238678090575, "macro avg_f1-score": 0.4519289650949173, "macro avg_support": 817.0, "weighted avg_precision": 0.4522058823529412, "weighted avg_recall": 0.45165238678090575, "weighted avg_f1-score": 0.4519289650949173, "weighted avg_support": 817.0, "O_support": 29414, "B-Name_Calling-Labeling_support": 816, "I-Name_Calling-Labeling_support": 2217}