{"results": [{"micro_f1": 0.7578425595341259, "Doubt_precision": 0.24651810584958217, "Doubt_recall": 0.16970278044103548, "Doubt_f1-score": 0.2010221465076661, "Doubt_support": 1043.0, "micro avg_precision": 0.24651810584958217, "micro avg_recall": 0.16970278044103548, "micro avg_f1-score": 0.2010221465076661, "micro avg_support": 1043.0, "macro avg_precision": 0.24651810584958217, "macro avg_recall": 0.16970278044103548, "macro avg_f1-score": 0.2010221465076661, "macro avg_support": 1043.0, "weighted avg_precision": 0.24651810584958217, "weighted avg_recall": 0.16970278044103548, "weighted avg_f1-score": 0.2010221465076661, "weighted avg_support": 1043.0, "B-Doubt_support": 718, "I-Doubt_support": 11709, "O_support": 16422, "epoch": 0}, {"micro_f1": 0.7615515269160109, "Doubt_precision": 0.24512534818941503, "Doubt_recall": 0.19555555555555557, "Doubt_f1-score": 0.21755253399258345, "Doubt_support": 900.0, "micro avg_precision": 0.24512534818941503, "micro avg_recall": 0.19555555555555557, "micro avg_f1-score": 0.21755253399258345, "micro avg_support": 900.0, "macro avg_precision": 0.24512534818941503, "macro avg_recall": 0.19555555555555557, "macro avg_f1-score": 0.21755253399258345, "macro avg_support": 900.0, "weighted avg_precision": 0.24512534818941503, "weighted avg_recall": 0.19555555555555557, "weighted avg_f1-score": 0.21755253399258345, "weighted avg_support": 900.0, "B-Doubt_support": 718, "I-Doubt_support": 11709, "O_support": 16422, "epoch": 1}, {"micro_f1": 0.7633193524905543, "Doubt_precision": 0.2883008356545961, "Doubt_recall": 0.21789473684210525, "Doubt_f1-score": 0.24820143884892082, "Doubt_support": 950.0, "micro avg_precision": 0.2883008356545961, "micro avg_recall": 0.21789473684210525, "micro avg_f1-score": 0.24820143884892082, "micro avg_support": 950.0, "macro avg_precision": 0.2883008356545961, "macro avg_recall": 0.21789473684210525, "macro avg_f1-score": 0.24820143884892082, "macro avg_support": 950.0, "weighted avg_precision": 0.2883008356545961, "weighted avg_recall": 0.21789473684210525, "weighted avg_f1-score": 0.24820143884892085, "weighted avg_support": 950.0, "B-Doubt_support": 718, "I-Doubt_support": 11709, "O_support": 16422, "epoch": 2}, {"micro_f1": 0.7597837013414676, "Doubt_precision": 0.2994428969359331, "Doubt_recall": 0.2817824377457405, "Doubt_f1-score": 0.29034436191762325, "Doubt_support": 763.0, "micro avg_precision": 0.2994428969359331, "micro avg_recall": 0.2817824377457405, "micro avg_f1-score": 0.29034436191762325, "micro avg_support": 763.0, "macro avg_precision": 0.2994428969359331, "macro avg_recall": 0.2817824377457405, "macro avg_f1-score": 0.29034436191762325, "macro avg_support": 763.0, "weighted avg_precision": 0.2994428969359331, "weighted avg_recall": 0.2817824377457405, "weighted avg_f1-score": 0.29034436191762325, "weighted avg_support": 763.0, "B-Doubt_support": 718, "I-Doubt_support": 11709, "O_support": 16422, "epoch": 3}, {"micro_f1": 0.760164997053624, "Doubt_precision": 0.3802228412256267, "Doubt_recall": 0.29354838709677417, "Doubt_f1-score": 0.33131067961165045, "Doubt_support": 930.0, "micro avg_precision": 0.3802228412256267, "micro avg_recall": 0.29354838709677417, "micro avg_f1-score": 0.33131067961165045, "micro avg_support": 930.0, "macro avg_precision": 0.3802228412256267, "macro avg_recall": 0.29354838709677417, "macro avg_f1-score": 0.33131067961165045, "macro avg_support": 930.0, "weighted avg_precision": 0.3802228412256267, "weighted avg_recall": 0.29354838709677417, "weighted avg_f1-score": 0.33131067961165045, "weighted avg_support": 930.0, "B-Doubt_support": 718, "I-Doubt_support": 11709, "O_support": 16422, "epoch": 4}, {"micro_f1": 0.7701133488162503, "Doubt_precision": 0.3635097493036212, "Doubt_recall": 0.29965556831228474, "Doubt_f1-score": 0.328508495909377, "Doubt_support": 871.0, "micro avg_precision": 0.3635097493036212, "micro avg_recall": 0.29965556831228474, "micro avg_f1-score": 0.328508495909377, "micro avg_support": 871.0, "macro avg_precision": 0.3635097493036212, "macro avg_recall": 0.29965556831228474, "macro avg_f1-score": 0.328508495909377, "macro avg_support": 871.0, "weighted avg_precision": 0.36350974930362123, "weighted avg_recall": 0.29965556831228474, "weighted avg_f1-score": 0.328508495909377, "weighted avg_support": 871.0, "B-Doubt_support": 718, "I-Doubt_support": 11709, "O_support": 16422, "epoch": 5}, {"micro_f1": 0.7679295642829906, "Doubt_precision": 0.34818941504178275, "Doubt_recall": 0.2738225629791895, "Doubt_f1-score": 0.30656039239730226, "Doubt_support": 913.0, "micro avg_precision": 0.34818941504178275, "micro avg_recall": 0.2738225629791895, "micro avg_f1-score": 0.30656039239730226, "micro avg_support": 913.0, "macro avg_precision": 0.34818941504178275, "macro avg_recall": 0.2738225629791895, "macro avg_f1-score": 0.30656039239730226, "macro avg_support": 913.0, "weighted avg_precision": 0.34818941504178275, "weighted avg_recall": 0.2738225629791895, "weighted avg_f1-score": 0.30656039239730226, "weighted avg_support": 913.0, "B-Doubt_support": 718, "I-Doubt_support": 11709, "O_support": 16422, "epoch": 6}], "best_epoch": 5, "train_data_path": {"sl": "./data/train_sent_mt/sl/train_gold_sentences_translated_nllb-200-3.3B_eng_Latn-slv_Latn_tok_regex_en-sl/train_gold_sentences_translated_nllb-200-3.3B_eng_Latn-slv_Latn_tok_regex_en-sl_mdeberta-v3-base_mdeberta_xlwa_en-sl_ME3_2024-05-04-12-12-14_ls.json", "ru": "./data/train_sent_mt/ru/train_gold_sentences_translated_nllb-200-3.3B_eng_Latn-rus_Cyrl_tok_regex_en-ru/train_gold_sentences_translated_nllb-200-3.3B_eng_Latn-rus_Cyrl_tok_regex_en-ru_mdeberta-v3-base_mdeberta_xlwa_en-ru_ME3_2024-05-04-12-09-20_ls.json", "pt": "./data/train_sent_mt/pt/train_gold_sentences_translated_nllb-200-3.3B_eng_Latn-por_Latn_tok_regex_en-pt/train_gold_sentences_translated_nllb-200-3.3B_eng_Latn-por_Latn_tok_regex_en-pt_mdeberta-v3-base_mdeberta_xlwa_en-pt_ME3_2024-05-04-12-07-45_ls.json", "it": "./data/train_sent_mt/it/train_gold_sentences_translated_nllb-200-3.3B_eng_Latn-ita_Latn_tok_regex_en-it/train_gold_sentences_translated_nllb-200-3.3B_eng_Latn-ita_Latn_tok_regex_en-it_mdeberta-v3-base_mdeberta_xlwa_en-it_ME3_2024-05-04-12-05-00_ls.json", "es": "./data/train_sent_mt/es/train_gold_sentences_translated_nllb-200-3.3B_eng_Latn-spa_Latn_tok_regex_en-es/train_gold_sentences_translated_nllb-200-3.3B_eng_Latn-spa_Latn_tok_regex_en-es_mdeberta-v3-base_mdeberta_xlwa_en-es_ME3_2024-05-04-12-01-43_ls.json", "bg": "./data/train_sent_mt/bg/train_gold_sentences_translated_nllb-200-3.3B_eng_Latn-bul_Cyrl_tok_regex_en-bg/train_gold_sentences_translated_nllb-200-3.3B_eng_Latn-bul_Cyrl_tok_regex_en-bg_mdeberta-v3-base_mdeberta_xlwa_en-bg_ME3_2024-05-04-11-58-52_ls.json"}}