{"micro_f1": 0.8161536289183846, "Causal_Oversimplification_precision": 0.5113636363636364, "Causal_Oversimplification_recall": 0.46875, "Causal_Oversimplification_f1-score": 0.48913043478260865, "Causal_Oversimplification_support": 96.0, "micro avg_precision": 0.5113636363636364, "micro avg_recall": 0.46875, "micro avg_f1-score": 0.48913043478260865, "micro avg_support": 96.0, "macro avg_precision": 0.5113636363636364, "macro avg_recall": 0.46875, "macro avg_f1-score": 0.48913043478260865, "macro avg_support": 96.0, "weighted avg_precision": 0.5113636363636364, "weighted avg_recall": 0.46875, "weighted avg_f1-score": 0.48913043478260865, "weighted avg_support": 96.0, "B-Causal_Oversimplification_support": 88, "I-Causal_Oversimplification_support": 1886, "O_support": 1567}