{"micro_f1": 0.9407602536220786, "Name_Calling-Labeling_precision": 0.40808823529411764, "Name_Calling-Labeling_recall": 0.43190661478599224, "Name_Calling-Labeling_f1-score": 0.41965973534971646, "Name_Calling-Labeling_support": 771.0, "micro avg_precision": 0.40808823529411764, "micro avg_recall": 0.43190661478599224, "micro avg_f1-score": 0.41965973534971646, "micro avg_support": 771.0, "macro avg_precision": 0.40808823529411764, "macro avg_recall": 0.43190661478599224, "macro avg_f1-score": 0.41965973534971646, "macro avg_support": 771.0, "weighted avg_precision": 0.40808823529411764, "weighted avg_recall": 0.43190661478599224, "weighted avg_f1-score": 0.41965973534971646, "weighted avg_support": 771.0, "O_support": 29614, "B-Name_Calling-Labeling_support": 816, "I-Name_Calling-Labeling_support": 2217}