{
    "micro_f1": 0.5995575221238938,
    "Whataboutism_precision": 0.2727272727272727,
    "Whataboutism_recall": 0.14285714285714285,
    "Whataboutism_f1-score": 0.18749999999999997,
    "Whataboutism_support": 21,
    "micro avg_precision": 0.2727272727272727,
    "micro avg_recall": 0.14285714285714285,
    "micro avg_f1-score": 0.18749999999999997,
    "micro avg_support": 21,
    "macro avg_precision": 0.2727272727272727,
    "macro avg_recall": 0.14285714285714285,
    "macro avg_f1-score": 0.18749999999999997,
    "macro avg_support": 21,
    "weighted avg_precision": 0.2727272727272727,
    "weighted avg_recall": 0.14285714285714285,
    "weighted avg_f1-score": 0.18749999999999997,
    "weighted avg_support": 21,
    "B-Whataboutism_support": 11,
    "I-Whataboutism_support": 252,
    "O_support": 189,
    "train_data_path": "/home/pgajo/checkthat24/checkthat24_DIT/data/train_gold/train_gold_sentences.json"
}