{"micro_f1": 0.815575849822425, "Guilt_by_Association_precision": 0.23529411764705882, "Guilt_by_Association_recall": 0.16260162601626016, "Guilt_by_Association_f1-score": 0.19230769230769232, "Guilt_by_Association_support": 123.0, "micro avg_precision": 0.23529411764705882, "micro avg_recall": 0.16260162601626016, "micro avg_f1-score": 0.19230769230769232, "micro avg_support": 123.0, "macro avg_precision": 0.23529411764705882, "macro avg_recall": 0.16260162601626016, "macro avg_f1-score": 0.19230769230769232, "macro avg_support": 123.0, "weighted avg_precision": 0.23529411764705882, "weighted avg_recall": 0.16260162601626016, "weighted avg_f1-score": 0.19230769230769232, "weighted avg_support": 123.0, "O_support": 2587, "B-Guilt_by_Association_support": 85, "I-Guilt_by_Association_support": 1270}