{"results": [{"micro_f1": 0.7465488680287135, "Straw_Man_precision": 0.044444444444444446, "Straw_Man_recall": 0.02040816326530612, "Straw_Man_f1-score": 0.02797202797202797, "Straw_Man_support": 98.0, "micro avg_precision": 0.044444444444444446, "micro avg_recall": 0.02040816326530612, "micro avg_f1-score": 0.02797202797202797, "micro avg_support": 98.0, "macro avg_precision": 0.044444444444444446, "macro avg_recall": 0.02040816326530612, "macro avg_f1-score": 0.02797202797202797, "macro avg_support": 98.0, "weighted avg_precision": 0.04444444444444445, "weighted avg_recall": 0.02040816326530612, "weighted avg_f1-score": 0.02797202797202797, "weighted avg_support": 98.0, "B-Straw_Man_support": 45, "I-Straw_Man_support": 728, "O_support": 1038, "epoch": 0}, {"micro_f1": 0.7498619547211486, "Straw_Man_precision": 0.13333333333333333, "Straw_Man_recall": 0.05405405405405406, "Straw_Man_f1-score": 0.07692307692307693, "Straw_Man_support": 111.0, "micro avg_precision": 0.13333333333333333, "micro avg_recall": 0.05405405405405406, "micro avg_f1-score": 0.07692307692307693, "micro avg_support": 111.0, "macro avg_precision": 0.13333333333333333, "macro avg_recall": 0.05405405405405406, "macro avg_f1-score": 0.07692307692307693, "macro avg_support": 111.0, "weighted avg_precision": 0.13333333333333333, "weighted avg_recall": 0.05405405405405406, "weighted avg_f1-score": 0.07692307692307693, "weighted avg_support": 111.0, "B-Straw_Man_support": 45, "I-Straw_Man_support": 728, "O_support": 1038, "epoch": 1}, {"micro_f1": 0.7537272225289895, "Straw_Man_precision": 0.2, "Straw_Man_recall": 0.1323529411764706, "Straw_Man_f1-score": 0.1592920353982301, "Straw_Man_support": 68.0, "micro avg_precision": 0.2, "micro avg_recall": 0.1323529411764706, "micro avg_f1-score": 0.1592920353982301, "micro avg_support": 68.0, "macro avg_precision": 0.2, "macro avg_recall": 0.1323529411764706, "macro avg_f1-score": 0.1592920353982301, "macro avg_support": 68.0, "weighted avg_precision": 0.2, "weighted avg_recall": 0.1323529411764706, "weighted avg_f1-score": 0.1592920353982301, "weighted avg_support": 68.0, "B-Straw_Man_support": 45, "I-Straw_Man_support": 728, "O_support": 1038, "epoch": 2}, {"micro_f1": 0.7725013804527885, "Straw_Man_precision": 0.24444444444444444, "Straw_Man_recall": 0.1506849315068493, "Straw_Man_f1-score": 0.1864406779661017, "Straw_Man_support": 73.0, "micro avg_precision": 0.24444444444444444, "micro avg_recall": 0.1506849315068493, "micro avg_f1-score": 0.1864406779661017, "micro avg_support": 73.0, "macro avg_precision": 0.24444444444444444, "macro avg_recall": 0.1506849315068493, "macro avg_f1-score": 0.1864406779661017, "macro avg_support": 73.0, "weighted avg_precision": 0.24444444444444446, "weighted avg_recall": 0.1506849315068493, "weighted avg_f1-score": 0.1864406779661017, "weighted avg_support": 73.0, "B-Straw_Man_support": 45, "I-Straw_Man_support": 728, "O_support": 1038, "epoch": 3}, {"micro_f1": 0.7885146327995582, "Straw_Man_precision": 0.2222222222222222, "Straw_Man_recall": 0.15384615384615385, "Straw_Man_f1-score": 0.18181818181818185, "Straw_Man_support": 65.0, "micro avg_precision": 0.2222222222222222, "micro avg_recall": 0.15384615384615385, "micro avg_f1-score": 0.18181818181818185, "micro avg_support": 65.0, "macro avg_precision": 0.2222222222222222, "macro avg_recall": 0.15384615384615385, "macro avg_f1-score": 0.18181818181818185, "macro avg_support": 65.0, "weighted avg_precision": 0.2222222222222222, "weighted avg_recall": 0.15384615384615385, "weighted avg_f1-score": 0.18181818181818185, "weighted avg_support": 65.0, "B-Straw_Man_support": 45, "I-Straw_Man_support": 728, "O_support": 1038, "epoch": 4}, {"micro_f1": 0.7454445057979017, "Straw_Man_precision": 0.2, "Straw_Man_recall": 0.15517241379310345, "Straw_Man_f1-score": 0.17475728155339806, "Straw_Man_support": 58.0, "micro avg_precision": 0.2, "micro avg_recall": 0.15517241379310345, "micro avg_f1-score": 0.17475728155339806, "micro avg_support": 58.0, "macro avg_precision": 0.2, "macro avg_recall": 0.15517241379310345, "macro avg_f1-score": 0.17475728155339806, "macro avg_support": 58.0, "weighted avg_precision": 0.2, "weighted avg_recall": 0.15517241379310345, "weighted avg_f1-score": 0.17475728155339806, "weighted avg_support": 58.0, "B-Straw_Man_support": 45, "I-Straw_Man_support": 728, "O_support": 1038, "epoch": 5}], "best_epoch": 4, "train_data_path": {"sl": "./data/train_sent_mt/sl/train_gold_sentences_translated_nllb-200-3.3B_eng_Latn-slv_Latn_tok_regex_en-sl/train_gold_sentences_translated_nllb-200-3.3B_eng_Latn-slv_Latn_tok_regex_en-sl_mdeberta-v3-base_mdeberta_xlwa_en-sl_ME3_2024-05-04-12-12-14_ls.json", "ru": "./data/train_sent_mt/ru/train_gold_sentences_translated_nllb-200-3.3B_eng_Latn-rus_Cyrl_tok_regex_en-ru/train_gold_sentences_translated_nllb-200-3.3B_eng_Latn-rus_Cyrl_tok_regex_en-ru_mdeberta-v3-base_mdeberta_xlwa_en-ru_ME3_2024-05-04-12-09-20_ls.json", "pt": "./data/train_sent_mt/pt/train_gold_sentences_translated_nllb-200-3.3B_eng_Latn-por_Latn_tok_regex_en-pt/train_gold_sentences_translated_nllb-200-3.3B_eng_Latn-por_Latn_tok_regex_en-pt_mdeberta-v3-base_mdeberta_xlwa_en-pt_ME3_2024-05-04-12-07-45_ls.json", "it": "./data/train_sent_mt/it/train_gold_sentences_translated_nllb-200-3.3B_eng_Latn-ita_Latn_tok_regex_en-it/train_gold_sentences_translated_nllb-200-3.3B_eng_Latn-ita_Latn_tok_regex_en-it_mdeberta-v3-base_mdeberta_xlwa_en-it_ME3_2024-05-04-12-05-00_ls.json", "es": "./data/train_sent_mt/es/train_gold_sentences_translated_nllb-200-3.3B_eng_Latn-spa_Latn_tok_regex_en-es/train_gold_sentences_translated_nllb-200-3.3B_eng_Latn-spa_Latn_tok_regex_en-es_mdeberta-v3-base_mdeberta_xlwa_en-es_ME3_2024-05-04-12-01-43_ls.json", "bg": "./data/train_sent_mt/bg/train_gold_sentences_translated_nllb-200-3.3B_eng_Latn-bul_Cyrl_tok_regex_en-bg/train_gold_sentences_translated_nllb-200-3.3B_eng_Latn-bul_Cyrl_tok_regex_en-bg_mdeberta-v3-base_mdeberta_xlwa_en-bg_ME3_2024-05-04-11-58-52_ls.json"}}