{"micro_f1": 0.8134958957025593, "Appeal_to_Fear-Prejudice_precision": 0.366120218579235, "Appeal_to_Fear-Prejudice_recall": 0.250936329588015, "Appeal_to_Fear-Prejudice_f1-score": 0.29777777777777775, "Appeal_to_Fear-Prejudice_support": 267.0, "micro avg_precision": 0.366120218579235, "micro avg_recall": 0.250936329588015, "micro avg_f1-score": 0.29777777777777775, "micro avg_support": 267.0, "macro avg_precision": 0.366120218579235, "macro avg_recall": 0.250936329588015, "macro avg_f1-score": 0.29777777777777775, "macro avg_support": 267.0, "weighted avg_precision": 0.366120218579235, "weighted avg_recall": 0.250936329588015, "weighted avg_f1-score": 0.29777777777777775, "weighted avg_support": 267.0, "O_support": 5360, "B-Appeal_to_Fear-Prejudice_support": 183, "I-Appeal_to_Fear-Prejudice_support": 2741}