{"results": [{"micro_f1": 0.8287968003555161, "Exaggeration-Minimisation_precision": 0.19902912621359223, "Exaggeration-Minimisation_recall": 0.13225806451612904, "Exaggeration-Minimisation_f1-score": 0.15891472868217055, "Exaggeration-Minimisation_support": 310.0, "micro avg_precision": 0.19902912621359223, "micro avg_recall": 0.13225806451612904, "micro avg_f1-score": 0.15891472868217055, "micro avg_support": 310.0, "macro avg_precision": 0.19902912621359223, "macro avg_recall": 0.13225806451612904, "macro avg_f1-score": 0.15891472868217055, "macro avg_support": 310.0, "weighted avg_precision": 0.19902912621359223, "weighted avg_recall": 0.13225806451612904, "weighted avg_f1-score": 0.15891472868217055, "weighted avg_support": 310.0, "O_support": 6938, "B-Exaggeration-Minimisation_support": 206, "I-Exaggeration-Minimisation_support": 1857, "epoch": 0}, {"micro_f1": 0.8707921342073103, "Exaggeration-Minimisation_precision": 0.32038834951456313, "Exaggeration-Minimisation_recall": 0.28085106382978725, "Exaggeration-Minimisation_f1-score": 0.29931972789115646, "Exaggeration-Minimisation_support": 235.0, "micro avg_precision": 0.32038834951456313, "micro avg_recall": 0.28085106382978725, "micro avg_f1-score": 0.29931972789115646, "micro avg_support": 235.0, "macro avg_precision": 0.32038834951456313, "macro avg_recall": 0.28085106382978725, "macro avg_f1-score": 0.29931972789115646, "macro avg_support": 235.0, "weighted avg_precision": 0.32038834951456313, "weighted avg_recall": 0.28085106382978725, "weighted avg_f1-score": 0.29931972789115646, "weighted avg_support": 235.0, "O_support": 6938, "B-Exaggeration-Minimisation_support": 206, "I-Exaggeration-Minimisation_support": 1857, "epoch": 1}, {"micro_f1": 0.8262415287190312, "Exaggeration-Minimisation_precision": 0.3640776699029126, "Exaggeration-Minimisation_recall": 0.24834437086092714, "Exaggeration-Minimisation_f1-score": 0.2952755905511811, "Exaggeration-Minimisation_support": 302.0, "micro avg_precision": 0.3640776699029126, "micro avg_recall": 0.24834437086092714, "micro avg_f1-score": 0.2952755905511811, "micro avg_support": 302.0, "macro avg_precision": 0.3640776699029126, "macro avg_recall": 0.24834437086092714, "macro avg_f1-score": 0.2952755905511811, "macro avg_support": 302.0, "weighted avg_precision": 0.3640776699029126, "weighted avg_recall": 0.24834437086092714, "weighted avg_f1-score": 0.2952755905511811, "weighted avg_support": 302.0, "O_support": 6938, "B-Exaggeration-Minimisation_support": 206, "I-Exaggeration-Minimisation_support": 1857, "epoch": 2}, {"micro_f1": 0.8630152205310521, "Exaggeration-Minimisation_precision": 0.34951456310679613, "Exaggeration-Minimisation_recall": 0.301255230125523, "Exaggeration-Minimisation_f1-score": 0.32359550561797756, "Exaggeration-Minimisation_support": 239.0, "micro avg_precision": 0.34951456310679613, "micro avg_recall": 0.301255230125523, "micro avg_f1-score": 0.32359550561797756, "micro avg_support": 239.0, "macro avg_precision": 0.34951456310679613, "macro avg_recall": 0.301255230125523, "macro avg_f1-score": 0.32359550561797756, "macro avg_support": 239.0, "weighted avg_precision": 0.34951456310679613, "weighted avg_recall": 0.301255230125523, "weighted avg_f1-score": 0.32359550561797756, "weighted avg_support": 239.0, "O_support": 6938, "B-Exaggeration-Minimisation_support": 206, "I-Exaggeration-Minimisation_support": 1857, "epoch": 3}, {"micro_f1": 0.8700144428396844, "Exaggeration-Minimisation_precision": 0.3786407766990291, "Exaggeration-Minimisation_recall": 0.32231404958677684, "Exaggeration-Minimisation_f1-score": 0.3482142857142857, "Exaggeration-Minimisation_support": 242.0, "micro avg_precision": 0.3786407766990291, "micro avg_recall": 0.32231404958677684, "micro avg_f1-score": 0.3482142857142857, "micro avg_support": 242.0, "macro avg_precision": 0.3786407766990291, "macro avg_recall": 0.32231404958677684, "macro avg_f1-score": 0.3482142857142857, "macro avg_support": 242.0, "weighted avg_precision": 0.3786407766990291, "weighted avg_recall": 0.32231404958677684, "weighted avg_f1-score": 0.3482142857142857, "weighted avg_support": 242.0, "O_support": 6938, "B-Exaggeration-Minimisation_support": 206, "I-Exaggeration-Minimisation_support": 1857, "epoch": 4}, {"micro_f1": 0.8575713809576714, "Exaggeration-Minimisation_precision": 0.3786407766990291, "Exaggeration-Minimisation_recall": 0.312, "Exaggeration-Minimisation_f1-score": 0.34210526315789475, "Exaggeration-Minimisation_support": 250.0, "micro avg_precision": 0.3786407766990291, "micro avg_recall": 0.312, "micro avg_f1-score": 0.34210526315789475, "micro avg_support": 250.0, "macro avg_precision": 0.3786407766990291, "macro avg_recall": 0.312, "macro avg_f1-score": 0.34210526315789475, "macro avg_support": 250.0, "weighted avg_precision": 0.3786407766990291, "weighted avg_recall": 0.312, "weighted avg_f1-score": 0.34210526315789475, "weighted avg_support": 250.0, "O_support": 6938, "B-Exaggeration-Minimisation_support": 206, "I-Exaggeration-Minimisation_support": 1857, "epoch": 5}, {"micro_f1": 0.8639040106654816, "Exaggeration-Minimisation_precision": 0.42718446601941745, "Exaggeration-Minimisation_recall": 0.32592592592592595, "Exaggeration-Minimisation_f1-score": 0.3697478991596639, "Exaggeration-Minimisation_support": 270.0, "micro avg_precision": 0.42718446601941745, "micro avg_recall": 0.32592592592592595, "micro avg_f1-score": 0.3697478991596639, "micro avg_support": 270.0, "macro avg_precision": 0.42718446601941745, "macro avg_recall": 0.32592592592592595, "macro avg_f1-score": 0.3697478991596639, "macro avg_support": 270.0, "weighted avg_precision": 0.42718446601941745, "weighted avg_recall": 0.32592592592592595, "weighted avg_f1-score": 0.3697478991596639, "weighted avg_support": 270.0, "O_support": 6938, "B-Exaggeration-Minimisation_support": 206, "I-Exaggeration-Minimisation_support": 1857, "epoch": 6}, {"micro_f1": 0.8730141095433842, "Exaggeration-Minimisation_precision": 0.36893203883495146, "Exaggeration-Minimisation_recall": 0.34545454545454546, "Exaggeration-Minimisation_f1-score": 0.3568075117370892, "Exaggeration-Minimisation_support": 220.0, "micro avg_precision": 0.36893203883495146, "micro avg_recall": 0.34545454545454546, "micro avg_f1-score": 0.3568075117370892, "micro avg_support": 220.0, "macro avg_precision": 0.36893203883495146, "macro avg_recall": 0.34545454545454546, "macro avg_f1-score": 0.3568075117370892, "macro avg_support": 220.0, "weighted avg_precision": 0.36893203883495146, "weighted avg_recall": 0.34545454545454546, "weighted avg_f1-score": 0.3568075117370892, "weighted avg_support": 220.0, "O_support": 6938, "B-Exaggeration-Minimisation_support": 206, "I-Exaggeration-Minimisation_support": 1857, "epoch": 7}, {"micro_f1": 0.8720142206421508, "Exaggeration-Minimisation_precision": 0.3786407766990291, "Exaggeration-Minimisation_recall": 0.375, "Exaggeration-Minimisation_f1-score": 0.3768115942028985, "Exaggeration-Minimisation_support": 208.0, "micro avg_precision": 0.3786407766990291, "micro avg_recall": 0.375, "micro avg_f1-score": 0.3768115942028985, "micro avg_support": 208.0, "macro avg_precision": 0.3786407766990291, "macro avg_recall": 0.375, "macro avg_f1-score": 0.3768115942028985, "macro avg_support": 208.0, "weighted avg_precision": 0.3786407766990291, "weighted avg_recall": 0.375, "weighted avg_f1-score": 0.3768115942028985, "weighted avg_support": 208.0, "O_support": 6938, "B-Exaggeration-Minimisation_support": 206, "I-Exaggeration-Minimisation_support": 1857, "epoch": 8}, {"micro_f1": 0.8707921342073103, "Exaggeration-Minimisation_precision": 0.45145631067961167, "Exaggeration-Minimisation_recall": 0.37349397590361444, "Exaggeration-Minimisation_f1-score": 0.4087912087912088, "Exaggeration-Minimisation_support": 249.0, "micro avg_precision": 0.45145631067961167, "micro avg_recall": 0.37349397590361444, "micro avg_f1-score": 0.4087912087912088, "micro avg_support": 249.0, "macro avg_precision": 0.45145631067961167,