{"micro_f1": 0.8244335648411705, "Appeal_to_Fear-Prejudice_precision": 0.33879781420765026, "Appeal_to_Fear-Prejudice_recall": 0.256198347107438, "Appeal_to_Fear-Prejudice_f1-score": 0.2917647058823529, "Appeal_to_Fear-Prejudice_support": 242.0, "micro avg_precision": 0.33879781420765026, "micro avg_recall": 0.256198347107438, "micro avg_f1-score": 0.2917647058823529, "micro avg_support": 242.0, "macro avg_precision": 0.33879781420765026, "macro avg_recall": 0.256198347107438, "macro avg_f1-score": 0.2917647058823529, "macro avg_support": 242.0, "weighted avg_precision": 0.33879781420765026, "weighted avg_recall": 0.256198347107438, "weighted avg_f1-score": 0.2917647058823529, "weighted avg_support": 242.0, "O_support": 5859, "B-Appeal_to_Fear-Prejudice_support": 183, "I-Appeal_to_Fear-Prejudice_support": 2741}