{"micro_f1": 0.7410256410256411, "Causal_Oversimplification_precision": 0.38636363636363635, "Causal_Oversimplification_recall": 0.265625, "Causal_Oversimplification_f1-score": 0.3148148148148148, "Causal_Oversimplification_support": 128.0, "micro avg_precision": 0.38636363636363635, "micro avg_recall": 0.265625, "micro avg_f1-score": 0.3148148148148148, "micro avg_support": 128.0, "macro avg_precision": 0.38636363636363635, "macro avg_recall": 0.265625, "macro avg_f1-score": 0.3148148148148148, "macro avg_support": 128.0, "weighted avg_precision": 0.38636363636363635, "weighted avg_recall": 0.265625, "weighted avg_f1-score": 0.3148148148148148, "weighted avg_support": 128.0, "B-Causal_Oversimplification_support": 88, "I-Causal_Oversimplification_support": 1886, "O_support": 1536}