{"micro_f1": 0.9351593933766635, "Repetition_precision": 0.6233766233766234, "Repetition_recall": 0.6233766233766234, "Repetition_f1-score": 0.6233766233766234, "Repetition_support": 154.0, "micro avg_precision": 0.6233766233766234, "micro avg_recall": 0.6233766233766234, "micro avg_f1-score": 0.6233766233766234, "micro avg_support": 154.0, "macro avg_precision": 0.6233766233766234, "macro avg_recall": 0.6233766233766234, "macro avg_f1-score": 0.6233766233766234, "macro avg_support": 154.0, "weighted avg_precision": 0.6233766233766234, "weighted avg_recall": 0.6233766233766234, "weighted avg_f1-score": 0.6233766233766234, "weighted avg_support": 154.0, "O_support": 5717, "B-Repetition_support": 154, "I-Repetition_support": 591}