{"micro_f1": 0.7974558946013479, "Questioning_the_Reputation_precision": 0.30434782608695654, "Questioning_the_Reputation_recall": 0.23501199040767387, "Questioning_the_Reputation_f1-score": 0.2652232746955345, "Questioning_the_Reputation_support": 417.0, "micro avg_precision": 0.30434782608695654, "micro avg_recall": 0.23501199040767387, "micro avg_f1-score": 0.2652232746955345, "micro avg_support": 417.0, "macro avg_precision": 0.30434782608695654, "macro avg_recall": 0.23501199040767387, "macro avg_f1-score": 0.2652232746955345, "macro avg_support": 417.0, "weighted avg_precision": 0.30434782608695654, "weighted avg_recall": 0.23501199040767387, "weighted avg_f1-score": 0.2652232746955345, "weighted avg_support": 417.0, "O_support": 7664, "B-Questioning_the_Reputation_support": 322, "I-Questioning_the_Reputation_support": 5221}