{"micro_f1": 0.7351176742039687, "Appeal_to_Popularity_precision": 0.3829787234042553, "Appeal_to_Popularity_recall": 0.18556701030927836, "Appeal_to_Popularity_f1-score": 0.25, "Appeal_to_Popularity_support": 97.0, "micro avg_precision": 0.3829787234042553, "micro avg_recall": 0.18556701030927836, "micro avg_f1-score": 0.25, "micro avg_support": 97.0, "macro avg_precision": 0.3829787234042553, "macro avg_recall": 0.18556701030927836, "macro avg_f1-score": 0.25, "macro avg_support": 97.0, "weighted avg_precision": 0.3829787234042553, "weighted avg_recall": 0.18556701030927836, "weighted avg_f1-score": 0.25, "weighted avg_support": 97.0, "O_support": 1499, "B-Appeal_to_Popularity_support": 47, "I-Appeal_to_Popularity_support": 621}