{
    "micro_f1": 0.8319228960977904,
    "Repetition_precision": 0.02857142857142857,
    "Repetition_recall": 0.0273972602739726,
    "Repetition_f1-score": 0.027972027972027972,
    "Repetition_support": 146,
    "micro avg_precision": 0.02857142857142857,
    "micro avg_recall": 0.0273972602739726,
    "micro avg_f1-score": 0.027972027972027972,
    "micro avg_support": 146,
    "macro avg_precision": 0.02857142857142857,
    "macro avg_recall": 0.0273972602739726,
    "macro avg_f1-score": 0.027972027972027972,
    "macro avg_support": 146,
    "weighted avg_precision": 0.028571428571428574,
    "weighted avg_recall": 0.0273972602739726,
    "weighted avg_f1-score": 0.027972027972027975,
    "weighted avg_support": 146,
    "B-Repetition_support": 140,
    "I-Repetition_support": 412,
    "O_support": 3702,
    "train_data_path": "/home/pgajo/checkthat24/checkthat24_DIT/data/train_gold/train_gold_sentences.json"
}