{"micro_f1": 0.7609710550887021, "Whataboutism_precision": 0.30434782608695654, "Whataboutism_recall": 0.1794871794871795, "Whataboutism_f1-score": 0.22580645161290322, "Whataboutism_support": 39.0, "micro avg_precision": 0.30434782608695654, "micro avg_recall": 0.1794871794871795, "micro avg_f1-score": 0.22580645161290322, "micro avg_support": 39.0, "macro avg_precision": 0.30434782608695654, "macro avg_recall": 0.1794871794871795, "macro avg_f1-score": 0.22580645161290322, "macro avg_support": 39.0, "weighted avg_precision": 0.30434782608695654, "weighted avg_recall": 0.1794871794871795, "weighted avg_f1-score": 0.22580645161290322, "weighted avg_support": 39.0, "B-Whataboutism_support": 23, "I-Whataboutism_support": 593, "O_support": 455}