{"micro_f1": 0.6935014548981572, "Appeal_to_Popularity_precision": 0.3191489361702128, "Appeal_to_Popularity_recall": 0.1724137931034483, "Appeal_to_Popularity_f1-score": 0.2238805970149254, "Appeal_to_Popularity_support": 87.0, "micro avg_precision": 0.3191489361702128, "micro avg_recall": 0.1724137931034483, "micro avg_f1-score": 0.2238805970149254, "micro avg_support": 87.0, "macro avg_precision": 0.3191489361702128, "macro avg_recall": 0.1724137931034483, "macro avg_f1-score": 0.2238805970149254, "macro avg_support": 87.0, "weighted avg_precision": 0.3191489361702128, "weighted avg_recall": 0.1724137931034483, "weighted avg_f1-score": 0.22388059701492538, "weighted avg_support": 87.0, "O_support": 1394, "B-Appeal_to_Popularity_support": 47, "I-Appeal_to_Popularity_support": 621}