{"micro_f1": 0.7789175560390978, "Doubt_precision": 0.3398328690807799, "Doubt_recall": 0.3027295285359802, "Doubt_f1-score": 0.32020997375328086, "Doubt_support": 806.0, "micro avg_precision": 0.3398328690807799, "micro avg_recall": 0.3027295285359802, "micro avg_f1-score": 0.32020997375328086, "micro avg_support": 806.0, "macro avg_precision": 0.3398328690807799, "macro avg_recall": 0.3027295285359802, "macro avg_f1-score": 0.32020997375328086, "macro avg_support": 806.0, "weighted avg_precision": 0.3398328690807799, "weighted avg_recall": 0.3027295285359802, "weighted avg_f1-score": 0.32020997375328086, "weighted avg_support": 806.0, "O_support": 16526, "B-Doubt_support": 718, "I-Doubt_support": 11709}