{"micro_f1": 0.8779453345900095, "Flag_Waving_precision": 0.4725274725274725, "Flag_Waving_recall": 0.40186915887850466, "Flag_Waving_f1-score": 0.4343434343434343, "Flag_Waving_support": 107.0, "micro avg_precision": 0.4725274725274725, "micro avg_recall": 0.40186915887850466, "micro avg_f1-score": 0.4343434343434343, "micro avg_support": 107.0, "macro avg_precision": 0.4725274725274725, "macro avg_recall": 0.40186915887850466, "macro avg_f1-score": 0.4343434343434343, "macro avg_support": 107.0, "weighted avg_precision": 0.47252747252747257, "weighted avg_recall": 0.40186915887850466, "weighted avg_f1-score": 0.4343434343434343, "weighted avg_support": 107.0, "B-Flag_Waving_support": 91, "I-Flag_Waving_support": 1049, "O_support": 3104}