{
    "micro_f1": 0.8751426314403581,
    "Name_Calling-Labeling_precision": 0.12568306010928962,
    "Name_Calling-Labeling_recall": 0.20795660036166366,
    "Name_Calling-Labeling_f1-score": 0.1566757493188011,
    "Name_Calling-Labeling_support": 553,
    "micro avg_precision": 0.12568306010928962,
    "micro avg_recall": 0.20795660036166366,
    "micro avg_f1-score": 0.1566757493188011,
    "micro avg_support": 553,
    "macro avg_precision": 0.12568306010928962,
    "macro avg_recall": 0.20795660036166366,
    "macro avg_f1-score": 0.1566757493188011,
    "macro avg_support": 553,
    "weighted avg_precision": 0.12568306010928962,
    "weighted avg_recall": 0.20795660036166366,
    "weighted avg_f1-score": 0.1566757493188011,
    "weighted avg_support": 553,
    "O_support": 19631,
    "B-Name_Calling-Labeling_support": 915,
    "I-Name_Calling-Labeling_support": 2240,
    "train_data_path": "/home/pgajo/checkthat24/checkthat24_DIT/data/train_gold/train_gold_sentences.json"
}