{
    "micro_f1": 0.7632874851417898,
    "Exaggeration-Minimisation_precision": 0.05025125628140704,
    "Exaggeration-Minimisation_recall": 0.05434782608695652,
    "Exaggeration-Minimisation_f1-score": 0.05221932114882506,
    "Exaggeration-Minimisation_support": 184,
    "micro avg_precision": 0.05025125628140704,
    "micro avg_recall": 0.05434782608695652,
    "micro avg_f1-score": 0.05221932114882506,
    "micro avg_support": 184,
    "macro avg_precision": 0.05025125628140704,
    "macro avg_recall": 0.05434782608695652,
    "macro avg_f1-score": 0.05221932114882506,
    "macro avg_support": 184,
    "weighted avg_precision": 0.05025125628140704,
    "weighted avg_recall": 0.05434782608695652,
    "weighted avg_f1-score": 0.05221932114882506,
    "weighted avg_support": 184,
    "O_support": 4139,
    "B-Exaggeration-Minimisation_support": 199,
    "I-Exaggeration-Minimisation_support": 1551,
    "train_data_path": "/home/pgajo/checkthat24/checkthat24_DIT/data/train_gold/train_gold_sentences.json"
}