{"micro_f1": 0.744908896034298, "Appeal_to_Time_precision": 0.2962962962962963, "Appeal_to_Time_recall": 0.19047619047619047, "Appeal_to_Time_f1-score": 0.2318840579710145, "Appeal_to_Time_support": 42.0, "micro avg_precision": 0.2962962962962963, "micro avg_recall": 0.19047619047619047, "micro avg_f1-score": 0.2318840579710145, "micro avg_support": 42.0, "macro avg_precision": 0.2962962962962963, "macro avg_recall": 0.19047619047619047, "macro avg_f1-score": 0.2318840579710145, "macro avg_support": 42.0, "weighted avg_precision": 0.2962962962962963, "weighted avg_recall": 0.19047619047619047, "weighted avg_f1-score": 0.2318840579710145, "weighted avg_support": 42.0, "O_support": 633, "B-Appeal_to_Time_support": 27, "I-Appeal_to_Time_support": 273}