{"micro_f1": 0.82, "Appeal_to_Values_precision": 0.32323232323232326, "Appeal_to_Values_recall": 0.20125786163522014, "Appeal_to_Values_f1-score": 0.248062015503876, "Appeal_to_Values_support": 159.0, "micro avg_precision": 0.32323232323232326, "micro avg_recall": 0.20125786163522014, "micro avg_f1-score": 0.248062015503876, "micro avg_support": 159.0, "macro avg_precision": 0.32323232323232326, "macro avg_recall": 0.20125786163522014, "macro avg_f1-score": 0.248062015503876, "macro avg_support": 159.0, "weighted avg_precision": 0.32323232323232326, "weighted avg_recall": 0.20125786163522014, "weighted avg_f1-score": 0.24806201550387602, "weighted avg_support": 159.0, "O_support": 2443, "B-Appeal_to_Values_support": 99, "I-Appeal_to_Values_support": 1708}