{"micro_f1": 0.7850533807829182, "Appeal_to_Fear-Prejudice_precision": 0.26229508196721313, "Appeal_to_Fear-Prejudice_recall": 0.1875, "Appeal_to_Fear-Prejudice_f1-score": 0.2186788154897494, "Appeal_to_Fear-Prejudice_support": 256.0, "micro avg_precision": 0.26229508196721313, "micro avg_recall": 0.1875, "micro avg_f1-score": 0.2186788154897494, "micro avg_support": 256.0, "macro avg_precision": 0.26229508196721313, "macro avg_recall": 0.1875, "macro avg_f1-score": 0.2186788154897494, "macro avg_support": 256.0, "weighted avg_precision": 0.26229508196721313, "weighted avg_recall": 0.1875, "weighted avg_f1-score": 0.2186788154897494, "weighted avg_support": 256.0, "B-Appeal_to_Fear-Prejudice_support": 183, "I-Appeal_to_Fear-Prejudice_support": 2741, "O_support": 5506}