{"micro_f1": 0.9339125038783742, "Repetition_precision": 0.6363636363636364, "Repetition_recall": 0.620253164556962, "Repetition_f1-score": 0.6282051282051282, "Repetition_support": 158.0, "micro avg_precision": 0.6363636363636364, "micro avg_recall": 0.620253164556962, "micro avg_f1-score": 0.6282051282051282, "micro avg_support": 158.0, "macro avg_precision": 0.6363636363636364, "macro avg_recall": 0.620253164556962, "macro avg_f1-score": 0.6282051282051282, "macro avg_support": 158.0, "weighted avg_precision": 0.6363636363636364, "weighted avg_recall": 0.620253164556962, "weighted avg_f1-score": 0.6282051282051282, "weighted avg_support": 158.0, "O_support": 5701, "B-Repetition_support": 154, "I-Repetition_support": 591}