{"micro_f1": 0.8582212011814899, "False_Dilemma-No_Choice_precision": 0.4642857142857143, "False_Dilemma-No_Choice_recall": 0.4020618556701031, "False_Dilemma-No_Choice_f1-score": 0.430939226519337, "False_Dilemma-No_Choice_support": 97.0, "micro avg_precision": 0.4642857142857143, "micro avg_recall": 0.4020618556701031, "micro avg_f1-score": 0.430939226519337, "micro avg_support": 97.0, "macro avg_precision": 0.4642857142857143, "macro avg_recall": 0.4020618556701031, "macro avg_f1-score": 0.430939226519337, "macro avg_support": 97.0, "weighted avg_precision": 0.4642857142857143, "weighted avg_recall": 0.4020618556701031, "weighted avg_f1-score": 0.430939226519337, "weighted avg_support": 97.0, "B-False_Dilemma-No_Choice_support": 84, "I-False_Dilemma-No_Choice_support": 1344, "O_support": 1619}