{"0": {"precision": 0.889953488372093, "recall": 0.8605738958352074, "f1-score": 0.8750171491288242, "support": 11117.0}, "1": {"precision": 0.8700863297292767, "recall": 0.8976997578692494, "f1-score": 0.8836773781655671, "support": 11564.0}, "accuracy": 0.8795026674308893, "macro avg": {"precision": 0.8800199090506848, "recall": 0.8791368268522284, "f1-score": 0.8793472636471957, "support": 22681.0}, "weighted avg": {"precision": 0.8798241368203302, "recall": 0.8795026674308893, "f1-score": 0.8794326020886097, "support": 22681.0}, "macro-f1": 0.8793472636471957}