{"micro_f1": 0.9276549276549276, "Slogans_precision": 0.4948453608247423, "Slogans_recall": 0.48484848484848486, "Slogans_f1-score": 0.4897959183673469, "Slogans_support": 99.0, "micro avg_precision": 0.4948453608247423, "micro avg_recall": 0.48484848484848486, "micro avg_f1-score": 0.4897959183673469, "micro avg_support": 99.0, "macro avg_precision": 0.4948453608247423, "macro avg_recall": 0.48484848484848486, "macro avg_f1-score": 0.4897959183673469, "macro avg_support": 99.0, "weighted avg_precision": 0.4948453608247423, "weighted avg_recall": 0.48484848484848486, "weighted avg_f1-score": 0.489795918367347, "weighted avg_support": 99.0, "O_support": 3007, "B-Slogans_support": 97, "I-Slogans_support": 559}