{"micro_f1": 0.8629931389365353, "Exaggeration-Minimisation_precision": 0.36893203883495146, "Exaggeration-Minimisation_recall": 0.2992125984251969, "Exaggeration-Minimisation_f1-score": 0.3304347826086957, "Exaggeration-Minimisation_support": 254.0, "micro avg_precision": 0.36893203883495146, "micro avg_recall": 0.2992125984251969, "micro avg_f1-score": 0.3304347826086957, "micro avg_support": 254.0, "macro avg_precision": 0.36893203883495146, "macro avg_recall": 0.2992125984251969, "macro avg_f1-score": 0.3304347826086957, "macro avg_support": 254.0, "weighted avg_precision": 0.36893203883495146, "weighted avg_recall": 0.2992125984251969, "weighted avg_f1-score": 0.3304347826086957, "weighted avg_support": 254.0, "O_support": 7265, "B-Exaggeration-Minimisation_support": 206, "I-Exaggeration-Minimisation_support": 1857}