{"micro_f1": 0.78240058910162, "Appeal_to_Hypocrisy_precision": 0.23529411764705882, "Appeal_to_Hypocrisy_recall": 0.17699115044247787, "Appeal_to_Hypocrisy_f1-score": 0.20202020202020202, "Appeal_to_Hypocrisy_support": 113.0, "micro avg_precision": 0.23529411764705882, "micro avg_recall": 0.17699115044247787, "micro avg_f1-score": 0.20202020202020202, "micro avg_support": 113.0, "macro avg_precision": 0.23529411764705882, "macro avg_recall": 0.17699115044247787, "macro avg_f1-score": 0.20202020202020202, "macro avg_support": 113.0, "weighted avg_precision": 0.2352941176470588, "weighted avg_recall": 0.17699115044247787, "weighted avg_f1-score": 0.20202020202020202, "weighted avg_support": 113.0, "O_support": 673, "B-Appeal_to_Hypocrisy_support": 85, "I-Appeal_to_Hypocrisy_support": 1958, "train_data_path": "/home/pgajo/checkthat24/checkthat24_DIT/data/train_gold/train_gold_sentences.json"}