{"results": [{"micro_f1": 0.8145161290322581, "Conversation_Killer_precision": 0.2653061224489796, "Conversation_Killer_recall": 0.15234375, "Conversation_Killer_f1-score": 0.19354838709677422, "Conversation_Killer_support": 256.0, "micro avg_precision": 0.2653061224489796, "micro avg_recall": 0.15234375, "micro avg_f1-score": 0.19354838709677422, "micro avg_support": 256.0, "macro avg_precision": 0.2653061224489796, "macro avg_recall": 0.15234375, "macro avg_f1-score": 0.19354838709677422, "macro avg_support": 256.0, "weighted avg_precision": 0.2653061224489796, "weighted avg_recall": 0.15234375, "weighted avg_f1-score": 0.19354838709677422, "weighted avg_support": 256.0, "O_support": 3651, "B-Conversation_Killer_support": 147, "I-Conversation_Killer_support": 1038, "epoch": 0}, {"micro_f1": 0.847394540942928, "Conversation_Killer_precision": 0.2857142857142857, "Conversation_Killer_recall": 0.1935483870967742, "Conversation_Killer_f1-score": 0.23076923076923075, "Conversation_Killer_support": 217.0, "micro avg_precision": 0.2857142857142857, "micro avg_recall": 0.1935483870967742, "micro avg_f1-score": 0.23076923076923075, "micro avg_support": 217.0, "macro avg_precision": 0.2857142857142857, "macro avg_recall": 0.1935483870967742, "macro avg_f1-score": 0.23076923076923075, "macro avg_support": 217.0, "weighted avg_precision": 0.2857142857142857, "weighted avg_recall": 0.1935483870967742, "weighted avg_f1-score": 0.23076923076923075, "weighted avg_support": 217.0, "O_support": 3651, "B-Conversation_Killer_support": 147, "I-Conversation_Killer_support": 1038, "epoch": 1}, {"micro_f1": 0.8012820512820514, "Conversation_Killer_precision": 0.36054421768707484, "Conversation_Killer_recall": 0.25, "Conversation_Killer_f1-score": 0.2952646239554318, "Conversation_Killer_support": 212.0, "micro avg_precision": 0.36054421768707484, "micro avg_recall": 0.25, "micro avg_f1-score": 0.2952646239554318, "micro avg_support": 212.0, "macro avg_precision": 0.36054421768707484, "macro avg_recall": 0.25, "macro avg_f1-score": 0.2952646239554318, "macro avg_support": 212.0, "weighted avg_precision": 0.36054421768707484, "weighted avg_recall": 0.25, "weighted avg_f1-score": 0.2952646239554318, "weighted avg_support": 212.0, "O_support": 3651, "B-Conversation_Killer_support": 147, "I-Conversation_Killer_support": 1038, "epoch": 2}, {"micro_f1": 0.7892886683209264, "Conversation_Killer_precision": 0.4217687074829932, "Conversation_Killer_recall": 0.2421875, "Conversation_Killer_f1-score": 0.3076923076923077, "Conversation_Killer_support": 256.0, "micro avg_precision": 0.4217687074829932, "micro avg_recall": 0.2421875, "micro avg_f1-score": 0.3076923076923077, "micro avg_support": 256.0, "macro avg_precision": 0.4217687074829932, "macro avg_recall": 0.2421875, "macro avg_f1-score": 0.3076923076923077, "macro avg_support": 256.0, "weighted avg_precision": 0.4217687074829932, "weighted avg_recall": 0.2421875, "weighted avg_f1-score": 0.3076923076923077, "weighted avg_support": 256.0, "O_support": 3651, "B-Conversation_Killer_support": 147, "I-Conversation_Killer_support": 1038, "epoch": 3}, {"micro_f1": 0.847601323407775, "Conversation_Killer_precision": 0.42857142857142855, "Conversation_Killer_recall": 0.35, "Conversation_Killer_f1-score": 0.3853211009174312, "Conversation_Killer_support": 180.0, "micro avg_precision": 0.42857142857142855, "micro avg_recall": 0.35, "micro avg_f1-score": 0.3853211009174312, "micro avg_support": 180.0, "macro avg_precision": 0.42857142857142855, "macro avg_recall": 0.35, "macro avg_f1-score": 0.3853211009174312, "macro avg_support": 180.0, "weighted avg_precision": 0.42857142857142855, "weighted avg_recall": 0.35, "weighted avg_f1-score": 0.3853211009174312, "weighted avg_support": 180.0, "O_support": 3651, "B-Conversation_Killer_support": 147, "I-Conversation_Killer_support": 1038, "epoch": 4}, {"micro_f1": 0.847601323407775, "Conversation_Killer_precision": 0.3877551020408163, "Conversation_Killer_recall": 0.3584905660377358, "Conversation_Killer_f1-score": 0.37254901960784315, "Conversation_Killer_support": 159.0, "micro avg_precision": 0.3877551020408163, "micro avg_recall": 0.3584905660377358, "micro avg_f1-score": 0.37254901960784315, "micro avg_support": 159.0, "macro avg_precision": 0.3877551020408163, "macro avg_recall": 0.3584905660377358, "macro avg_f1-score": 0.37254901960784315, "macro avg_support": 159.0, "weighted avg_precision": 0.3877551020408163, "weighted avg_recall": 0.3584905660377358, "weighted avg_f1-score": 0.37254901960784315, "weighted avg_support": 159.0, "O_support": 3651, "B-Conversation_Killer_support": 147, "I-Conversation_Killer_support": 1038, "epoch": 5}, {"micro_f1": 0.824234904880066, "Conversation_Killer_precision": 0.46258503401360546, "Conversation_Killer_recall": 0.3119266055045872, "Conversation_Killer_f1-score": 0.3726027397260275, "Conversation_Killer_support": 218.0, "micro avg_precision": 0.46258503401360546, "micro avg_recall": 0.3119266055045872, "micro avg_f1-score": 0.3726027397260275, "micro avg_support": 218.0, "macro avg_precision": 0.46258503401360546, "macro avg_recall": 0.3119266055045872, "macro avg_f1-score": 0.3726027397260275, "macro avg_support": 218.0, "weighted avg_precision": 0.46258503401360546, "weighted avg_recall": 0.3119266055045872, "weighted avg_f1-score": 0.3726027397260275, "weighted avg_support": 218.0, "O_support": 3651, "B-Conversation_Killer_support": 147, "I-Conversation_Killer_support": 1038, "epoch": 6}], "best_epoch": 5, "train_data_path": {"sl": "./data/train_sent_mt/sl/train_gold_sentences_translated_nllb-200-3.3B_eng_Latn-slv_Latn_tok_regex_en-sl/train_gold_sentences_translated_nllb-200-3.3B_eng_Latn-slv_Latn_tok_regex_en-sl_mdeberta-v3-base_mdeberta_xlwa_en-sl_ME3_2024-05-04-12-12-14_ls.json", "ru": "./data/train_sent_mt/ru/train_gold_sentences_translated_nllb-200-3.3B_eng_Latn-rus_Cyrl_tok_regex_en-ru/train_gold_sentences_translated_nllb-200-3.3B_eng_Latn-rus_Cyrl_tok_regex_en-ru_mdeberta-v3-base_mdeberta_xlwa_en-ru_ME3_2024-05-04-12-09-20_ls.json", "pt": "./data/train_sent_mt/pt/train_gold_sentences_translated_nllb-200-3.3B_eng_Latn-por_Latn_tok_regex_en-pt/train_gold_sentences_translated_nllb-200-3.3B_eng_Latn-por_Latn_tok_regex_en-pt_mdeberta-v3-base_mdeberta_xlwa_en-pt_ME3_2024-05-04-12-07-45_ls.json", "it": "./data/train_sent_mt/it/train_gold_sentences_translated_nllb-200-3.3B_eng_Latn-ita_Latn_tok_regex_en-it/train_gold_sentences_translated_nllb-200-3.3B_eng_Latn-ita_Latn_tok_regex_en-it_mdeberta-v3-base_mdeberta_xlwa_en-it_ME3_2024-05-04-12-05-00_ls.json", "es": "./data/train_sent_mt/es/train_gold_sentences_translated_nllb-200-3.3B_eng_Latn-spa_Latn_tok_regex_en-es/train_gold_sentences_translated_nllb-200-3.3B_eng_Latn-spa_Latn_tok_regex_en-es_mdeberta-v3-base_mdeberta_xlwa_en-es_ME3_2024-05-04-12-01-43_ls.json", "bg": "./data/train_sent_mt/bg/train_gold_sentences_translated_nllb-200-3.3B_eng_Latn-bul_Cyrl_tok_regex_en-bg/train_gold_sentences_translated_nllb-200-3.3B_eng_Latn-bul_Cyrl_tok_regex_en-bg_mdeberta-v3-base_mdeberta_xlwa_en-bg_ME3_2024-05-04-11-58-52_ls.json"}}