{"micro_f1": 0.8430540827147401, "Conversation_Killer_precision": 0.48299319727891155, "Conversation_Killer_recall": 0.3837837837837838, "Conversation_Killer_f1-score": 0.42771084337349397, "Conversation_Killer_support": 185.0, "micro avg_precision": 0.48299319727891155, "micro avg_recall": 0.3837837837837838, "micro avg_f1-score": 0.42771084337349397, "micro avg_support": 185.0, "macro avg_precision": 0.48299319727891155, "macro avg_recall": 0.3837837837837838, "macro avg_f1-score": 0.42771084337349397, "macro avg_support": 185.0, "weighted avg_precision": 0.4829931972789115, "weighted avg_recall": 0.3837837837837838, "weighted avg_f1-score": 0.42771084337349397, "weighted avg_support": 185.0, "B-Conversation_Killer_support": 147, "I-Conversation_Killer_support": 1038, "O_support": 3530}