{"micro_f1": 0.8481827622014538, "Conversation_Killer_precision": 0.5102040816326531, "Conversation_Killer_recall": 0.38071065989847713, "Conversation_Killer_f1-score": 0.436046511627907, "Conversation_Killer_support": 197.0, "micro avg_precision": 0.5102040816326531, "micro avg_recall": 0.38071065989847713, "micro avg_f1-score": 0.436046511627907, "micro avg_support": 197.0, "macro avg_precision": 0.5102040816326531, "macro avg_recall": 0.38071065989847713, "macro avg_f1-score": 0.436046511627907, "macro avg_support": 197.0, "weighted avg_precision": 0.5102040816326531, "weighted avg_recall": 0.38071065989847713, "weighted avg_f1-score": 0.436046511627907, "weighted avg_support": 197.0, "B-Conversation_Killer_support": 147, "I-Conversation_Killer_support": 1038, "O_support": 3630}