{
    "micro_f1": 0.6412451361867705,
    "Appeal_to_Popularity_precision": 0.20930232558139536,
    "Appeal_to_Popularity_recall": 0.072,
    "Appeal_to_Popularity_f1-score": 0.10714285714285714,
    "Appeal_to_Popularity_support": 125,
    "micro avg_precision": 0.20930232558139536,
    "micro avg_recall": 0.072,
    "micro avg_f1-score": 0.10714285714285714,
    "micro avg_support": 125,
    "macro avg_precision": 0.20930232558139536,
    "macro avg_recall": 0.072,
    "macro avg_f1-score": 0.10714285714285714,
    "macro avg_support": 125,
    "weighted avg_precision": 0.20930232558139536,
    "weighted avg_recall": 0.072,
    "weighted avg_f1-score": 0.10714285714285714,
    "weighted avg_support": 125,
    "O_support": 623,
    "B-Appeal_to_Popularity_support": 43,
    "I-Appeal_to_Popularity_support": 619,
    "train_data_path": "/home/pgajo/checkthat24/checkthat24_DIT/data/train_gold/train_gold_sentences.json"
}