{"results": [{"micro_f1": 0.896521918090142, "Loaded_Language_precision": 0.25674499564838993, "Loaded_Language_recall": 0.17393867924528303, "Loaded_Language_f1-score": 0.20738137082601055, "Loaded_Language_support": 1696.0, "micro avg_precision": 0.25674499564838993, "micro avg_recall": 0.17393867924528303, "micro avg_f1-score": 0.20738137082601055, "micro avg_support": 1696.0, "macro avg_precision": 0.25674499564838993, "macro avg_recall": 0.17393867924528303, "macro avg_f1-score": 0.20738137082601055, "macro avg_support": 1696.0, "weighted avg_precision": 0.25674499564838993, "weighted avg_recall": 0.17393867924528303, "weighted avg_f1-score": 0.20738137082601055, "weighted avg_support": 1696.0, "O_support": 42967, "B-Loaded_Language_support": 1149, "I-Loaded_Language_support": 4474, "epoch": 0}, {"micro_f1": 0.9012965630788228, "Loaded_Language_precision": 0.2280243690165361, "Loaded_Language_recall": 0.21146085552865213, "Loaded_Language_f1-score": 0.21943048576214402, "Loaded_Language_support": 1239.0, "micro avg_precision": 0.2280243690165361, "micro avg_recall": 0.21146085552865213, "micro avg_f1-score": 0.21943048576214402, "micro avg_support": 1239.0, "macro avg_precision": 0.2280243690165361, "macro avg_recall": 0.21146085552865213, "macro avg_f1-score": 0.21943048576214402, "macro avg_support": 1239.0, "weighted avg_precision": 0.2280243690165361, "weighted avg_recall": 0.21146085552865213, "weighted avg_f1-score": 0.21943048576214402, "weighted avg_support": 1239.0, "O_support": 42967, "B-Loaded_Language_support": 1149, "I-Loaded_Language_support": 4474, "epoch": 1}, {"micro_f1": 0.9021609384647046, "Loaded_Language_precision": 0.2584856396866841, "Loaded_Language_recall": 0.24146341463414633, "Loaded_Language_f1-score": 0.24968474148802017, "Loaded_Language_support": 1230.0, "micro avg_precision": 0.2584856396866841, "micro avg_recall": 0.24146341463414633, "micro avg_f1-score": 0.24968474148802017, "micro avg_support": 1230.0, "macro avg_precision": 0.2584856396866841, "macro avg_recall": 0.24146341463414633, "macro avg_f1-score": 0.24968474148802017, "macro avg_support": 1230.0, "weighted avg_precision": 0.2584856396866841, "weighted avg_recall": 0.24146341463414633, "weighted avg_f1-score": 0.24968474148802017, "weighted avg_support": 1230.0, "O_support": 42967, "B-Loaded_Language_support": 1149, "I-Loaded_Language_support": 4474, "epoch": 2}, {"micro_f1": 0.9034780819098581, "Loaded_Language_precision": 0.23933855526544823, "Loaded_Language_recall": 0.22522522522522523, "Loaded_Language_f1-score": 0.2320675105485232, "Loaded_Language_support": 1221.0, "micro avg_precision": 0.23933855526544823, "micro avg_recall": 0.22522522522522523, "micro avg_f1-score": 0.2320675105485232, "micro avg_support": 1221.0, "macro avg_precision": 0.23933855526544823, "macro avg_recall": 0.22522522522522523, "macro avg_f1-score": 0.2320675105485232, "macro avg_support": 1221.0, "weighted avg_precision": 0.23933855526544826, "weighted avg_recall": 0.22522522522522523, "weighted avg_f1-score": 0.2320675105485232, "weighted avg_support": 1221.0, "O_support": 42967, "B-Loaded_Language_support": 1149, "I-Loaded_Language_support": 4474, "epoch": 3}], "best_epoch": 3, "train_data_path": "./data/formatted/train_sentences_ls.json"}