{"micro_f1": 0.9230960522225676, "Loaded_Language_precision": 0.44386422976501305, "Loaded_Language_recall": 0.4207920792079208, "Loaded_Language_f1-score": 0.4320203303684879, "Loaded_Language_support": 1212.0, "micro avg_precision": 0.44386422976501305, "micro avg_recall": 0.4207920792079208, "micro avg_f1-score": 0.4320203303684879, "micro avg_support": 1212.0, "macro avg_precision": 0.44386422976501305, "macro avg_recall": 0.4207920792079208, "macro avg_f1-score": 0.4320203303684879, "macro avg_support": 1212.0, "weighted avg_precision": 0.44386422976501305, "weighted avg_recall": 0.4207920792079208, "weighted avg_f1-score": 0.4320203303684879, "weighted avg_support": 1212.0, "O_support": 42632, "B-Loaded_Language_support": 1149, "I-Loaded_Language_support": 4474}