{"micro_f1": 0.8243422800956682, "Guilt_by_Association_precision": 0.24705882352941178, "Guilt_by_Association_recall": 0.17355371900826447, "Guilt_by_Association_f1-score": 0.2038834951456311, "Guilt_by_Association_support": 121.0, "micro avg_precision": 0.24705882352941178, "micro avg_recall": 0.17355371900826447, "micro avg_f1-score": 0.2038834951456311, "micro avg_support": 121.0, "macro avg_precision": 0.24705882352941178, "macro avg_recall": 0.17355371900826447, "macro avg_f1-score": 0.2038834951456311, "macro avg_support": 121.0, "weighted avg_precision": 0.24705882352941178, "weighted avg_recall": 0.17355371900826447, "weighted avg_f1-score": 0.2038834951456311, "weighted avg_support": 121.0, "O_support": 2408, "B-Guilt_by_Association_support": 85, "I-Guilt_by_Association_support": 1270}