{"0": {"precision": 0.8663990825688074, "recall": 0.7917212470526591, "f1-score": 0.8273785078713211, "support": 7634.0}, "1": {"precision": 0.6823811426288454, "recall": 0.7856485740570377, "f1-score": 0.7303827239683558, "support": 4348.0}, "accuracy": 0.7895176097479553, "macro avg": {"precision": 0.7743901125988264, "recall": 0.7886849105548484, "f1-score": 0.7788806159198385, "support": 11982.0}, "weighted avg": {"precision": 0.7996230850008759, "recall": 0.7895176097479553, "f1-score": 0.7921809057673239, "support": 11982.0}, "macro-f1": 0.7788806159198385}