{"micro_f1": 0.7153558052434457, "Obfuscation-Vagueness-Confusion_precision": 0.14893617021276595, "Obfuscation-Vagueness-Confusion_recall": 0.08333333333333333, "Obfuscation-Vagueness-Confusion_f1-score": 0.10687022900763359, "Obfuscation-Vagueness-Confusion_support": 84.0, "micro avg_precision": 0.14893617021276595, "micro avg_recall": 0.08333333333333333, "micro avg_f1-score": 0.10687022900763359, "micro avg_support": 84.0, "macro avg_precision": 0.14893617021276595, "macro avg_recall": 0.08333333333333333, "macro avg_f1-score": 0.10687022900763359, "macro avg_support": 84.0, "weighted avg_precision": 0.14893617021276595, "weighted avg_recall": 0.08333333333333333, "weighted avg_f1-score": 0.10687022900763359, "weighted avg_support": 84.0, "O_support": 1232, "B-Obfuscation-Vagueness-Confusion_support": 47, "I-Obfuscation-Vagueness-Confusion_support": 857}