{"micro_f1": 0.8419096626643796, "Causal_Oversimplification_precision": 0.5454545454545454, "Causal_Oversimplification_recall": 0.4247787610619469, "Causal_Oversimplification_f1-score": 0.47761194029850745, "Causal_Oversimplification_support": 113.0, "micro avg_precision": 0.5454545454545454, "micro avg_recall": 0.4247787610619469, "micro avg_f1-score": 0.47761194029850745, "micro avg_support": 113.0, "macro avg_precision": 0.5454545454545454, "macro avg_recall": 0.4247787610619469, "macro avg_f1-score": 0.47761194029850745, "macro avg_support": 113.0, "weighted avg_precision": 0.5454545454545454, "weighted avg_recall": 0.4247787610619469, "weighted avg_f1-score": 0.47761194029850745, "weighted avg_support": 113.0, "B-Causal_Oversimplification_support": 88, "I-Causal_Oversimplification_support": 1886, "O_support": 1524}