{"micro_f1": 0.767674661105318, "Appeal_to_Authority_precision": 0.3076923076923077, "Appeal_to_Authority_recall": 0.2535211267605634, "Appeal_to_Authority_f1-score": 0.277992277992278, "Appeal_to_Authority_support": 142.0, "micro avg_precision": 0.3076923076923077, "micro avg_recall": 0.2535211267605634, "micro avg_f1-score": 0.277992277992278, "micro avg_support": 142.0, "macro avg_precision": 0.3076923076923077, "macro avg_recall": 0.2535211267605634, "macro avg_f1-score": 0.277992277992278, "macro avg_support": 142.0, "weighted avg_precision": 0.3076923076923077, "weighted avg_recall": 0.2535211267605634, "weighted avg_f1-score": 0.277992277992278, "weighted avg_support": 142.0, "O_support": 2750, "B-Appeal_to_Authority_support": 117, "I-Appeal_to_Authority_support": 1928}