{"micro_f1": 0.7341490937301643, "Doubt_precision": 0.35376044568245124, "Doubt_recall": 0.26024590163934425, "Doubt_f1-score": 0.2998819362455726, "Doubt_support": 976.0, "micro avg_precision": 0.35376044568245124, "micro avg_recall": 0.26024590163934425, "micro avg_f1-score": 0.2998819362455726, "micro avg_support": 976.0, "macro avg_precision": 0.35376044568245124, "macro avg_recall": 0.26024590163934425, "macro avg_f1-score": 0.2998819362455726, "macro avg_support": 976.0, "weighted avg_precision": 0.35376044568245124, "weighted avg_recall": 0.26024590163934425, "weighted avg_f1-score": 0.2998819362455726, "weighted avg_support": 976.0, "O_support": 15931, "B-Doubt_support": 718, "I-Doubt_support": 11709}