{"results": [{"micro_f1": 0.7247437774524158, "Appeal_to_Authority_precision": 0.1111111111111111, "Appeal_to_Authority_recall": 0.04100946372239748, "Appeal_to_Authority_f1-score": 0.05990783410138249, "Appeal_to_Authority_support": 317.0, "micro avg_precision": 0.1111111111111111, "micro avg_recall": 0.04100946372239748, "micro avg_f1-score": 0.05990783410138249, "micro avg_support": 317.0, "macro avg_precision": 0.1111111111111111, "macro avg_recall": 0.04100946372239748, "macro avg_f1-score": 0.05990783410138249, "macro avg_support": 317.0, "weighted avg_precision": 0.1111111111111111, "weighted avg_recall": 0.04100946372239748, "weighted avg_f1-score": 0.05990783410138249, "weighted avg_support": 317.0, "O_support": 2736, "B-Appeal_to_Authority_support": 117, "I-Appeal_to_Authority_support": 1928, "epoch": 0}, {"micro_f1": 0.7195147458690652, "Appeal_to_Authority_precision": 0.1623931623931624, "Appeal_to_Authority_recall": 0.0778688524590164, "Appeal_to_Authority_f1-score": 0.10526315789473684, "Appeal_to_Authority_support": 244.0, "micro avg_precision": 0.1623931623931624, "micro avg_recall": 0.0778688524590164, "micro avg_f1-score": 0.10526315789473684, "micro avg_support": 244.0, "macro avg_precision": 0.1623931623931624, "macro avg_recall": 0.0778688524590164, "macro avg_f1-score": 0.10526315789473684, "macro avg_support": 244.0, "weighted avg_precision": 0.1623931623931624, "weighted avg_recall": 0.0778688524590164, "weighted avg_f1-score": 0.10526315789473684, "weighted avg_support": 244.0, "O_support": 2736, "B-Appeal_to_Authority_support": 117, "I-Appeal_to_Authority_support": 1928, "epoch": 1}, {"micro_f1": 0.7337377117757792, "Appeal_to_Authority_precision": 0.27350427350427353, "Appeal_to_Authority_recall": 0.14953271028037382, "Appeal_to_Authority_f1-score": 0.19335347432024166, "Appeal_to_Authority_support": 214.0, "micro avg_precision": 0.27350427350427353, "micro avg_recall": 0.14953271028037382, "micro avg_f1-score": 0.19335347432024166, "micro avg_support": 214.0, "macro avg_precision": 0.27350427350427353, "macro avg_recall": 0.14953271028037382, "macro avg_f1-score": 0.19335347432024166, "macro avg_support": 214.0, "weighted avg_precision": 0.27350427350427353, "weighted avg_recall": 0.14953271028037382, "weighted avg_f1-score": 0.19335347432024166, "weighted avg_support": 214.0, "O_support": 2736, "B-Appeal_to_Authority_support": 117, "I-Appeal_to_Authority_support": 1928, "epoch": 2}, {"micro_f1": 0.7500522903158335, "Appeal_to_Authority_precision": 0.29914529914529914, "Appeal_to_Authority_recall": 0.17326732673267325, "Appeal_to_Authority_f1-score": 0.21943573667711597, "Appeal_to_Authority_support": 202.0, "micro avg_precision": 0.29914529914529914, "micro avg_recall": 0.17326732673267325, "micro avg_f1-score": 0.21943573667711597, "micro avg_support": 202.0, "macro avg_precision": 0.29914529914529914, "macro avg_recall": 0.17326732673267325, "macro avg_f1-score": 0.21943573667711597, "macro avg_support": 202.0, "weighted avg_precision": 0.29914529914529914, "weighted avg_recall": 0.17326732673267325, "weighted avg_f1-score": 0.21943573667711597, "weighted avg_support": 202.0, "O_support": 2736, "B-Appeal_to_Authority_support": 117, "I-Appeal_to_Authority_support": 1928, "epoch": 3}, {"micro_f1": 0.7454507425224849, "Appeal_to_Authority_precision": 0.3076923076923077, "Appeal_to_Authority_recall": 0.17391304347826086, "Appeal_to_Authority_f1-score": 0.2222222222222222, "Appeal_to_Authority_support": 207.0, "micro avg_precision": 0.3076923076923077, "micro avg_recall": 0.17391304347826086, "micro avg_f1-score": 0.2222222222222222, "micro avg_support": 207.0, "macro avg_precision": 0.3076923076923077, "macro avg_recall": 0.17391304347826086, "macro avg_f1-score": 0.2222222222222222, "macro avg_support": 207.0, "weighted avg_precision": 0.3076923076923077, "weighted avg_recall": 0.17391304347826086, "weighted avg_f1-score": 0.2222222222222222, "weighted avg_support": 207.0, "O_support": 2736, "B-Appeal_to_Authority_support": 117, "I-Appeal_to_Authority_support": 1928, "epoch": 4}, {"micro_f1": 0.7337377117757792, "Appeal_to_Authority_precision": 0.3076923076923077, "Appeal_to_Authority_recall": 0.16901408450704225, "Appeal_to_Authority_f1-score": 0.21818181818181817, "Appeal_to_Authority_support": 213.0, "micro avg_precision": 0.3076923076923077, "micro avg_recall": 0.16901408450704225, "micro avg_f1-score": 0.21818181818181817, "micro avg_support": 213.0, "macro avg_precision": 0.3076923076923077, "macro avg_recall": 0.16901408450704225, "macro avg_f1-score": 0.21818181818181817, "macro avg_support": 213.0, "weighted avg_precision": 0.3076923076923077, "weighted avg_recall": 0.16901408450704225, "weighted avg_f1-score": 0.21818181818181817, "weighted avg_support": 213.0, "O_support": 2736, "B-Appeal_to_Authority_support": 117, "I-Appeal_to_Authority_support": 1928, "epoch": 5}, {"micro_f1": 0.732901066722443, "Appeal_to_Authority_precision": 0.38461538461538464, "Appeal_to_Authority_recall": 0.22613065326633167, "Appeal_to_Authority_f1-score": 0.2848101265822785, "Appeal_to_Authority_support": 199.0, "micro avg_precision": 0.38461538461538464, "micro avg_recall": 0.22613065326633167, "micro avg_f1-score": 0.2848101265822785, "micro avg_support": 199.0, "macro avg_precision": 0.38461538461538464, "macro avg_recall": 0.22613065326633167, "macro avg_f1-score": 0.2848101265822785, "macro avg_support": 199.0, "weighted avg_precision": 0.38461538461538464, "weighted avg_recall": 0.22613065326633167, "weighted avg_f1-score": 0.2848101265822785, "weighted avg_support": 199.0, "O_support": 2736, "B-Appeal_to_Authority_support": 117, "I-Appeal_to_Authority_support": 1928, "epoch": 6}, {"micro_f1": 0.7347835180924491, "Appeal_to_Authority_precision": 0.3076923076923077, "Appeal_to_Authority_recall": 0.17391304347826086, "Appeal_to_Authority_f1-score": 0.2222222222222222, "Appeal_to_Authority_support": 207.0, "micro avg_precision": 0.3076923076923077, "micro avg_recall": 0.17391304347826086, "micro avg_f1-score": 0.2222222222222222, "micro avg_support": 207.0, "macro avg_precision": 0.3076923076923077, "macro avg_recall": 0.17391304347826086, "macro avg_f1-score": 0.2222222222222222, "macro avg_support": 207.0, "weighted avg_precision": 0.3076923076923077, "weighted avg_recall": 0.17391304347826086, "weighted avg_f1-score": 0.2222222222222222, "weighted avg_support": 207.0, "O_support": 2736, "B-Appeal_to_Authority_support": 117, "I-Appeal_to_Authority_support": 1928, "epoch": 7}, {"micro_f1": 0.7467057101024889, "Appeal_to_Authority_precision": 0.3162393162393162, "Appeal_to_Authority_recall": 0.18781725888324874, "Appeal_to_Authority_f1-score": 0.2356687898089172, "Appeal_to_Authority_support": 197.0, "micro avg_precision": 0.3162393162393162, "micro avg_recall": 0.18781725888324874, "micro avg_f1-score": 0.2356687898089172, "micro avg_support": 197.0, "macro avg_precision": 0.3162393162393162, "macro avg_recall": 0.18781725888324874, "macro avg_f1-score": 0.2356687898089172, "macro avg_support": 197.0, "weighted avg_precision": 0.3162393162393162, "weighted avg_recall": 0.18781725888324874, "weighted avg_f1-score": 0.2356687898089172, "weighted avg_support": 197.0, "O_support": 2736, "B-Appeal_to_Authority_support": 117, "I-Appeal_to_Authority_support": 1928, "epoch": 8}], "best_epoch": 7, "train_data_path": {"sl": "./data/train_sent_mt/sl/train_gold_sentences_translated_nllb-200-3.3B_eng_Latn-slv_Latn_tok_regex_en-sl/train_gold_sentences_translated_nllb-200-3.3B_eng_Latn-slv_Latn_tok_regex_en-sl_mdeberta-v3-base_mdeberta_xlwa_en-sl_ME3_2024-05-04-12-12-14_ls.json", "ru": "./data/train_sent_mt/ru/train_gold_sentences_translated_nllb-200-3.3B_eng_Latn-rus_Cyrl_tok_regex_en-ru/train_gold_sentences_translated_nllb-200-3.3B_eng_Latn-rus_Cyrl_tok_regex_en-ru_mdeberta-v3-base_mdeberta_xlwa_en-ru_ME3_2024-05-04-12-09-20_ls.json",