{"micro_f1": 0.6978021978021978, "Appeal_to_Time_precision": 0.25925925925925924, "Appeal_to_Time_recall": 0.14, "Appeal_to_Time_f1-score": 0.18181818181818182, "Appeal_to_Time_support": 50.0, "micro avg_precision": 0.25925925925925924, "micro avg_recall": 0.14, "micro avg_f1-score": 0.18181818181818182, "micro avg_support": 50.0, "macro avg_precision": 0.25925925925925924, "macro avg_recall": 0.14, "macro avg_f1-score": 0.18181818181818182, "macro avg_support": 50.0, "weighted avg_precision": 0.25925925925925924, "weighted avg_recall": 0.14, "weighted avg_f1-score": 0.18181818181818182, "weighted avg_support": 50.0, "O_support": 610, "B-Appeal_to_Time_support": 27, "I-Appeal_to_Time_support": 273}