{"micro_f1": 0.7883597883597884, "Guilt_by_Association_precision": 0.2823529411764706, "Guilt_by_Association_recall": 0.1889763779527559, "Guilt_by_Association_f1-score": 0.22641509433962265, "Guilt_by_Association_support": 127.0, "micro avg_precision": 0.2823529411764706, "micro avg_recall": 0.1889763779527559, "micro avg_f1-score": 0.22641509433962265, "micro avg_support": 127.0, "macro avg_precision": 0.2823529411764706, "macro avg_recall": 0.1889763779527559, "macro avg_f1-score": 0.22641509433962265, "macro avg_support": 127.0, "weighted avg_precision": 0.2823529411764706, "weighted avg_recall": 0.1889763779527559, "weighted avg_f1-score": 0.22641509433962265, "weighted avg_support": 127.0, "O_support": 2425, "B-Guilt_by_Association_support": 85, "I-Guilt_by_Association_support": 1270}