{"micro_f1": 0.8051072030835943, "Appeal_to_Values_precision": 0.2727272727272727, "Appeal_to_Values_recall": 0.17647058823529413, "Appeal_to_Values_f1-score": 0.21428571428571427, "Appeal_to_Values_support": 153.0, "micro avg_precision": 0.2727272727272727, "micro avg_recall": 0.17647058823529413, "micro avg_f1-score": 0.21428571428571427, "micro avg_support": 153.0, "macro avg_precision": 0.2727272727272727, "macro avg_recall": 0.17647058823529413, "macro avg_f1-score": 0.21428571428571427, "macro avg_support": 153.0, "weighted avg_precision": 0.2727272727272727, "weighted avg_recall": 0.17647058823529413, "weighted avg_f1-score": 0.21428571428571427, "weighted avg_support": 153.0, "O_support": 2344, "B-Appeal_to_Values_support": 99, "I-Appeal_to_Values_support": 1708}