{"results": [{"micro_f1": 0.7277286840219728, "Flag_Waving_precision": 0.0, "Flag_Waving_recall": 0.0, "Flag_Waving_f1-score": 0.0, "Flag_Waving_support": 0.0, "micro avg_precision": 0.0, "micro avg_recall": 0.0, "micro avg_f1-score": 0.0, "micro avg_support": 0.0, "macro avg_precision": 0.0, "macro avg_recall": 0.0, "macro avg_f1-score": 0.0, "macro avg_support": 0.0, "weighted avg_precision": 0.0, "weighted avg_recall": 0.0, "weighted avg_f1-score": 0.0, "weighted avg_support": 0.0, "O_support": 3047, "B-Flag_Waving_support": 91, "I-Flag_Waving_support": 1049, "epoch": 0}, {"micro_f1": 0.8139479340816814, "Flag_Waving_precision": 0.13186813186813187, "Flag_Waving_recall": 0.07228915662650602, "Flag_Waving_f1-score": 0.0933852140077821, "Flag_Waving_support": 166.0, "micro avg_precision": 0.13186813186813187, "micro avg_recall": 0.07228915662650602, "micro avg_f1-score": 0.0933852140077821, "micro avg_support": 166.0, "macro avg_precision": 0.13186813186813187, "macro avg_recall": 0.07228915662650602, "macro avg_f1-score": 0.0933852140077821, "macro avg_support": 166.0, "weighted avg_precision": 0.13186813186813187, "weighted avg_recall": 0.07228915662650602, "weighted avg_f1-score": 0.0933852140077821, "weighted avg_support": 166.0, "O_support": 3047, "B-Flag_Waving_support": 91, "I-Flag_Waving_support": 1049, "epoch": 1}, {"micro_f1": 0.8199187962741818, "Flag_Waving_precision": 0.16483516483516483, "Flag_Waving_recall": 0.07425742574257425, "Flag_Waving_f1-score": 0.10238907849829353, "Flag_Waving_support": 202.0, "micro avg_precision": 0.16483516483516483, "micro avg_recall": 0.07425742574257425, "micro avg_f1-score": 0.10238907849829353, "micro avg_support": 202.0, "macro avg_precision": 0.16483516483516483, "macro avg_recall": 0.07425742574257425, "macro avg_f1-score": 0.10238907849829353, "macro avg_support": 202.0, "weighted avg_precision": 0.16483516483516486, "weighted avg_recall": 0.07425742574257425, "weighted avg_f1-score": 0.10238907849829353, "weighted avg_support": 202.0, "O_support": 3047, "B-Flag_Waving_support": 91, "I-Flag_Waving_support": 1049, "epoch": 2}, {"micro_f1": 0.810126582278481, "Flag_Waving_precision": 0.2857142857142857, "Flag_Waving_recall": 0.1511627906976744, "Flag_Waving_f1-score": 0.19771863117870722, "Flag_Waving_support": 172.0, "micro avg_precision": 0.2857142857142857, "micro avg_recall": 0.1511627906976744, "micro avg_f1-score": 0.19771863117870722, "micro avg_support": 172.0, "macro avg_precision": 0.2857142857142857, "macro avg_recall": 0.1511627906976744, "macro avg_f1-score": 0.19771863117870722, "macro avg_support": 172.0, "weighted avg_precision": 0.2857142857142857, "weighted avg_recall": 0.1511627906976744, "weighted avg_f1-score": 0.19771863117870722, "weighted avg_support": 172.0, "O_support": 3047, "B-Flag_Waving_support": 91, "I-Flag_Waving_support": 1049, "epoch": 3}, {"micro_f1": 0.7826606161929782, "Flag_Waving_precision": 0.31868131868131866, "Flag_Waving_recall": 0.20567375886524822, "Flag_Waving_f1-score": 0.25, "Flag_Waving_support": 141.0, "micro avg_precision": 0.31868131868131866, "micro avg_recall": 0.20567375886524822, "micro avg_f1-score": 0.25, "micro avg_support": 141.0, "macro avg_precision": 0.31868131868131866, "macro avg_recall": 0.20567375886524822, "macro avg_f1-score": 0.25, "macro avg_support": 141.0, "weighted avg_precision": 0.31868131868131866, "weighted avg_recall": 0.20567375886524822, "weighted avg_f1-score": 0.25, "weighted avg_support": 141.0, "O_support": 3047, "B-Flag_Waving_support": 91, "I-Flag_Waving_support": 1049, "epoch": 4}, {"micro_f1": 0.8516837831382852, "Flag_Waving_precision": 0.34065934065934067, "Flag_Waving_recall": 0.17714285714285713, "Flag_Waving_f1-score": 0.23308270676691728, "Flag_Waving_support": 175.0, "micro avg_precision": 0.34065934065934067, "micro avg_recall": 0.17714285714285713, "micro avg_f1-score": 0.23308270676691728, "micro avg_support": 175.0, "macro avg_precision": 0.34065934065934067, "macro avg_recall": 0.17714285714285713, "macro avg_f1-score": 0.23308270676691728, "macro avg_support": 175.0, "weighted avg_precision": 0.34065934065934067, "weighted avg_recall": 0.17714285714285713, "weighted avg_f1-score": 0.2330827067669173, "weighted avg_support": 175.0, "O_support": 3047, "B-Flag_Waving_support": 91, "I-Flag_Waving_support": 1049, "epoch": 5}, {"micro_f1": 0.8380702173393839, "Flag_Waving_precision": 0.3516483516483517, "Flag_Waving_recall": 0.24242424242424243, "Flag_Waving_f1-score": 0.28699551569506726, "Flag_Waving_support": 132.0, "micro avg_precision": 0.3516483516483517, "micro avg_recall": 0.24242424242424243, "micro avg_f1-score": 0.28699551569506726, "micro avg_support": 132.0, "macro avg_precision": 0.3516483516483517, "macro avg_recall": 0.24242424242424243, "macro avg_f1-score": 0.28699551569506726, "macro avg_support": 132.0, "weighted avg_precision": 0.3516483516483517, "weighted avg_recall": 0.24242424242424243, "weighted avg_f1-score": 0.28699551569506726, "weighted avg_support": 132.0, "O_support": 3047, "B-Flag_Waving_support": 91, "I-Flag_Waving_support": 1049, "epoch": 6}, {"micro_f1": 0.8304275137329831, "Flag_Waving_precision": 0.3626373626373626, "Flag_Waving_recall": 0.2661290322580645, "Flag_Waving_f1-score": 0.3069767441860465, "Flag_Waving_support": 124.0, "micro avg_precision": 0.3626373626373626, "micro avg_recall": 0.2661290322580645, "micro avg_f1-score": 0.3069767441860465, "micro avg_support": 124.0, "macro avg_precision": 0.3626373626373626, "macro avg_recall": 0.2661290322580645, "macro avg_f1-score": 0.3069767441860465, "macro avg_support": 124.0, "weighted avg_precision": 0.3626373626373626, "weighted avg_recall": 0.2661290322580645, "weighted avg_f1-score": 0.3069767441860465, "weighted avg_support": 124.0, "O_support": 3047, "B-Flag_Waving_support": 91, "I-Flag_Waving_support": 1049, "epoch": 7}, {"micro_f1": 0.840458562216384, "Flag_Waving_precision": 0.46153846153846156, "Flag_Waving_recall": 0.3684210526315789, "Flag_Waving_f1-score": 0.40975609756097564, "Flag_Waving_support": 114.0, "micro avg_precision": 0.46153846153846156, "micro avg_recall": 0.3684210526315789, "micro avg_f1-score": 0.40975609756097564, "micro avg_support": 114.0, "macro avg_precision": 0.46153846153846156, "macro avg_recall": 0.3684210526315789, "macro avg_f1-score": 0.40975609756097564, "macro avg_support": 114.0, "weighted avg_precision": 0.46153846153846156, "weighted avg_recall": 0.3684210526315789, "weighted avg_f1-score": 0.40975609756097564, "weighted avg_support": 114.0, "O_support": 3047, "B-Flag_Waving_support": 91, "I-Flag_Waving_support": 1049, "epoch": 8}, {"micro_f1": 0.8359207069500836, "Flag_Waving_precision": 0.45054945054945056, "Flag_Waving_recall": 0.3253968253968254, "Flag_Waving_f1-score": 0.37788018433179726, "Flag_Waving_support": 126.0, "micro avg_precision": 0.45054945054945056, "micro avg_recall": 0.3253968253968254, "micro avg_f1-score": 0.37788018433179726, "micro avg_support": 126.0, "macro avg_precision": 0.45054945054945056, "macro avg_recall": 0.3253968253968254, "macro avg_f1-score": 0.37788018433179726, "macro avg_support": 126.0, "weighted avg_precision": 0.45054945054945056, "weighted avg_recall": 0.3253968253968254, "weighted avg_f1-score": 0.37788018433179726, "weighted avg_support": 126.0, "O_support": 3047, "B-Flag_Waving_support": 91, "I-Flag_Waving_support": 1049, "epoch": 9}], "best_epoch": 9, "train_data_path": {"sl": "./data/train_sent_mt/sl/train_gold_sentences_translated_nllb-200-3.3B_eng_Latn-slv_Latn_tok_regex_en-sl/train_gold_sentences_translated_nllb-200-3.3B_eng_Latn-slv_Latn_tok_regex_en-sl_mdeberta-v3-base_mdeberta_xlwa_en-sl_ME3_2024-05-04-12-12-14_ls.json", "ru": "./data/train_sent_mt/ru/train_gold_sentences_translated_nllb-200-3.3B_eng_Latn-rus_Cyrl_tok_regex_en-ru/train_gold_sentences_translated_nllb-200-3.3B_eng_Latn-rus_Cyrl_tok_regex_en-ru_mdeberta-v3-base_mdeberta_xlwa_en-ru_ME3_2024-05-04-12-09-20_ls.json",