{
    "micro_f1": 0.7444187836797538,
    "Flag_Waving_precision": 0.04878048780487805,
    "Flag_Waving_recall": 0.035398230088495575,
    "Flag_Waving_f1-score": 0.041025641025641026,
    "Flag_Waving_support": 113,
    "micro avg_precision": 0.04878048780487805,
    "micro avg_recall": 0.035398230088495575,
    "micro avg_f1-score": 0.041025641025641026,
    "micro avg_support": 113,
    "macro avg_precision": 0.04878048780487805,
    "macro avg_recall": 0.035398230088495575,
    "macro avg_f1-score": 0.041025641025641026,
    "macro avg_support": 113,
    "weighted avg_precision": 0.04878048780487805,
    "weighted avg_recall": 0.035398230088495575,
    "weighted avg_f1-score": 0.04102564102564103,
    "weighted avg_support": 113,
    "O_support": 1759,
    "B-Flag_Waving_support": 82,
    "I-Flag_Waving_support": 757,
    "train_data_path": "/home/pgajo/checkthat24/checkthat24_DIT/data/train_gold/train_gold_sentences.json"
}