{
    "micro_f1": 0.7847794474066894,
    "Conversation_Killer_precision": 0.23636363636363636,
    "Conversation_Killer_recall": 0.21666666666666667,
    "Conversation_Killer_f1-score": 0.22608695652173916,
    "Conversation_Killer_support": 120,
    "micro avg_precision": 0.23636363636363636,
    "micro avg_recall": 0.21666666666666667,
    "micro avg_f1-score": 0.22608695652173916,
    "micro avg_support": 120,
    "macro avg_precision": 0.23636363636363636,
    "macro avg_recall": 0.21666666666666667,
    "macro avg_f1-score": 0.22608695652173916,
    "macro avg_support": 120,
    "weighted avg_precision": 0.23636363636363636,
    "weighted avg_recall": 0.21666666666666667,
    "weighted avg_f1-score": 0.22608695652173916,
    "weighted avg_support": 120,
    "B-Conversation_Killer_support": 110,
    "I-Conversation_Killer_support": 670,
    "O_support": 1283,
    "train_data_path": "/home/pgajo/checkthat24/checkthat24_DIT/data/train_gold/train_gold_sentences.json"
}