{"results": [{"micro_f1": 0.656918902622852, "False_Dilemma-No_Choice_precision": 0.10714285714285714, "False_Dilemma-No_Choice_recall": 0.05084745762711865, "False_Dilemma-No_Choice_f1-score": 0.06896551724137932, "False_Dilemma-No_Choice_support": 177.0, "micro avg_precision": 0.10714285714285714, "micro avg_recall": 0.05084745762711865, "micro avg_f1-score": 0.06896551724137932, "micro avg_support": 177.0, "macro avg_precision": 0.10714285714285714, "macro avg_recall": 0.05084745762711865, "macro avg_f1-score": 0.06896551724137932, "macro avg_support": 177.0, "weighted avg_precision": 0.10714285714285712, "weighted avg_recall": 0.05084745762711865, "weighted avg_f1-score": 0.06896551724137932, "weighted avg_support": 177.0, "B-False_Dilemma-No_Choice_support": 84, "I-False_Dilemma-No_Choice_support": 1344, "O_support": 1889, "epoch": 0}, {"micro_f1": 0.7274645764244798, "False_Dilemma-No_Choice_precision": 0.15476190476190477, "False_Dilemma-No_Choice_recall": 0.11711711711711711, "False_Dilemma-No_Choice_f1-score": 0.13333333333333333, "False_Dilemma-No_Choice_support": 111.0, "micro avg_precision": 0.15476190476190477, "micro avg_recall": 0.11711711711711711, "micro avg_f1-score": 0.13333333333333333, "micro avg_support": 111.0, "macro avg_precision": 0.15476190476190477, "macro avg_recall": 0.11711711711711711, "macro avg_f1-score": 0.13333333333333333, "macro avg_support": 111.0, "weighted avg_precision": 0.15476190476190477, "weighted avg_recall": 0.11711711711711711, "weighted avg_f1-score": 0.13333333333333333, "weighted avg_support": 111.0, "B-False_Dilemma-No_Choice_support": 84, "I-False_Dilemma-No_Choice_support": 1344, "O_support": 1889, "epoch": 1}, {"micro_f1": 0.6979198070545674, "False_Dilemma-No_Choice_precision": 0.32142857142857145, "False_Dilemma-No_Choice_recall": 0.1588235294117647, "False_Dilemma-No_Choice_f1-score": 0.21259842519685038, "False_Dilemma-No_Choice_support": 170.0, "micro avg_precision": 0.32142857142857145, "micro avg_recall": 0.1588235294117647, "micro avg_f1-score": 0.21259842519685038, "micro avg_support": 170.0, "macro avg_precision": 0.32142857142857145, "macro avg_recall": 0.1588235294117647, "macro avg_f1-score": 0.21259842519685038, "macro avg_support": 170.0, "weighted avg_precision": 0.32142857142857145, "weighted avg_recall": 0.1588235294117647, "weighted avg_f1-score": 0.21259842519685038, "weighted avg_support": 170.0, "B-False_Dilemma-No_Choice_support": 84, "I-False_Dilemma-No_Choice_support": 1344, "O_support": 1889, "epoch": 2}, {"micro_f1": 0.7910762737413325, "False_Dilemma-No_Choice_precision": 0.21428571428571427, "False_Dilemma-No_Choice_recall": 0.15126050420168066, "False_Dilemma-No_Choice_f1-score": 0.17733990147783252, "False_Dilemma-No_Choice_support": 119.0, "micro avg_precision": 0.21428571428571427, "micro avg_recall": 0.15126050420168066, "micro avg_f1-score": 0.17733990147783252, "micro avg_support": 119.0, "macro avg_precision": 0.21428571428571427, "macro avg_recall": 0.15126050420168066, "macro avg_f1-score": 0.17733990147783252, "macro avg_support": 119.0, "weighted avg_precision": 0.21428571428571427, "weighted avg_recall": 0.15126050420168066, "weighted avg_f1-score": 0.17733990147783252, "weighted avg_support": 119.0, "B-False_Dilemma-No_Choice_support": 84, "I-False_Dilemma-No_Choice_support": 1344, "O_support": 1889, "epoch": 3}], "best_epoch": 3, "train_data_path": "./data/formatted/train_sentences_ls.json"}