{"micro_f1": 0.7555809959931311, "Straw_Man_precision": 0.13333333333333333, "Straw_Man_recall": 0.09230769230769231, "Straw_Man_f1-score": 0.10909090909090909, "Straw_Man_support": 65.0, "micro avg_precision": 0.13333333333333333, "micro avg_recall": 0.09230769230769231, "micro avg_f1-score": 0.10909090909090909, "micro avg_support": 65.0, "macro avg_precision": 0.13333333333333333, "macro avg_recall": 0.09230769230769231, "macro avg_f1-score": 0.10909090909090909, "macro avg_support": 65.0, "weighted avg_precision": 0.13333333333333333, "weighted avg_recall": 0.09230769230769231, "weighted avg_f1-score": 0.10909090909090909, "weighted avg_support": 65.0, "B-Straw_Man_support": 45, "I-Straw_Man_support": 728, "O_support": 974}