{"micro_f1": 0.7375621890547263, "Appeal_to_Hypocrisy_precision": 0.22058823529411764, "Appeal_to_Hypocrisy_recall": 0.15151515151515152, "Appeal_to_Hypocrisy_f1-score": 0.17964071856287428, "Appeal_to_Hypocrisy_support": 198.0, "micro avg_precision": 0.22058823529411764, "micro avg_recall": 0.15151515151515152, "micro avg_f1-score": 0.17964071856287428, "micro avg_support": 198.0, "macro avg_precision": 0.22058823529411764, "macro avg_recall": 0.15151515151515152, "macro avg_f1-score": 0.17964071856287428, "macro avg_support": 198.0, "weighted avg_precision": 0.2205882352941176, "weighted avg_recall": 0.15151515151515152, "weighted avg_f1-score": 0.17964071856287428, "weighted avg_support": 198.0, "B-Appeal_to_Hypocrisy_support": 136, "I-Appeal_to_Hypocrisy_support": 2879, "O_support": 2613}