{"micro_f1": 0.7457639770097781, "Questioning_the_Reputation_precision": 0.30745341614906835, "Questioning_the_Reputation_recall": 0.2219730941704036, "Questioning_the_Reputation_f1-score": 0.2578125, "Questioning_the_Reputation_support": 446.0, "micro avg_precision": 0.30745341614906835, "micro avg_recall": 0.2219730941704036, "micro avg_f1-score": 0.2578125, "micro avg_support": 446.0, "macro avg_precision": 0.30745341614906835, "macro avg_recall": 0.2219730941704036, "macro avg_f1-score": 0.2578125, "macro avg_support": 446.0, "weighted avg_precision": 0.30745341614906835, "weighted avg_recall": 0.2219730941704036, "weighted avg_f1-score": 0.2578125, "weighted avg_support": 446.0, "O_support": 7854, "B-Questioning_the_Reputation_support": 322, "I-Questioning_the_Reputation_support": 5221}