{"micro_f1": 0.765560821484992, "False_Dilemma-No_Choice_precision": 0.35714285714285715, "False_Dilemma-No_Choice_recall": 0.3409090909090909, "False_Dilemma-No_Choice_f1-score": 0.3488372093023256, "False_Dilemma-No_Choice_support": 88.0, "micro avg_precision": 0.35714285714285715, "micro avg_recall": 0.3409090909090909, "micro avg_f1-score": 0.3488372093023256, "micro avg_support": 88.0, "macro avg_precision": 0.35714285714285715, "macro avg_recall": 0.3409090909090909, "macro avg_f1-score": 0.3488372093023256, "macro avg_support": 88.0, "weighted avg_precision": 0.35714285714285715, "weighted avg_recall": 0.3409090909090909, "weighted avg_f1-score": 0.3488372093023256, "weighted avg_support": 88.0, "B-False_Dilemma-No_Choice_support": 84, "I-False_Dilemma-No_Choice_support": 1344, "O_support": 1737}