{"micro_f1": 0.9108333333333334, "Slogans_precision": 0.5154639175257731, "Slogans_recall": 0.4672897196261682, "Slogans_f1-score": 0.4901960784313725, "Slogans_support": 107.0, "micro avg_precision": 0.5154639175257731, "micro avg_recall": 0.4672897196261682, "micro avg_f1-score": 0.4901960784313725, "micro avg_support": 107.0, "macro avg_precision": 0.5154639175257731, "macro avg_recall": 0.4672897196261682, "macro avg_f1-score": 0.4901960784313725, "macro avg_support": 107.0, "weighted avg_precision": 0.5154639175257731, "weighted avg_recall": 0.4672897196261682, "weighted avg_f1-score": 0.49019607843137253, "weighted avg_support": 107.0, "O_support": 2944, "B-Slogans_support": 97, "I-Slogans_support": 559}