{"results": [{"micro_f1": 0.6202867764206054, "Appeal_to_Popularity_precision": 0.0425531914893617, "Appeal_to_Popularity_recall": 0.009259259259259259, "Appeal_to_Popularity_f1-score": 0.015209125475285171, "Appeal_to_Popularity_support": 216.0, "micro avg_precision": 0.0425531914893617, "micro avg_recall": 0.009259259259259259, "micro avg_f1-score": 0.015209125475285171, "micro avg_support": 216.0, "macro avg_precision": 0.0425531914893617, "macro avg_recall": 0.009259259259259259, "macro avg_f1-score": 0.015209125475285171, "macro avg_support": 216.0, "weighted avg_precision": 0.0425531914893617, "weighted avg_recall": 0.009259259259259259, "weighted avg_f1-score": 0.015209125475285171, "weighted avg_support": 216.0, "O_support": 1215, "B-Appeal_to_Popularity_support": 47, "I-Appeal_to_Popularity_support": 621, "epoch": 0}, {"micro_f1": 0.7169410515135423, "Appeal_to_Popularity_precision": 0.06382978723404255, "Appeal_to_Popularity_recall": 0.022058823529411766, "Appeal_to_Popularity_f1-score": 0.032786885245901634, "Appeal_to_Popularity_support": 136.0, "micro avg_precision": 0.06382978723404255, "micro avg_recall": 0.022058823529411766, "micro avg_f1-score": 0.032786885245901634, "micro avg_support": 136.0, "macro avg_precision": 0.06382978723404255, "macro avg_recall": 0.022058823529411766, "macro avg_f1-score": 0.032786885245901634, "macro avg_support": 136.0, "weighted avg_precision": 0.06382978723404255, "weighted avg_recall": 0.022058823529411766, "weighted avg_f1-score": 0.032786885245901634, "weighted avg_support": 136.0, "O_support": 1215, "B-Appeal_to_Popularity_support": 47, "I-Appeal_to_Popularity_support": 621, "epoch": 1}, {"micro_f1": 0.7020711630377058, "Appeal_to_Popularity_precision": 0.19148936170212766, "Appeal_to_Popularity_recall": 0.08490566037735849, "Appeal_to_Popularity_f1-score": 0.11764705882352942, "Appeal_to_Popularity_support": 106.0, "micro avg_precision": 0.19148936170212766, "micro avg_recall": 0.08490566037735849, "micro avg_f1-score": 0.11764705882352942, "micro avg_support": 106.0, "macro avg_precision": 0.19148936170212766, "macro avg_recall": 0.08490566037735849, "macro avg_f1-score": 0.11764705882352942, "macro avg_support": 106.0, "weighted avg_precision": 0.19148936170212766, "weighted avg_recall": 0.08490566037735849, "weighted avg_f1-score": 0.11764705882352942, "weighted avg_support": 106.0, "O_support": 1215, "B-Appeal_to_Popularity_support": 47, "I-Appeal_to_Popularity_support": 621, "epoch": 2}, {"micro_f1": 0.6627721720658524, "Appeal_to_Popularity_precision": 0.2127659574468085, "Appeal_to_Popularity_recall": 0.07936507936507936, "Appeal_to_Popularity_f1-score": 0.11560693641618495, "Appeal_to_Popularity_support": 126.0, "micro avg_precision": 0.2127659574468085, "micro avg_recall": 0.07936507936507936, "micro avg_f1-score": 0.11560693641618495, "micro avg_support": 126.0, "macro avg_precision": 0.2127659574468085, "macro avg_recall": 0.07936507936507936, "macro avg_f1-score": 0.11560693641618495, "macro avg_support": 126.0, "weighted avg_precision": 0.2127659574468085, "weighted avg_recall": 0.07936507936507936, "weighted avg_f1-score": 0.11560693641618495, "weighted avg_support": 126.0, "O_support": 1215, "B-Appeal_to_Popularity_support": 47, "I-Appeal_to_Popularity_support": 621, "epoch": 3}], "best_epoch": 3, "train_data_path": "./data/formatted/train_sentences_ls.json"}