{"micro_f1": 0.8497913769123783, "Causal_Oversimplification_precision": 0.6022727272727273, "Causal_Oversimplification_recall": 0.49074074074074076, "Causal_Oversimplification_f1-score": 0.5408163265306123, "Causal_Oversimplification_support": 108.0, "micro avg_precision": 0.6022727272727273, "micro avg_recall": 0.49074074074074076, "micro avg_f1-score": 0.5408163265306123, "micro avg_support": 108.0, "macro avg_precision": 0.6022727272727273, "macro avg_recall": 0.49074074074074076, "macro avg_f1-score": 0.5408163265306123, "macro avg_support": 108.0, "weighted avg_precision": 0.6022727272727273, "weighted avg_recall": 0.49074074074074076, "weighted avg_f1-score": 0.5408163265306123, "weighted avg_support": 108.0, "B-Causal_Oversimplification_support": 88, "I-Causal_Oversimplification_support": 1886, "O_support": 1621}