{"micro_f1": 0.9009972539384304, "Repetition_precision": 0.42207792207792205, "Repetition_recall": 0.34210526315789475, "Repetition_f1-score": 0.37790697674418605, "Repetition_support": 190.0, "micro avg_precision": 0.42207792207792205, "micro avg_recall": 0.34210526315789475, "micro avg_f1-score": 0.37790697674418605, "micro avg_support": 190.0, "macro avg_precision": 0.42207792207792205, "macro avg_recall": 0.34210526315789475, "macro avg_f1-score": 0.37790697674418605, "macro avg_support": 190.0, "weighted avg_precision": 0.422077922077922, "weighted avg_recall": 0.34210526315789475, "weighted avg_f1-score": 0.37790697674418605, "weighted avg_support": 190.0, "O_support": 6174, "B-Repetition_support": 154, "I-Repetition_support": 591}