{"results": [{"micro_f1": 0.7089901670048385, "Questioning_the_Reputation_precision": 0.2329192546583851, "Questioning_the_Reputation_recall": 0.09135200974421437, "Questioning_the_Reputation_f1-score": 0.13123359580052493, "Questioning_the_Reputation_support": 821.0, "micro avg_precision": 0.2329192546583851, "micro avg_recall": 0.09135200974421437, "micro avg_f1-score": 0.13123359580052493, "micro avg_support": 821.0, "macro avg_precision": 0.2329192546583851, "macro avg_recall": 0.09135200974421437, "macro avg_f1-score": 0.13123359580052493, "macro avg_support": 821.0, "weighted avg_precision": 0.23291925465838506, "weighted avg_recall": 0.09135200974421437, "weighted avg_f1-score": 0.13123359580052493, "weighted avg_support": 821.0, "O_support": 7271, "B-Questioning_the_Reputation_support": 322, "I-Questioning_the_Reputation_support": 5221, "epoch": 0}, {"micro_f1": 0.7691587326361792, "Questioning_the_Reputation_precision": 0.2484472049689441, "Questioning_the_Reputation_recall": 0.16877637130801687, "Questioning_the_Reputation_f1-score": 0.20100502512562815, "Questioning_the_Reputation_support": 474.0, "micro avg_precision": 0.2484472049689441, "micro avg_recall": 0.16877637130801687, "micro avg_f1-score": 0.20100502512562815, "micro avg_support": 474.0, "macro avg_precision": 0.2484472049689441, "macro avg_recall": 0.16877637130801687, "macro avg_f1-score": 0.20100502512562815, "macro avg_support": 474.0, "weighted avg_precision": 0.2484472049689441, "weighted avg_recall": 0.16877637130801687, "weighted avg_f1-score": 0.20100502512562815, "weighted avg_support": 474.0, "O_support": 7271, "B-Questioning_the_Reputation_support": 322, "I-Questioning_the_Reputation_support": 5221, "epoch": 1}, {"micro_f1": 0.7895270797565164, "Questioning_the_Reputation_precision": 0.2577639751552795, "Questioning_the_Reputation_recall": 0.1596153846153846, "Questioning_the_Reputation_f1-score": 0.19714964370546317, "Questioning_the_Reputation_support": 520.0, "micro avg_precision": 0.2577639751552795, "micro avg_recall": 0.1596153846153846, "micro avg_f1-score": 0.19714964370546317, "micro avg_support": 520.0, "macro avg_precision": 0.2577639751552795, "macro avg_recall": 0.1596153846153846, "macro avg_f1-score": 0.19714964370546317, "macro avg_support": 520.0, "weighted avg_precision": 0.2577639751552795, "weighted avg_recall": 0.1596153846153846, "weighted avg_f1-score": 0.19714964370546317, "weighted avg_support": 520.0, "O_support": 7271, "B-Questioning_the_Reputation_support": 322, "I-Questioning_the_Reputation_support": 5221, "epoch": 2}], "best_epoch": 2, "train_data_path": "./data/formatted/train_sentences_ls.json"}