{"micro_f1": 0.6929061784897025, "Obfuscation-Vagueness-Confusion_precision": 0.0851063829787234, "Obfuscation-Vagueness-Confusion_recall": 0.041666666666666664, "Obfuscation-Vagueness-Confusion_f1-score": 0.055944055944055944, "Obfuscation-Vagueness-Confusion_support": 96.0, "micro avg_precision": 0.0851063829787234, "micro avg_recall": 0.041666666666666664, "micro avg_f1-score": 0.055944055944055944, "micro avg_support": 96.0, "macro avg_precision": 0.0851063829787234, "macro avg_recall": 0.041666666666666664, "macro avg_f1-score": 0.055944055944055944, "macro avg_support": 96.0, "weighted avg_precision": 0.0851063829787234, "weighted avg_recall": 0.041666666666666664, "weighted avg_f1-score": 0.055944055944055944, "weighted avg_support": 96.0, "O_support": 1281, "B-Obfuscation-Vagueness-Confusion_support": 47, "I-Obfuscation-Vagueness-Confusion_support": 857}