{"micro_f1": 0.8487654320987654, "Consequential_Oversimplification_precision": 0.47058823529411764, "Consequential_Oversimplification_recall": 0.2891566265060241, "Consequential_Oversimplification_f1-score": 0.35820895522388063, "Consequential_Oversimplification_support": 83.0, "micro avg_precision": 0.47058823529411764, "micro avg_recall": 0.2891566265060241, "micro avg_f1-score": 0.35820895522388063, "micro avg_support": 83.0, "macro avg_precision": 0.47058823529411764, "macro avg_recall": 0.2891566265060241, "macro avg_f1-score": 0.35820895522388063, "macro avg_support": 83.0, "weighted avg_precision": 0.4705882352941176, "weighted avg_recall": 0.2891566265060241, "weighted avg_f1-score": 0.35820895522388063, "weighted avg_support": 83.0, "O_support": 1241, "B-Consequential_Oversimplification_support": 51, "I-Consequential_Oversimplification_support": 1300}