{"micro_f1": 0.678659035159444, "Obfuscation-Vagueness-Confusion_precision": 0.07692307692307693, "Obfuscation-Vagueness-Confusion_recall": 0.030303030303030304, "Obfuscation-Vagueness-Confusion_f1-score": 0.043478260869565216, "Obfuscation-Vagueness-Confusion_support": 99.0, "micro avg_precision": 0.07692307692307693, "micro avg_recall": 0.030303030303030304, "micro avg_f1-score": 0.043478260869565216, "micro avg_support": 99.0, "macro avg_precision": 0.07692307692307693, "macro avg_recall": 0.030303030303030304, "macro avg_f1-score": 0.043478260869565216, "macro avg_support": 99.0, "weighted avg_precision": 0.07692307692307693, "weighted avg_recall": 0.030303030303030304, "weighted avg_f1-score": 0.043478260869565216, "weighted avg_support": 99.0, "O_support": 621, "B-Obfuscation-Vagueness-Confusion_support": 39, "I-Obfuscation-Vagueness-Confusion_support": 563, "train_data_path": "/home/pgajo/checkthat24/checkthat24_DIT/data/train_gold/train_gold_sentences.json"}