{"micro_f1": 0.7685638899359216, "Questioning_the_Reputation_precision": 0.2639751552795031, "Questioning_the_Reputation_recall": 0.22251308900523561, "Questioning_the_Reputation_f1-score": 0.24147727272727276, "Questioning_the_Reputation_support": 382.0, "micro avg_precision": 0.2639751552795031, "micro avg_recall": 0.22251308900523561, "micro avg_f1-score": 0.24147727272727276, "micro avg_support": 382.0, "macro avg_precision": 0.2639751552795031, "macro avg_recall": 0.22251308900523561, "macro avg_f1-score": 0.24147727272727276, "macro avg_support": 382.0, "weighted avg_precision": 0.2639751552795031, "weighted avg_recall": 0.22251308900523561, "weighted avg_f1-score": 0.2414772727272728, "weighted avg_support": 382.0, "O_support": 7722, "B-Questioning_the_Reputation_support": 322, "I-Questioning_the_Reputation_support": 5221}