{"results": [{"micro_f1": 0.7987452948557089, "Flag_Waving_precision": 0.10989010989010989, "Flag_Waving_recall": 0.08547008547008547, "Flag_Waving_f1-score": 0.09615384615384615, "Flag_Waving_support": 117.0, "micro avg_precision": 0.10989010989010989, "micro avg_recall": 0.08547008547008547, "micro avg_f1-score": 0.09615384615384615, "micro avg_support": 117.0, "macro avg_precision": 0.10989010989010989, "macro avg_recall": 0.08547008547008547, "macro avg_f1-score": 0.09615384615384615, "macro avg_support": 117.0, "weighted avg_precision": 0.10989010989010989, "weighted avg_recall": 0.08547008547008547, "weighted avg_f1-score": 0.09615384615384615, "weighted avg_support": 117.0, "B-Flag_Waving_support": 91, "I-Flag_Waving_support": 1049, "O_support": 2845, "epoch": 0}, {"micro_f1": 0.8371392722710164, "Flag_Waving_precision": 0.32967032967032966, "Flag_Waving_recall": 0.24, "Flag_Waving_f1-score": 0.2777777777777778, "Flag_Waving_support": 125.0, "micro avg_precision": 0.32967032967032966, "micro avg_recall": 0.24, "micro avg_f1-score": 0.2777777777777778, "micro avg_support": 125.0, "macro avg_precision": 0.32967032967032966, "macro avg_recall": 0.24, "macro avg_f1-score": 0.2777777777777778, "macro avg_support": 125.0, "weighted avg_precision": 0.3296703296703297, "weighted avg_recall": 0.24, "weighted avg_f1-score": 0.2777777777777778, "weighted avg_support": 125.0, "B-Flag_Waving_support": 91, "I-Flag_Waving_support": 1049, "O_support": 2845, "epoch": 1}, {"micro_f1": 0.8358845671267252, "Flag_Waving_precision": 0.38461538461538464, "Flag_Waving_recall": 0.2517985611510791, "Flag_Waving_f1-score": 0.30434782608695654, "Flag_Waving_support": 139.0, "micro avg_precision": 0.38461538461538464, "micro avg_recall": 0.2517985611510791, "micro avg_f1-score": 0.30434782608695654, "micro avg_support": 139.0, "macro avg_precision": 0.38461538461538464, "macro avg_recall": 0.2517985611510791, "macro avg_f1-score": 0.30434782608695654, "macro avg_support": 139.0, "weighted avg_precision": 0.38461538461538464, "weighted avg_recall": 0.2517985611510791, "weighted avg_f1-score": 0.30434782608695654, "weighted avg_support": 139.0, "B-Flag_Waving_support": 91, "I-Flag_Waving_support": 1049, "O_support": 2845, "epoch": 2}, {"micro_f1": 0.8476787954830615, "Flag_Waving_precision": 0.4175824175824176, "Flag_Waving_recall": 0.336283185840708, "Flag_Waving_f1-score": 0.37254901960784315, "Flag_Waving_support": 113.0, "micro avg_precision": 0.4175824175824176, "micro avg_recall": 0.336283185840708, "micro avg_f1-score": 0.37254901960784315, "micro avg_support": 113.0, "macro avg_precision": 0.4175824175824176, "macro avg_recall": 0.336283185840708, "macro avg_f1-score": 0.37254901960784315, "macro avg_support": 113.0, "weighted avg_precision": 0.4175824175824176, "weighted avg_recall": 0.336283185840708, "weighted avg_f1-score": 0.37254901960784315, "weighted avg_support": 113.0, "B-Flag_Waving_support": 91, "I-Flag_Waving_support": 1049, "O_support": 2845, "epoch": 3}, {"micro_f1": 0.8326223337515684, "Flag_Waving_precision": 0.4175824175824176, "Flag_Waving_recall": 0.2857142857142857, "Flag_Waving_f1-score": 0.3392857142857143, "Flag_Waving_support": 133.0, "micro avg_precision": 0.4175824175824176, "micro avg_recall": 0.2857142857142857, "micro avg_f1-score": 0.3392857142857143, "micro avg_support": 133.0, "macro avg_precision": 0.4175824175824176, "macro avg_recall": 0.2857142857142857, "macro avg_f1-score": 0.3392857142857143, "macro avg_support": 133.0, "weighted avg_precision": 0.4175824175824176, "weighted avg_recall": 0.2857142857142857, "weighted avg_f1-score": 0.3392857142857143, "weighted avg_support": 133.0, "B-Flag_Waving_support": 91, "I-Flag_Waving_support": 1049, "O_support": 2845, "epoch": 4}, {"micro_f1": 0.8449184441656211, "Flag_Waving_precision": 0.45054945054945056, "Flag_Waving_recall": 0.3253968253968254, "Flag_Waving_f1-score": 0.37788018433179726, "Flag_Waving_support": 126.0, "micro avg_precision": 0.45054945054945056, "micro avg_recall": 0.3253968253968254, "micro avg_f1-score": 0.37788018433179726, "micro avg_support": 126.0, "macro avg_precision": 0.45054945054945056, "macro avg_recall": 0.3253968253968254, "macro avg_f1-score": 0.37788018433179726, "macro avg_support": 126.0, "weighted avg_precision": 0.45054945054945056, "weighted avg_recall": 0.3253968253968254, "weighted avg_f1-score": 0.37788018433179726, "weighted avg_support": 126.0, "B-Flag_Waving_support": 91, "I-Flag_Waving_support": 1049, "O_support": 2845, "epoch": 5}, {"micro_f1": 0.8398996235884567, "Flag_Waving_precision": 0.4065934065934066, "Flag_Waving_recall": 0.2890625, "Flag_Waving_f1-score": 0.3378995433789954, "Flag_Waving_support": 128.0, "micro avg_precision": 0.4065934065934066, "micro avg_recall": 0.2890625, "micro avg_f1-score": 0.3378995433789954, "micro avg_support": 128.0, "macro avg_precision": 0.4065934065934066, "macro avg_recall": 0.2890625, "macro avg_f1-score": 0.3378995433789954, "macro avg_support": 128.0, "weighted avg_precision": 0.4065934065934066, "weighted avg_recall": 0.2890625, "weighted avg_f1-score": 0.3378995433789954, "weighted avg_support": 128.0, "B-Flag_Waving_support": 91, "I-Flag_Waving_support": 1049, "O_support": 2845, "epoch": 6}, {"micro_f1": 0.8664993726474278, "Flag_Waving_precision": 0.42857142857142855, "Flag_Waving_recall": 0.3391304347826087, "Flag_Waving_f1-score": 0.3786407766990291, "Flag_Waving_support": 115.0, "micro avg_precision": 0.42857142857142855, "micro avg_recall": 0.3391304347826087, "micro avg_f1-score": 0.3786407766990291, "micro avg_support": 115.0, "macro avg_precision": 0.42857142857142855, "macro avg_recall": 0.3391304347826087, "macro avg_f1-score": 0.3786407766990291, "macro avg_support": 115.0, "weighted avg_precision": 0.42857142857142855, "weighted avg_recall": 0.3391304347826087, "weighted avg_f1-score": 0.3786407766990292, "weighted avg_support": 115.0, "B-Flag_Waving_support": 91, "I-Flag_Waving_support": 1049, "O_support": 2845, "epoch": 7}, {"micro_f1": 0.8602258469259724, "Flag_Waving_precision": 0.4065934065934066, "Flag_Waving_recall": 0.32456140350877194, "Flag_Waving_f1-score": 0.3609756097560976, "Flag_Waving_support": 114.0, "micro avg_precision": 0.4065934065934066, "micro avg_recall": 0.32456140350877194, "micro avg_f1-score": 0.3609756097560976, "micro avg_support": 114.0, "macro avg_precision": 0.4065934065934066, "macro avg_recall": 0.32456140350877194, "macro avg_f1-score": 0.3609756097560976, "macro avg_support": 114.0, "weighted avg_precision": 0.4065934065934066, "weighted avg_recall": 0.32456140350877194, "weighted avg_f1-score": 0.3609756097560976, "weighted avg_support": 114.0, "B-Flag_Waving_support": 91, "I-Flag_Waving_support": 1049, "O_support": 2845, "epoch": 8}, {"micro_f1": 0.8378920953575909, "Flag_Waving_precision": 0.45054945054945056, "Flag_Waving_recall": 0.3474576271186441, "Flag_Waving_f1-score": 0.39234449760765555, "Flag_Waving_support": 118.0, "micro avg_precision": 0.45054945054945056, "micro avg_recall": 0.3474576271186441, "micro avg_f1-score": 0.39234449760765555, "micro avg_support": 118.0, "macro avg_precision": 0.45054945054945056, "macro avg_recall": 0.3474576271186441, "macro avg_f1-score": 0.39234449760765555, "macro avg_support": 118.0, "weighted avg_precision": 0.45054945054945056, "weighted avg_recall": 0.3474576271186441, "weighted avg_f1-score": 0.39234449760765555, "weighted avg_support": 118.0, "B-Flag_Waving_support": 91, "I-Flag_Waving_support": 1049, "O_support": 2845, "epoch": 9}], "best_epoch": 10, "train_data_path": {"sl": "./data/train_sent_mt/sl/train_gold_sentences_translated_nllb-200-3.3B_eng_Latn-slv_Latn_tok_regex_en-sl/train_gold_sentences_translated_nllb-200-3.3B_eng_Latn-slv_Latn_tok_regex_en-sl_mdeberta-v3-base_mdeberta_xlwa_en-sl_ME3_2024-05-04-12-12-14_ls.json",