{"micro_f1": 0.7629437229437229, "Appeal_to_Hypocrisy_precision": 0.3235294117647059, "Appeal_to_Hypocrisy_recall": 0.23157894736842105, "Appeal_to_Hypocrisy_f1-score": 0.26993865030674846, "Appeal_to_Hypocrisy_support": 190.0, "micro avg_precision": 0.3235294117647059, "micro avg_recall": 0.23157894736842105, "micro avg_f1-score": 0.26993865030674846, "micro avg_support": 190.0, "macro avg_precision": 0.3235294117647059, "macro avg_recall": 0.23157894736842105, "macro avg_f1-score": 0.26993865030674846, "macro avg_support": 190.0, "weighted avg_precision": 0.3235294117647059, "weighted avg_recall": 0.23157894736842105, "weighted avg_f1-score": 0.26993865030674846, "weighted avg_support": 190.0, "O_support": 2760, "B-Appeal_to_Hypocrisy_support": 136, "I-Appeal_to_Hypocrisy_support": 2879}