{"micro_f1": 0.9398254478640331, "Repetition_precision": 0.6818181818181818, "Repetition_recall": 0.6818181818181818, "Repetition_f1-score": 0.6818181818181818, "Repetition_support": 154.0, "micro avg_precision": 0.6818181818181818, "micro avg_recall": 0.6818181818181818, "micro avg_f1-score": 0.6818181818181818, "micro avg_support": 154.0, "macro avg_precision": 0.6818181818181818, "macro avg_recall": 0.6818181818181818, "macro avg_f1-score": 0.6818181818181818, "macro avg_support": 154.0, "weighted avg_precision": 0.6818181818181818, "weighted avg_recall": 0.6818181818181818, "weighted avg_f1-score": 0.6818181818181818, "weighted avg_support": 154.0, "O_support": 5786, "B-Repetition_support": 154, "I-Repetition_support": 591}