{"results": [{"micro_f1": 0.6337325349301397, "Whataboutism_precision": 0.043478260869565216, "Whataboutism_recall": 0.007142857142857143, "Whataboutism_f1-score": 0.012269938650306747, "Whataboutism_support": 140.0, "micro avg_precision": 0.043478260869565216, "micro avg_recall": 0.007142857142857143, "micro avg_f1-score": 0.012269938650306747, "micro avg_support": 140.0, "macro avg_precision": 0.043478260869565216, "macro avg_recall": 0.007142857142857143, "macro avg_f1-score": 0.012269938650306747, "macro avg_support": 140.0, "weighted avg_precision": 0.043478260869565216, "weighted avg_recall": 0.007142857142857143, "weighted avg_f1-score": 0.012269938650306747, "weighted avg_support": 140.0, "B-Whataboutism_support": 23, "I-Whataboutism_support": 593, "O_support": 386, "epoch": 0}, {"micro_f1": 0.7095808383233533, "Whataboutism_precision": 0.0, "Whataboutism_recall": 0.0, "Whataboutism_f1-score": 0.0, "Whataboutism_support": 105.0, "micro avg_precision": 0.0, "micro avg_recall": 0.0, "micro avg_f1-score": 0.0, "micro avg_support": 105.0, "macro avg_precision": 0.0, "macro avg_recall": 0.0, "macro avg_f1-score": 0.0, "macro avg_support": 105.0, "weighted avg_precision": 0.0, "weighted avg_recall": 0.0, "weighted avg_f1-score": 0.0, "weighted avg_support": 105.0, "B-Whataboutism_support": 23, "I-Whataboutism_support": 593, "O_support": 386, "epoch": 1}], "best_epoch": 1, "train_data_path": "./data/formatted/train_sentences_ls.json"}