{"micro_f1": 0.8752956353472372, "Exaggeration-Minimisation_precision": 0.4174757281553398, "Exaggeration-Minimisation_recall": 0.4095238095238095, "Exaggeration-Minimisation_f1-score": 0.4134615384615385, "Exaggeration-Minimisation_support": 210.0, "micro avg_precision": 0.4174757281553398, "micro avg_recall": 0.4095238095238095, "micro avg_f1-score": 0.4134615384615385, "micro avg_support": 210.0, "macro avg_precision": 0.4174757281553398, "macro avg_recall": 0.4095238095238095, "macro avg_f1-score": 0.4134615384615385, "macro avg_support": 210.0, "weighted avg_precision": 0.4174757281553398, "weighted avg_recall": 0.4095238095238095, "weighted avg_f1-score": 0.4134615384615385, "weighted avg_support": 210.0, "O_support": 7239, "B-Exaggeration-Minimisation_support": 206, "I-Exaggeration-Minimisation_support": 1857}