{"micro_f1": 0.9163349866307432, "Loaded_Language_precision": 0.3394255874673629, "Loaded_Language_recall": 0.3551912568306011, "Loaded_Language_f1-score": 0.3471295060080107, "Loaded_Language_support": 1098.0, "micro avg_precision": 0.3394255874673629, "micro avg_recall": 0.3551912568306011, "micro avg_f1-score": 0.3471295060080107, "micro avg_support": 1098.0, "macro avg_precision": 0.3394255874673629, "macro avg_recall": 0.3551912568306011, "macro avg_f1-score": 0.3471295060080107, "macro avg_support": 1098.0, "weighted avg_precision": 0.3394255874673629, "weighted avg_recall": 0.3551912568306011, "weighted avg_f1-score": 0.3471295060080107, "weighted avg_support": 1098.0, "O_support": 43370, "B-Loaded_Language_support": 1149, "I-Loaded_Language_support": 4474}