{"micro_f1": 0.8213423466924191, "Flag_Waving_precision": 0.25274725274725274, "Flag_Waving_recall": 0.20175438596491227, "Flag_Waving_f1-score": 0.22439024390243903, "Flag_Waving_support": 114.0, "micro avg_precision": 0.25274725274725274, "micro avg_recall": 0.20175438596491227, "micro avg_f1-score": 0.22439024390243903, "micro avg_support": 114.0, "macro avg_precision": 0.25274725274725274, "macro avg_recall": 0.20175438596491227, "macro avg_f1-score": 0.22439024390243903, "macro avg_support": 114.0, "weighted avg_precision": 0.25274725274725274, "weighted avg_recall": 0.20175438596491227, "weighted avg_f1-score": 0.22439024390243903, "weighted avg_support": 114.0, "O_support": 3002, "B-Flag_Waving_support": 91, "I-Flag_Waving_support": 1049}