{"results": [{"micro_f1": 0.754591836734694, "Appeal_to_Popularity_precision": 0.0425531914893617, "Appeal_to_Popularity_recall": 0.014285714285714285, "Appeal_to_Popularity_f1-score": 0.0213903743315508, "Appeal_to_Popularity_support": 140.0, "micro avg_precision": 0.0425531914893617, "micro avg_recall": 0.014285714285714285, "micro avg_f1-score": 0.0213903743315508, "micro avg_support": 140.0, "macro avg_precision": 0.0425531914893617, "macro avg_recall": 0.014285714285714285, "macro avg_f1-score": 0.0213903743315508, "macro avg_support": 140.0, "weighted avg_precision": 0.0425531914893617, "weighted avg_recall": 0.014285714285714285, "weighted avg_f1-score": 0.0213903743315508, "weighted avg_support": 140.0, "O_support": 1292, "B-Appeal_to_Popularity_support": 47, "I-Appeal_to_Popularity_support": 621, "epoch": 0}, {"micro_f1": 0.6301020408163265, "Appeal_to_Popularity_precision": 0.14893617021276595, "Appeal_to_Popularity_recall": 0.058333333333333334, "Appeal_to_Popularity_f1-score": 0.08383233532934131, "Appeal_to_Popularity_support": 120.0, "micro avg_precision": 0.14893617021276595, "micro avg_recall": 0.058333333333333334, "micro avg_f1-score": 0.08383233532934131, "micro avg_support": 120.0, "macro avg_precision": 0.14893617021276595, "macro avg_recall": 0.058333333333333334, "macro avg_f1-score": 0.08383233532934131, "macro avg_support": 120.0, "weighted avg_precision": 0.14893617021276595, "weighted avg_recall": 0.058333333333333334, "weighted avg_f1-score": 0.08383233532934131, "weighted avg_support": 120.0, "O_support": 1292, "B-Appeal_to_Popularity_support": 47, "I-Appeal_to_Popularity_support": 621, "epoch": 1}, {"micro_f1": 0.7683673469387755, "Appeal_to_Popularity_precision": 0.10638297872340426, "Appeal_to_Popularity_recall": 0.06756756756756757, "Appeal_to_Popularity_f1-score": 0.08264462809917356, "Appeal_to_Popularity_support": 74.0, "micro avg_precision": 0.10638297872340426, "micro avg_recall": 0.06756756756756757, "micro avg_f1-score": 0.08264462809917356, "micro avg_support": 74.0, "macro avg_precision": 0.10638297872340426, "macro avg_recall": 0.06756756756756757, "macro avg_f1-score": 0.08264462809917356, "macro avg_support": 74.0, "weighted avg_precision": 0.10638297872340426, "weighted avg_recall": 0.06756756756756757, "weighted avg_f1-score": 0.08264462809917356, "weighted avg_support": 74.0, "O_support": 1292, "B-Appeal_to_Popularity_support": 47, "I-Appeal_to_Popularity_support": 621, "epoch": 2}, {"micro_f1": 0.7688775510204081, "Appeal_to_Popularity_precision": 0.23404255319148937, "Appeal_to_Popularity_recall": 0.10679611650485436, "Appeal_to_Popularity_f1-score": 0.14666666666666664, "Appeal_to_Popularity_support": 103.0, "micro avg_precision": 0.23404255319148937, "micro avg_recall": 0.10679611650485436, "micro avg_f1-score": 0.14666666666666664, "micro avg_support": 103.0, "macro avg_precision": 0.23404255319148937, "macro avg_recall": 0.10679611650485436, "macro avg_f1-score": 0.14666666666666664, "macro avg_support": 103.0, "weighted avg_precision": 0.2340425531914894, "weighted avg_recall": 0.10679611650485436, "weighted avg_f1-score": 0.14666666666666664, "weighted avg_support": 103.0, "O_support": 1292, "B-Appeal_to_Popularity_support": 47, "I-Appeal_to_Popularity_support": 621, "epoch": 3}, {"micro_f1": 0.7806122448979592, "Appeal_to_Popularity_precision": 0.2978723404255319, "Appeal_to_Popularity_recall": 0.16666666666666666, "Appeal_to_Popularity_f1-score": 0.21374045801526717, "Appeal_to_Popularity_support": 84.0, "micro avg_precision": 0.2978723404255319, "micro avg_recall": 0.16666666666666666, "micro avg_f1-score": 0.21374045801526717, "micro avg_support": 84.0, "macro avg_precision": 0.2978723404255319, "macro avg_recall": 0.16666666666666666, "macro avg_f1-score": 0.21374045801526717, "macro avg_support": 84.0, "weighted avg_precision": 0.2978723404255319, "weighted avg_recall": 0.16666666666666666, "weighted avg_f1-score": 0.21374045801526717, "weighted avg_support": 84.0, "O_support": 1292, "B-Appeal_to_Popularity_support": 47, "I-Appeal_to_Popularity_support": 621, "epoch": 4}, {"micro_f1": 0.7882653061224489, "Appeal_to_Popularity_precision": 0.3617021276595745, "Appeal_to_Popularity_recall": 0.18681318681318682, "Appeal_to_Popularity_f1-score": 0.24637681159420297, "Appeal_to_Popularity_support": 91.0, "micro avg_precision": 0.3617021276595745, "micro avg_recall": 0.18681318681318682, "micro avg_f1-score": 0.24637681159420297, "micro avg_support": 91.0, "macro avg_precision": 0.3617021276595745, "macro avg_recall": 0.18681318681318682, "macro avg_f1-score": 0.24637681159420297, "macro avg_support": 91.0, "weighted avg_precision": 0.3617021276595745, "weighted avg_recall": 0.18681318681318682, "weighted avg_f1-score": 0.24637681159420294, "weighted avg_support": 91.0, "O_support": 1292, "B-Appeal_to_Popularity_support": 47, "I-Appeal_to_Popularity_support": 621, "epoch": 5}, {"micro_f1": 0.8045918367346939, "Appeal_to_Popularity_precision": 0.2765957446808511, "Appeal_to_Popularity_recall": 0.15294117647058825, "Appeal_to_Popularity_f1-score": 0.196969696969697, "Appeal_to_Popularity_support": 85.0, "micro avg_precision": 0.2765957446808511, "micro avg_recall": 0.15294117647058825, "micro avg_f1-score": 0.196969696969697, "micro avg_support": 85.0, "macro avg_precision": 0.2765957446808511, "macro avg_recall": 0.15294117647058825, "macro avg_f1-score": 0.196969696969697, "macro avg_support": 85.0, "weighted avg_precision": 0.2765957446808511, "weighted avg_recall": 0.15294117647058825, "weighted avg_f1-score": 0.19696969696969702, "weighted avg_support": 85.0, "O_support": 1292, "B-Appeal_to_Popularity_support": 47, "I-Appeal_to_Popularity_support": 621, "epoch": 6}, {"micro_f1": 0.7790816326530612, "Appeal_to_Popularity_precision": 0.3404255319148936, "Appeal_to_Popularity_recall": 0.18823529411764706, "Appeal_to_Popularity_f1-score": 0.24242424242424238, "Appeal_to_Popularity_support": 85.0, "micro avg_precision": 0.3404255319148936, "micro avg_recall": 0.18823529411764706, "micro avg_f1-score": 0.24242424242424238, "micro avg_support": 85.0, "macro avg_precision": 0.3404255319148936, "macro avg_recall": 0.18823529411764706, "macro avg_f1-score": 0.24242424242424238, "macro avg_support": 85.0, "weighted avg_precision": 0.3404255319148936, "weighted avg_recall": 0.18823529411764706, "weighted avg_f1-score": 0.24242424242424238, "weighted avg_support": 85.0, "O_support": 1292, "B-Appeal_to_Popularity_support": 47, "I-Appeal_to_Popularity_support": 621, "epoch": 7}], "best_epoch": 6, "train_data_path": {"sl": "./data/train_sent_mt/sl/train_gold_sentences_translated_nllb-200-3.3B_eng_Latn-slv_Latn_tok_regex_en-sl/train_gold_sentences_translated_nllb-200-3.3B_eng_Latn-slv_Latn_tok_regex_en-sl_mdeberta-v3-base_mdeberta_xlwa_en-sl_ME3_2024-05-04-12-12-14_ls.json", "ru": "./data/train_sent_mt/ru/train_gold_sentences_translated_nllb-200-3.3B_eng_Latn-rus_Cyrl_tok_regex_en-ru/train_gold_sentences_translated_nllb-200-3.3B_eng_Latn-rus_Cyrl_tok_regex_en-ru_mdeberta-v3-base_mdeberta_xlwa_en-ru_ME3_2024-05-04-12-09-20_ls.json", "pt": "./data/train_sent_mt/pt/train_gold_sentences_translated_nllb-200-3.3B_eng_Latn-por_Latn_tok_regex_en-pt/train_gold_sentences_translated_nllb-200-3.3B_eng_Latn-por_Latn_tok_regex_en-pt_mdeberta-v3-base_mdeberta_xlwa_en-pt_ME3_2024-05-04-12-07-45_ls.json", "it": "./data/train_sent_mt/it/train_gold_sentences_translated_nllb-200-3.3B_eng_Latn-ita_Latn_tok_regex_en-it/train_gold_sentences_translated_nllb-200-3.3B_eng_Latn-ita_Latn_tok_regex_en-it_mdeberta-v3-base_mdeberta_xlwa_en-it_ME3_2024-05-04-12-05-00_ls.json", "es": "./data/train_sent_mt/es/train_gold_sentences_translated_nllb-200-3.3B_eng_Latn-spa_Latn_tok_regex_en-es/train_gold_sentences_translated_nllb-200-3.3B_eng_Latn-spa_Latn_tok_regex_en-es_mdeberta-v3-base_mdeberta_xlwa_en-es_ME3_2024-05-04-12-01-43_ls.json",