{"results": [{"micro_f1": 0.9378114842903575, "Name_Calling-Labeling_precision": 0.2855392156862745, "Name_Calling-Labeling_recall": 0.3546423135464231, "Name_Calling-Labeling_f1-score": 0.3163611676849966, "Name_Calling-Labeling_support": 657.0, "micro avg_precision": 0.2855392156862745, "micro avg_recall": 0.3546423135464231, "micro avg_f1-score": 0.3163611676849966, "micro avg_support": 657.0, "macro avg_precision": 0.2855392156862745, "macro avg_recall": 0.3546423135464231, "macro avg_f1-score": 0.3163611676849966, "macro avg_support": 657.0, "weighted avg_precision": 0.2855392156862745, "weighted avg_recall": 0.3546423135464231, "weighted avg_f1-score": 0.3163611676849966, "weighted avg_support": 657.0, "O_support": 29272, "B-Name_Calling-Labeling_support": 816, "I-Name_Calling-Labeling_support": 2217, "epoch": 0}, {"micro_f1": 0.9449311252128153, "Name_Calling-Labeling_precision": 0.32107843137254904, "Name_Calling-Labeling_recall": 0.4055727554179567, "Name_Calling-Labeling_f1-score": 0.3584131326949385, "Name_Calling-Labeling_support": 646.0, "micro avg_precision": 0.32107843137254904, "micro avg_recall": 0.4055727554179567, "micro avg_f1-score": 0.3584131326949385, "micro avg_support": 646.0, "macro avg_precision": 0.32107843137254904, "macro avg_recall": 0.4055727554179567, "macro avg_f1-score": 0.3584131326949385, "macro avg_support": 646.0, "weighted avg_precision": 0.32107843137254904, "weighted avg_recall": 0.4055727554179567, "weighted avg_f1-score": 0.3584131326949385, "weighted avg_support": 646.0, "O_support": 29272, "B-Name_Calling-Labeling_support": 816, "I-Name_Calling-Labeling_support": 2217, "epoch": 1}, {"micro_f1": 0.9468503327658258, "Name_Calling-Labeling_precision": 0.40441176470588236, "Name_Calling-Labeling_recall": 0.4365079365079365, "Name_Calling-Labeling_f1-score": 0.41984732824427484, "Name_Calling-Labeling_support": 756.0, "micro avg_precision": 0.40441176470588236, "micro avg_recall": 0.4365079365079365, "micro avg_f1-score": 0.41984732824427484, "micro avg_support": 756.0, "macro avg_precision": 0.40441176470588236, "macro avg_recall": 0.4365079365079365, "macro avg_f1-score": 0.41984732824427484, "macro avg_support": 756.0, "weighted avg_precision": 0.40441176470588236, "weighted avg_recall": 0.4365079365079365, "weighted avg_f1-score": 0.41984732824427484, "weighted avg_support": 756.0, "O_support": 29272, "B-Name_Calling-Labeling_support": 816, "I-Name_Calling-Labeling_support": 2217, "epoch": 2}, {"micro_f1": 0.9440643863179075, "Name_Calling-Labeling_precision": 0.3431372549019608, "Name_Calling-Labeling_recall": 0.4628099173553719, "Name_Calling-Labeling_f1-score": 0.3940886699507389, "Name_Calling-Labeling_support": 605.0, "micro avg_precision": 0.3431372549019608, "micro avg_recall": 0.4628099173553719, "micro avg_f1-score": 0.3940886699507389, "micro avg_support": 605.0, "macro avg_precision": 0.3431372549019608, "macro avg_recall": 0.4628099173553719, "macro avg_f1-score": 0.3940886699507389, "macro avg_support": 605.0, "weighted avg_precision": 0.3431372549019608, "weighted avg_recall": 0.4628099173553719, "weighted avg_f1-score": 0.3940886699507389, "weighted avg_support": 605.0, "O_support": 29272, "B-Name_Calling-Labeling_support": 816, "I-Name_Calling-Labeling_support": 2217, "epoch": 3}, {"micro_f1": 0.9473146571738121, "Name_Calling-Labeling_precision": 0.4497549019607843, "Name_Calling-Labeling_recall": 0.46455696202531643, "Name_Calling-Labeling_f1-score": 0.45703611457036114, "Name_Calling-Labeling_support": 790.0, "micro avg_precision": 0.4497549019607843, "micro avg_recall": 0.46455696202531643, "micro avg_f1-score": 0.45703611457036114, "micro avg_support": 790.0, "macro avg_precision": 0.4497549019607843, "macro avg_recall": 0.46455696202531643, "macro avg_f1-score": 0.45703611457036114, "macro avg_support": 790.0, "weighted avg_precision": 0.4497549019607843, "weighted avg_recall": 0.46455696202531643, "weighted avg_f1-score": 0.45703611457036114, "weighted avg_support": 790.0, "O_support": 29272, "B-Name_Calling-Labeling_support": 816, "I-Name_Calling-Labeling_support": 2217, "epoch": 4}, {"micro_f1": 0.9456121343445287, "Name_Calling-Labeling_precision": 0.40931372549019607, "Name_Calling-Labeling_recall": 0.4677871148459384, "Name_Calling-Labeling_f1-score": 0.4366013071895425, "Name_Calling-Labeling_support": 714.0, "micro avg_precision": 0.40931372549019607, "micro avg_recall": 0.4677871148459384, "micro avg_f1-score": 0.4366013071895425, "micro avg_support": 714.0, "macro avg_precision": 0.40931372549019607, "macro avg_recall": 0.4677871148459384, "macro avg_f1-score": 0.4366013071895425, "macro avg_support": 714.0, "weighted avg_precision": 0.40931372549019607, "weighted avg_recall": 0.4677871148459384, "weighted avg_f1-score": 0.4366013071895425, "weighted avg_support": 714.0, "O_support": 29272, "B-Name_Calling-Labeling_support": 816, "I-Name_Calling-Labeling_support": 2217, "epoch": 5}, {"micro_f1": 0.9463240984367745, "Name_Calling-Labeling_precision": 0.41544117647058826, "Name_Calling-Labeling_recall": 0.5105421686746988, "Name_Calling-Labeling_f1-score": 0.45810810810810815, "Name_Calling-Labeling_support": 664.0, "micro avg_precision": 0.41544117647058826, "micro avg_recall": 0.5105421686746988, "micro avg_f1-score": 0.45810810810810815, "micro avg_support": 664.0, "macro avg_precision": 0.41544117647058826, "macro avg_recall": 0.5105421686746988, "macro avg_f1-score": 0.45810810810810815, "macro avg_support": 664.0, "weighted avg_precision": 0.41544117647058826, "weighted avg_recall": 0.5105421686746988, "weighted avg_f1-score": 0.4581081081081082, "weighted avg_support": 664.0, "O_support": 29272, "B-Name_Calling-Labeling_support": 816, "I-Name_Calling-Labeling_support": 2217, "epoch": 6}, {"micro_f1": 0.9469122426868906, "Name_Calling-Labeling_precision": 0.49387254901960786, "Name_Calling-Labeling_recall": 0.4610983981693364, "Name_Calling-Labeling_f1-score": 0.47692307692307695, "Name_Calling-Labeling_support": 874.0, "micro avg_precision": 0.49387254901960786, "micro avg_recall": 0.4610983981693364, "micro avg_f1-score": 0.47692307692307695, "micro avg_support": 874.0, "macro avg_precision": 0.49387254901960786, "macro avg_recall": 0.4610983981693364, "macro avg_f1-score": 0.47692307692307695, "macro avg_support": 874.0, "weighted avg_precision": 0.49387254901960786, "weighted avg_recall": 0.4610983981693364, "weighted avg_f1-score": 0.47692307692307695, "weighted avg_support": 874.0, "O_support": 29272, "B-Name_Calling-Labeling_support": 816, "I-Name_Calling-Labeling_support": 2217, "epoch": 7}, {"micro_f1": 0.9473765670948769, "Name_Calling-Labeling_precision": 0.4117647058823529, "Name_Calling-Labeling_recall": 0.5029940119760479, "Name_Calling-Labeling_f1-score": 0.45283018867924524, "Name_Calling-Labeling_support": 668.0, "micro avg_precision": 0.4117647058823529, "micro avg_recall": 0.5029940119760479, "micro avg_f1-score": 0.45283018867924524, "micro avg_support": 668.0, "macro avg_precision": 0.4117647058823529, "macro avg_recall": 0.5029940119760479, "macro avg_f1-score": 0.45283018867924524, "macro avg_support": 668.0, "weighted avg_precision": 0.4117647058823529, "weighted avg_recall": 0.5029940119760479, "weighted avg_f1-score": 0.4528301886792453, "weighted avg_support": 668.0, "O_support": 29272, "B-Name_Calling-Labeling_support": 816, "I-Name_Calling-Labeling_support": 2217, "epoch": 8}, {"micro_f1": 0.938213898777279, "Name_Calling-Labeling_precision": 0.4877450980392157, "Name_Calling-Labeling_recall": 0.42887931034482757, "Name_Calling-Labeling_f1-score": 0.45642201834862384, "Name_Calling-Labeling_support": 928.0, "micro avg_precision": 0.4877450980392157, "micro avg_recall": 0.42887931034482757, "micro avg_f1-score": 0.45642201834862384, "micro avg_support": 928.0, "macro avg_precision": 0.4877450980392157, "macro avg_recall": 0.42887931034482757, "macro avg_f1-score": 0.45642201834862384, "macro avg_support": 928.0,