{"micro_f1": 0.7427616926503341, "Appeal_to_Time_precision": 0.18518518518518517, "Appeal_to_Time_recall": 0.10869565217391304, "Appeal_to_Time_f1-score": 0.13698630136986303, "Appeal_to_Time_support": 46.0, "micro avg_precision": 0.18518518518518517, "micro avg_recall": 0.10869565217391304, "micro avg_f1-score": 0.13698630136986303, "micro avg_support": 46.0, "macro avg_precision": 0.18518518518518517, "macro avg_recall": 0.10869565217391304, "macro avg_f1-score": 0.13698630136986303, "macro avg_support": 46.0, "weighted avg_precision": 0.18518518518518515, "weighted avg_recall": 0.10869565217391304, "weighted avg_f1-score": 0.13698630136986303, "weighted avg_support": 46.0, "O_support": 598, "B-Appeal_to_Time_support": 27, "I-Appeal_to_Time_support": 273}