{"micro_f1": 0.7910809500727096, "Conversation_Killer_precision": 0.33636363636363636, "Conversation_Killer_recall": 0.3425925925925926, "Conversation_Killer_f1-score": 0.3394495412844037, "Conversation_Killer_support": 108.0, "micro avg_precision": 0.33636363636363636, "micro avg_recall": 0.3425925925925926, "micro avg_f1-score": 0.3394495412844037, "micro avg_support": 108.0, "macro avg_precision": 0.33636363636363636, "macro avg_recall": 0.3425925925925926, "macro avg_f1-score": 0.3394495412844037, "macro avg_support": 108.0, "weighted avg_precision": 0.33636363636363636, "weighted avg_recall": 0.3425925925925926, "weighted avg_f1-score": 0.3394495412844037, "weighted avg_support": 108.0, "B-Conversation_Killer_support": 110, "I-Conversation_Killer_support": 670, "O_support": 1283, "train_data_path": "/home/pgajo/checkthat24/checkthat24_DIT/data/train_gold/train_gold_sentences.json"}