{"results": [{"micro_f1": 0.7687991021324355, "Causal_Oversimplification_precision": 0.3181818181818182, "Causal_Oversimplification_recall": 0.17721518987341772, "Causal_Oversimplification_f1-score": 0.22764227642276422, "Causal_Oversimplification_support": 158.0, "micro avg_precision": 0.3181818181818182, "micro avg_recall": 0.17721518987341772, "micro avg_f1-score": 0.22764227642276422, "micro avg_support": 158.0, "macro avg_precision": 0.3181818181818182, "macro avg_recall": 0.17721518987341772, "macro avg_f1-score": 0.22764227642276422, "macro avg_support": 158.0, "weighted avg_precision": 0.3181818181818182, "weighted avg_recall": 0.17721518987341772, "weighted avg_f1-score": 0.22764227642276424, "weighted avg_support": 158.0, "B-Causal_Oversimplification_support": 88, "I-Causal_Oversimplification_support": 1886, "O_support": 1590, "epoch": 0}, {"micro_f1": 0.8237934904601572, "Causal_Oversimplification_precision": 0.42045454545454547, "Causal_Oversimplification_recall": 0.22560975609756098, "Causal_Oversimplification_f1-score": 0.29365079365079366, "Causal_Oversimplification_support": 164.0, "micro avg_precision": 0.42045454545454547, "micro avg_recall": 0.22560975609756098, "micro avg_f1-score": 0.29365079365079366, "micro avg_support": 164.0, "macro avg_precision": 0.42045454545454547, "macro avg_recall": 0.22560975609756098, "macro avg_f1-score": 0.29365079365079366, "macro avg_support": 164.0, "weighted avg_precision": 0.42045454545454547, "weighted avg_recall": 0.22560975609756098, "weighted avg_f1-score": 0.29365079365079366, "weighted avg_support": 164.0, "B-Causal_Oversimplification_support": 88, "I-Causal_Oversimplification_support": 1886, "O_support": 1590, "epoch": 1}, {"micro_f1": 0.7943322109988776, "Causal_Oversimplification_precision": 0.3181818181818182, "Causal_Oversimplification_recall": 0.27450980392156865, "Causal_Oversimplification_f1-score": 0.2947368421052632, "Causal_Oversimplification_support": 102.0, "micro avg_precision": 0.3181818181818182, "micro avg_recall": 0.27450980392156865, "micro avg_f1-score": 0.2947368421052632, "micro avg_support": 102.0, "macro avg_precision": 0.3181818181818182, "macro avg_recall": 0.27450980392156865, "macro avg_f1-score": 0.2947368421052632, "macro avg_support": 102.0, "weighted avg_precision": 0.3181818181818182, "weighted avg_recall": 0.27450980392156865, "weighted avg_f1-score": 0.2947368421052632, "weighted avg_support": 102.0, "B-Causal_Oversimplification_support": 88, "I-Causal_Oversimplification_support": 1886, "O_support": 1590, "epoch": 2}, {"micro_f1": 0.8414702581369247, "Causal_Oversimplification_precision": 0.4659090909090909, "Causal_Oversimplification_recall": 0.2887323943661972, "Causal_Oversimplification_f1-score": 0.3565217391304348, "Causal_Oversimplification_support": 142.0, "micro avg_precision": 0.4659090909090909, "micro avg_recall": 0.2887323943661972, "micro avg_f1-score": 0.3565217391304348, "micro avg_support": 142.0, "macro avg_precision": 0.4659090909090909, "macro avg_recall": 0.2887323943661972, "macro avg_f1-score": 0.3565217391304348, "macro avg_support": 142.0, "weighted avg_precision": 0.4659090909090909, "weighted avg_recall": 0.2887323943661972, "weighted avg_f1-score": 0.3565217391304348, "weighted avg_support": 142.0, "B-Causal_Oversimplification_support": 88, "I-Causal_Oversimplification_support": 1886, "O_support": 1590, "epoch": 3}, {"micro_f1": 0.8148148148148148, "Causal_Oversimplification_precision": 0.5227272727272727, "Causal_Oversimplification_recall": 0.304635761589404, "Causal_Oversimplification_f1-score": 0.38493723849372385, "Causal_Oversimplification_support": 151.0, "micro avg_precision": 0.5227272727272727, "micro avg_recall": 0.304635761589404, "micro avg_f1-score": 0.38493723849372385, "micro avg_support": 151.0, "macro avg_precision": 0.5227272727272727, "macro avg_recall": 0.304635761589404, "macro avg_f1-score": 0.38493723849372385, "macro avg_support": 151.0, "weighted avg_precision": 0.5227272727272727, "weighted avg_recall": 0.304635761589404, "weighted avg_f1-score": 0.38493723849372385, "weighted avg_support": 151.0, "B-Causal_Oversimplification_support": 88, "I-Causal_Oversimplification_support": 1886, "O_support": 1590, "epoch": 4}, {"micro_f1": 0.8344556677890012, "Causal_Oversimplification_precision": 0.5795454545454546, "Causal_Oversimplification_recall": 0.3805970149253731, "Causal_Oversimplification_f1-score": 0.45945945945945943, "Causal_Oversimplification_support": 134.0, "micro avg_precision": 0.5795454545454546, "micro avg_recall": 0.3805970149253731, "micro avg_f1-score": 0.45945945945945943, "micro avg_support": 134.0, "macro avg_precision": 0.5795454545454546, "macro avg_recall": 0.3805970149253731, "macro avg_f1-score": 0.45945945945945943, "macro avg_support": 134.0, "weighted avg_precision": 0.5795454545454546, "weighted avg_recall": 0.3805970149253731, "weighted avg_f1-score": 0.45945945945945943, "weighted avg_support": 134.0, "B-Causal_Oversimplification_support": 88, "I-Causal_Oversimplification_support": 1886, "O_support": 1590, "epoch": 5}, {"micro_f1": 0.8310886644219978, "Causal_Oversimplification_precision": 0.5454545454545454, "Causal_Oversimplification_recall": 0.35036496350364965, "Causal_Oversimplification_f1-score": 0.4266666666666667, "Causal_Oversimplification_support": 137.0, "micro avg_precision": 0.5454545454545454, "micro avg_recall": 0.35036496350364965, "micro avg_f1-score": 0.4266666666666667, "micro avg_support": 137.0, "macro avg_precision": 0.5454545454545454, "macro avg_recall": 0.35036496350364965, "macro avg_f1-score": 0.4266666666666667, "macro avg_support": 137.0, "weighted avg_precision": 0.5454545454545454, "weighted avg_recall": 0.35036496350364965, "weighted avg_f1-score": 0.4266666666666667, "weighted avg_support": 137.0, "B-Causal_Oversimplification_support": 88, "I-Causal_Oversimplification_support": 1886, "O_support": 1590, "epoch": 6}, {"micro_f1": 0.8482042648709316, "Causal_Oversimplification_precision": 0.5340909090909091, "Causal_Oversimplification_recall": 0.3671875, "Causal_Oversimplification_f1-score": 0.4351851851851852, "Causal_Oversimplification_support": 128.0, "micro avg_precision": 0.5340909090909091, "micro avg_recall": 0.3671875, "micro avg_f1-score": 0.4351851851851852, "micro avg_support": 128.0, "macro avg_precision": 0.5340909090909091, "macro avg_recall": 0.3671875, "macro avg_f1-score": 0.4351851851851852, "macro avg_support": 128.0, "weighted avg_precision": 0.5340909090909091, "weighted avg_recall": 0.3671875, "weighted avg_f1-score": 0.4351851851851852, "weighted avg_support": 128.0, "B-Causal_Oversimplification_support": 88, "I-Causal_Oversimplification_support": 1886, "O_support": 1590, "epoch": 7}], "best_epoch": 6, "train_data_path": {"sl": "./data/train_sent_mt/sl/train_gold_sentences_translated_nllb-200-3.3B_eng_Latn-slv_Latn_tok_regex_en-sl/train_gold_sentences_translated_nllb-200-3.3B_eng_Latn-slv_Latn_tok_regex_en-sl_mdeberta-v3-base_mdeberta_xlwa_en-sl_ME3_2024-05-04-12-12-14_ls.json", "ru": "./data/train_sent_mt/ru/train_gold_sentences_translated_nllb-200-3.3B_eng_Latn-rus_Cyrl_tok_regex_en-ru/train_gold_sentences_translated_nllb-200-3.3B_eng_Latn-rus_Cyrl_tok_regex_en-ru_mdeberta-v3-base_mdeberta_xlwa_en-ru_ME3_2024-05-04-12-09-20_ls.json", "pt": "./data/train_sent_mt/pt/train_gold_sentences_translated_nllb-200-3.3B_eng_Latn-por_Latn_tok_regex_en-pt/train_gold_sentences_translated_nllb-200-3.3B_eng_Latn-por_Latn_tok_regex_en-pt_mdeberta-v3-base_mdeberta_xlwa_en-pt_ME3_2024-05-04-12-07-45_ls.json", "it": "./data/train_sent_mt/it/train_gold_sentences_translated_nllb-200-3.3B_eng_Latn-ita_Latn_tok_regex_en-it/train_gold_sentences_translated_nllb-200-3.3B_eng_Latn-ita_Latn_tok_regex_en-it_mdeberta-v3-base_mdeberta_xlwa_en-it_ME3_2024-05-04-12-05-00_ls.json",