{"0": {"precision": 0.8946128937297616, "recall": 0.7961750065496463, "f1-score": 0.8425284169670086, "support": 7634.0}, "1": {"precision": 0.700077101002313, "recall": 0.8353265869365225, "f1-score": 0.761744966442953, "support": 4348.0}, "accuracy": 0.8103822400267068, "macro avg": {"precision": 0.7973449973660374, "recall": 0.8157507967430844, "f1-score": 0.8021366917049808, "support": 11982.0}, "weighted avg": {"precision": 0.82402020246128, "recall": 0.8103822400267068, "f1-score": 0.8132139082974548, "support": 11982.0}, "macro-f1": 0.8021366917049808}