{"micro_f1": 0.7923480407281703, "False_Dilemma-No_Choice_precision": 0.36904761904761907, "False_Dilemma-No_Choice_recall": 0.28440366972477066, "False_Dilemma-No_Choice_f1-score": 0.32124352331606215, "False_Dilemma-No_Choice_support": 109.0, "micro avg_precision": 0.36904761904761907, "micro avg_recall": 0.28440366972477066, "micro avg_f1-score": 0.32124352331606215, "micro avg_support": 109.0, "macro avg_precision": 0.36904761904761907, "macro avg_recall": 0.28440366972477066, "macro avg_f1-score": 0.32124352331606215, "macro avg_support": 109.0, "weighted avg_precision": 0.3690476190476191, "weighted avg_recall": 0.28440366972477066, "weighted avg_f1-score": 0.32124352331606215, "weighted avg_support": 109.0, "B-False_Dilemma-No_Choice_support": 84, "I-False_Dilemma-No_Choice_support": 1344, "O_support": 1813}