{"micro_f1": 0.8801054018445322, "Consequential_Oversimplification_precision": 0.35294117647058826, "Consequential_Oversimplification_recall": 0.27692307692307694, "Consequential_Oversimplification_f1-score": 0.31034482758620696, "Consequential_Oversimplification_support": 65.0, "micro avg_precision": 0.35294117647058826, "micro avg_recall": 0.27692307692307694, "micro avg_f1-score": 0.31034482758620696, "micro avg_support": 65.0, "macro avg_precision": 0.35294117647058826, "macro avg_recall": 0.27692307692307694, "macro avg_f1-score": 0.31034482758620696, "macro avg_support": 65.0, "weighted avg_precision": 0.35294117647058826, "weighted avg_recall": 0.27692307692307694, "weighted avg_f1-score": 0.31034482758620696, "weighted avg_support": 65.0, "O_support": 926, "B-Consequential_Oversimplification_support": 51, "I-Consequential_Oversimplification_support": 1300}