{"micro_f1": 0.8641894113778362, "False_Dilemma-No_Choice_precision": 0.47619047619047616, "False_Dilemma-No_Choice_recall": 0.4, "False_Dilemma-No_Choice_f1-score": 0.43478260869565216, "False_Dilemma-No_Choice_support": 100.0, "micro avg_precision": 0.47619047619047616, "micro avg_recall": 0.4, "micro avg_f1-score": 0.43478260869565216, "micro avg_support": 100.0, "macro avg_precision": 0.47619047619047616, "macro avg_recall": 0.4, "macro avg_f1-score": 0.43478260869565216, "macro avg_support": 100.0, "weighted avg_precision": 0.4761904761904761, "weighted avg_recall": 0.4, "weighted avg_f1-score": 0.43478260869565216, "weighted avg_support": 100.0, "B-False_Dilemma-No_Choice_support": 84, "I-False_Dilemma-No_Choice_support": 1344, "O_support": 1613}