{"micro_f1": 0.7846097201767305, "Appeal_to_Hypocrisy_precision": 0.15294117647058825, "Appeal_to_Hypocrisy_recall": 0.10833333333333334, "Appeal_to_Hypocrisy_f1-score": 0.12682926829268293, "Appeal_to_Hypocrisy_support": 120.0, "micro avg_precision": 0.15294117647058825, "micro avg_recall": 0.10833333333333334, "micro avg_f1-score": 0.12682926829268293, "micro avg_support": 120.0, "macro avg_precision": 0.15294117647058825, "macro avg_recall": 0.10833333333333334, "macro avg_f1-score": 0.12682926829268293, "macro avg_support": 120.0, "weighted avg_precision": 0.15294117647058825, "weighted avg_recall": 0.10833333333333334, "weighted avg_f1-score": 0.12682926829268293, "weighted avg_support": 120.0, "O_support": 673, "B-Appeal_to_Hypocrisy_support": 85, "I-Appeal_to_Hypocrisy_support": 1958, "train_data_path": "/home/pgajo/checkthat24/checkthat24_DIT/data/train_gold/train_gold_sentences.json"}