{"micro_f1": 0.9383651464374181, "Repetition_precision": 0.6363636363636364, "Repetition_recall": 0.6405228758169934, "Repetition_f1-score": 0.6384364820846906, "Repetition_support": 153.0, "micro avg_precision": 0.6363636363636364, "micro avg_recall": 0.6405228758169934, "micro avg_f1-score": 0.6384364820846906, "micro avg_support": 153.0, "macro avg_precision": 0.6363636363636364, "macro avg_recall": 0.6405228758169934, "macro avg_f1-score": 0.6384364820846906, "macro avg_support": 153.0, "weighted avg_precision": 0.6363636363636364, "weighted avg_recall": 0.6405228758169934, "weighted avg_f1-score": 0.6384364820846906, "weighted avg_support": 153.0, "O_support": 6118, "B-Repetition_support": 154, "I-Repetition_support": 591}