{"micro_f1": 0.8037330316742082, "Straw_Man_precision": 0.3333333333333333, "Straw_Man_recall": 0.26785714285714285, "Straw_Man_f1-score": 0.297029702970297, "Straw_Man_support": 56.0, "micro avg_precision": 0.3333333333333333, "micro avg_recall": 0.26785714285714285, "micro avg_f1-score": 0.297029702970297, "micro avg_support": 56.0, "macro avg_precision": 0.3333333333333333, "macro avg_recall": 0.26785714285714285, "macro avg_f1-score": 0.297029702970297, "macro avg_support": 56.0, "weighted avg_precision": 0.3333333333333333, "weighted avg_recall": 0.26785714285714285, "weighted avg_f1-score": 0.297029702970297, "weighted avg_support": 56.0, "B-Straw_Man_support": 45, "I-Straw_Man_support": 728, "O_support": 995}