{"micro_f1": 0.7709110282365477, "Guilt_by_Association_precision": 0.3058823529411765, "Guilt_by_Association_recall": 0.18705035971223022, "Guilt_by_Association_f1-score": 0.23214285714285715, "Guilt_by_Association_support": 139.0, "micro avg_precision": 0.3058823529411765, "micro avg_recall": 0.18705035971223022, "micro avg_f1-score": 0.23214285714285715, "micro avg_support": 139.0, "macro avg_precision": 0.3058823529411765, "macro avg_recall": 0.18705035971223022, "macro avg_f1-score": 0.23214285714285715, "macro avg_support": 139.0, "weighted avg_precision": 0.3058823529411765, "weighted avg_recall": 0.18705035971223022, "weighted avg_f1-score": 0.23214285714285718, "weighted avg_support": 139.0, "O_support": 2399, "B-Guilt_by_Association_support": 85, "I-Guilt_by_Association_support": 1270}