{"micro_f1": 0.8133498145859085, "Consequential_Oversimplification_precision": 0.29411764705882354, "Consequential_Oversimplification_recall": 0.13513513513513514, "Consequential_Oversimplification_f1-score": 0.18518518518518517, "Consequential_Oversimplification_support": 111.0, "micro avg_precision": 0.29411764705882354, "micro avg_recall": 0.13513513513513514, "micro avg_f1-score": 0.18518518518518517, "micro avg_support": 111.0, "macro avg_precision": 0.29411764705882354, "macro avg_recall": 0.13513513513513514, "macro avg_f1-score": 0.18518518518518517, "macro avg_support": 111.0, "weighted avg_precision": 0.29411764705882354, "weighted avg_recall": 0.13513513513513514, "weighted avg_f1-score": 0.18518518518518517, "weighted avg_support": 111.0, "O_support": 1076, "B-Consequential_Oversimplification_support": 51, "I-Consequential_Oversimplification_support": 1300}