{"results": [{"micro_f1": 0.5907898571844943, "Causal_Oversimplification_precision": 0.022727272727272728, "Causal_Oversimplification_recall": 0.00641025641025641, "Causal_Oversimplification_f1-score": 0.01, "Causal_Oversimplification_support": 312.0, "micro avg_precision": 0.022727272727272728, "micro avg_recall": 0.00641025641025641, "micro avg_f1-score": 0.01, "micro avg_support": 312.0, "macro avg_precision": 0.022727272727272728, "macro avg_recall": 0.00641025641025641, "macro avg_f1-score": 0.01, "macro avg_support": 312.0, "weighted avg_precision": 0.022727272727272728, "weighted avg_recall": 0.00641025641025641, "weighted avg_f1-score": 0.01, "weighted avg_support": 312.0, "B-Causal_Oversimplification_support": 88, "I-Causal_Oversimplification_support": 1886, "O_support": 1457, "epoch": 0}, {"micro_f1": 0.7003788982803847, "Causal_Oversimplification_precision": 0.13636363636363635, "Causal_Oversimplification_recall": 0.04819277108433735, "Causal_Oversimplification_f1-score": 0.0712166172106825, "Causal_Oversimplification_support": 249.0, "micro avg_precision": 0.13636363636363635, "micro avg_recall": 0.04819277108433735, "micro avg_f1-score": 0.0712166172106825, "micro avg_support": 249.0, "macro avg_precision": 0.13636363636363635, "macro avg_recall": 0.04819277108433735, "macro avg_f1-score": 0.0712166172106825, "macro avg_support": 249.0, "weighted avg_precision": 0.13636363636363635, "weighted avg_recall": 0.04819277108433735, "weighted avg_f1-score": 0.0712166172106825, "weighted avg_support": 249.0, "B-Causal_Oversimplification_support": 88, "I-Causal_Oversimplification_support": 1886, "O_support": 1457, "epoch": 1}, {"micro_f1": 0.7333139026522878, "Causal_Oversimplification_precision": 0.23863636363636365, "Causal_Oversimplification_recall": 0.109375, "Causal_Oversimplification_f1-score": 0.15, "Causal_Oversimplification_support": 192.0, "micro avg_precision": 0.23863636363636365, "micro avg_recall": 0.109375, "micro avg_f1-score": 0.15, "micro avg_support": 192.0, "macro avg_precision": 0.23863636363636365, "macro avg_recall": 0.109375, "macro avg_f1-score": 0.15, "macro avg_support": 192.0, "weighted avg_precision": 0.23863636363636365, "weighted avg_recall": 0.109375, "weighted avg_f1-score": 0.15, "weighted avg_support": 192.0, "B-Causal_Oversimplification_support": 88, "I-Causal_Oversimplification_support": 1886, "O_support": 1457, "epoch": 2}, {"micro_f1": 0.7338968230836491, "Causal_Oversimplification_precision": 0.3522727272727273, "Causal_Oversimplification_recall": 0.21830985915492956, "Causal_Oversimplification_f1-score": 0.2695652173913044, "Causal_Oversimplification_support": 142.0, "micro avg_precision": 0.3522727272727273, "micro avg_recall": 0.21830985915492956, "micro avg_f1-score": 0.2695652173913044, "micro avg_support": 142.0, "macro avg_precision": 0.3522727272727273, "macro avg_recall": 0.21830985915492956, "macro avg_f1-score": 0.2695652173913044, "macro avg_support": 142.0, "weighted avg_precision": 0.3522727272727273, "weighted avg_recall": 0.21830985915492956, "weighted avg_f1-score": 0.2695652173913044, "weighted avg_support": 142.0, "B-Causal_Oversimplification_support": 88, "I-Causal_Oversimplification_support": 1886, "O_support": 1457, "epoch": 3}, {"micro_f1": 0.7076654036723987, "Causal_Oversimplification_precision": 0.23863636363636365, "Causal_Oversimplification_recall": 0.14685314685314685, "Causal_Oversimplification_f1-score": 0.18181818181818182, "Causal_Oversimplification_support": 143.0, "micro avg_precision": 0.23863636363636365, "micro avg_recall": 0.14685314685314685, "micro avg_f1-score": 0.18181818181818182, "micro avg_support": 143.0, "macro avg_precision": 0.23863636363636365, "macro avg_recall": 0.14685314685314685, "macro avg_f1-score": 0.18181818181818182, "macro avg_support": 143.0, "weighted avg_precision": 0.23863636363636365, "weighted avg_recall": 0.14685314685314685, "weighted avg_f1-score": 0.18181818181818182, "weighted avg_support": 143.0, "B-Causal_Oversimplification_support": 88, "I-Causal_Oversimplification_support": 1886, "O_support": 1457, "epoch": 4}], "best_epoch": 4, "train_data_path": "./data/formatted/train_sentences_ls.json"}