{"micro_f1": 0.8721237268955111, "Consequential_Oversimplification_precision": 0.43137254901960786, "Consequential_Oversimplification_recall": 0.29333333333333333, "Consequential_Oversimplification_f1-score": 0.3492063492063492, "Consequential_Oversimplification_support": 75.0, "micro avg_precision": 0.43137254901960786, "micro avg_recall": 0.29333333333333333, "micro avg_f1-score": 0.3492063492063492, "micro avg_support": 75.0, "macro avg_precision": 0.43137254901960786, "macro avg_recall": 0.29333333333333333, "macro avg_f1-score": 0.3492063492063492, "macro avg_support": 75.0, "weighted avg_precision": 0.4313725490196078, "weighted avg_recall": 0.29333333333333333, "weighted avg_f1-score": 0.3492063492063492, "weighted avg_support": 75.0, "O_support": 1300, "B-Consequential_Oversimplification_support": 51, "I-Consequential_Oversimplification_support": 1300}