{
  "language": "de",
  "metrics": {
    "-100": {
      "precision": 0.0,
      "recall": 0.0,
      "f1-score": 0.0,
      "support": 2994360.0
    },
    "0": {
      "precision": 0.08118741789892815,
      "recall": 0.9391722099039173,
      "f1-score": 0.14945508349583989,
      "support": 202950.0
    },
    "1": {
      "precision": 0.0019204690647707588,
      "recall": 0.7195301027900147,
      "f1-score": 0.003830713724509141,
      "support": 681.0
    },
    "2": {
      "precision": 0.010071739347039092,
      "recall": 0.8601616791944405,
      "f1-score": 0.01991034599355581,
      "support": 7051.0
    },
    "accuracy": 0.061515574522892365,
    "macro avg": {
      "precision": 0.023294906577684498,
      "recall": 0.6297159979720931,
      "f1-score": 0.04329903580347621,
      "support": 3205042.0
    },
    "weighted avg": {
      "precision": 0.0051635236406126815,
      "recall": 0.061515574522892365,
      "f1-score": 0.009508426336106565,
      "support": 3205042.0
    }
  },
  "total_predictions": 3205042,
  "total_labels": 3205042,
  "timestamp": "2025-01-17-15-48-16"
}