{
  "language": "en",
  "metrics": {
    "-100": {
      "precision": 0.0,
      "recall": 0.0,
      "f1-score": 0.0,
      "support": 21986331.0
    },
    "0": {
      "precision": 0.0859358403536657,
      "recall": 0.9496898180873806,
      "f1-score": 0.1576098311729977,
      "support": 1744299.0
    },
    "1": {
      "precision": 0.0007746166148586157,
      "recall": 0.7330173775671406,
      "f1-score": 0.0015475978046791483,
      "support": 1266.0
    },
    "2": {
      "precision": 0.0022672765400717017,
      "recall": 0.8552783552783553,
      "f1-score": 0.004522564113682787,
      "support": 8658.0
    },
    "accuracy": 0.07012793383001929,
    "macro avg": {
      "precision": 0.022244433377149004,
      "recall": 0.6344963877332191,
      "f1-score": 0.04091999827283991,
      "support": 23740554.0
    },
    "weighted avg": {
      "precision": 0.006314865741464039,
      "recall": 0.07012793383001929,
      "f1-score": 0.011581860580176254,
      "support": 23740554.0
    }
  },
  "total_predictions": 23740554,
  "total_labels": 23740554,
  "timestamp": "2025-01-17-15-48-16"
}