{
  "language": "it",
  "metrics": {
    "-100": {
      "precision": 0.0,
      "recall": 0.0,
      "f1-score": 0.0,
      "support": 13042067.0
    },
    "0": {
      "precision": 0.04542109960552367,
      "recall": 0.9383152365874233,
      "f1-score": 0.08664783083514899,
      "support": 481302.0
    },
    "1": {
      "precision": 0.0006543135828709758,
      "recall": 0.6943231441048034,
      "f1-score": 0.0013073951077521748,
      "support": 916.0
    },
    "2": {
      "precision": 0.0030146060431109666,
      "recall": 0.835980516730199,
      "f1-score": 0.006007548433243543,
      "support": 9444.0
    },
    "accuracy": 0.03399979414394953,
    "macro avg": {
      "precision": 0.012272504807876405,
      "recall": 0.6171547243556064,
      "f1-score": 0.023490693594036174,
      "support": 13533729.0
    },
    "weighted avg": {
      "precision": 0.0016174651770440212,
      "recall": 0.03399979414394953,
      "f1-score": 0.003085750212520225,
      "support": 13533729.0
    }
  },
  "total_predictions": 13533729,
  "total_labels": 13533729,
  "timestamp": "2025-01-17-15-48-16"
}