{
  "language": "fr",
  "metrics": {
    "-100": {
      "precision": 0.0,
      "recall": 0.0,
      "f1-score": 0.0,
      "support": 4694524.0
    },
    "0": {
      "precision": 0.08787633056235276,
      "recall": 0.9263135123441767,
      "f1-score": 0.16052425092692052,
      "support": 332829.0
    },
    "1": {
      "precision": 0.0017097941601164836,
      "recall": 0.7031055900621118,
      "f1-score": 0.0034112928257377826,
      "support": 805.0
    },
    "2": {
      "precision": 0.0070068274646947325,
      "recall": 0.8442054477836969,
      "f1-score": 0.013898300316803143,
      "support": 9949.0
    },
    "accuracy": 0.06297385109129282,
    "macro avg": {
      "precision": 0.024148238046790997,
      "recall": 0.6184061375474963,
      "f1-score": 0.044458461017365364,
      "support": 5038107.0
    },
    "weighted avg": {
      "precision": 0.005819423552433971,
      "recall": 0.06297385109129282,
      "f1-score": 0.01063259398665662,
      "support": 5038107.0
    }
  },
  "total_predictions": 5038107,
  "total_labels": 5038107,
  "timestamp": "2025-01-17-15-48-16"
}