{
  "language": "ru",
  "metrics": {
    "-100": {
      "precision": 0.0,
      "recall": 0.0,
      "f1-score": 0.0,
      "support": 3954394.0
    },
    "0": {
      "precision": 0.08546772931264475,
      "recall": 0.9222092394734542,
      "f1-score": 0.1564372950666658,
      "support": 308957.0
    },
    "1": {
      "precision": 0.0014074304046362413,
      "recall": 0.6746031746031746,
      "f1-score": 0.0028090003676485772,
      "support": 504.0
    },
    "2": {
      "precision": 0.0064795780927452635,
      "recall": 0.8043633762517882,
      "f1-score": 0.012855597458032818,
      "support": 5592.0
    },
    "accuracy": 0.06786850849770473,
    "macro avg": {
      "precision": 0.023338684452506565,
      "recall": 0.6002939475821043,
      "f1-score": 0.0430254732230868,
      "support": 4269447.0
    },
    "weighted avg": {
      "precision": 0.006193494471500724,
      "recall": 0.06786850849770473,
      "f1-score": 0.011337698209881156,
      "support": 4269447.0
    }
  },
  "total_predictions": 4269447,
  "total_labels": 4269447,
  "timestamp": "2025-01-17-15-48-16"
}