{
  "language": "po",
  "metrics": {
    "-100": {
      "precision": 0.0,
      "recall": 0.0,
      "f1-score": 0.0,
      "support": 7004315.0
    },
    "0": {
      "precision": 0.0764738789764688,
      "recall": 0.9161976555015452,
      "f1-score": 0.14116489934848925,
      "support": 508339.0
    },
    "1": {
      "precision": 0.0012457345672549005,
      "recall": 0.7759197324414716,
      "f1-score": 0.002487475507211803,
      "support": 598.0
    },
    "2": {
      "precision": 0.004850941892794752,
      "recall": 0.8414313854235063,
      "f1-score": 0.009646271996266446,
      "support": 6092.0
    },
    "accuracy": 0.06268219674482242,
    "macro avg": {
      "precision": 0.020642638859129613,
      "recall": 0.6333871933416308,
      "f1-score": 0.03832466171299187,
      "support": 7519344.0
    },
    "weighted avg": {
      "precision": 0.005173982205402665,
      "recall": 0.06268219674482242,
      "f1-score": 0.009551348677393432,
      "support": 7519344.0
    }
  },
  "total_predictions": 7519344,
  "total_labels": 7519344,
  "timestamp": "2025-01-17-15-48-16"
}