{"results": [{"micro_f1": 0.6891433418150975, "Appeal_to_Authority_precision": 0.05128205128205128, "Appeal_to_Authority_recall": 0.023809523809523808, "Appeal_to_Authority_f1-score": 0.03252032520325203, "Appeal_to_Authority_support": 252.0, "micro avg_precision": 0.05128205128205128, "micro avg_recall": 0.023809523809523808, "micro avg_f1-score": 0.03252032520325203, "micro avg_support": 252.0, "macro avg_precision": 0.05128205128205128, "macro avg_recall": 0.023809523809523808, "macro avg_f1-score": 0.03252032520325203, "macro avg_support": 252.0, "weighted avg_precision": 0.05128205128205128, "weighted avg_recall": 0.023809523809523808, "weighted avg_f1-score": 0.03252032520325203, "weighted avg_support": 252.0, "O_support": 2671, "B-Appeal_to_Authority_support": 117, "I-Appeal_to_Authority_support": 1928, "epoch": 0}, {"micro_f1": 0.7065309584393554, "Appeal_to_Authority_precision": 0.18803418803418803, "Appeal_to_Authority_recall": 0.09482758620689655, "Appeal_to_Authority_f1-score": 0.1260744985673352, "Appeal_to_Authority_support": 232.0, "micro avg_precision": 0.18803418803418803, "micro avg_recall": 0.09482758620689655, "micro avg_f1-score": 0.1260744985673352, "micro avg_support": 232.0, "macro avg_precision": 0.18803418803418803, "macro avg_recall": 0.09482758620689655, "macro avg_f1-score": 0.1260744985673352, "macro avg_support": 232.0, "weighted avg_precision": 0.18803418803418803, "weighted avg_recall": 0.09482758620689655, "weighted avg_f1-score": 0.1260744985673352, "weighted avg_support": 232.0, "O_support": 2671, "B-Appeal_to_Authority_support": 117, "I-Appeal_to_Authority_support": 1928, "epoch": 1}, {"micro_f1": 0.780746395250212, "Appeal_to_Authority_precision": 0.17094017094017094, "Appeal_to_Authority_recall": 0.10204081632653061, "Appeal_to_Authority_f1-score": 0.12779552715654952, "Appeal_to_Authority_support": 196.0, "micro avg_precision": 0.17094017094017094, "micro avg_recall": 0.10204081632653061, "micro avg_f1-score": 0.12779552715654952, "micro avg_support": 196.0, "macro avg_precision": 0.17094017094017094, "macro avg_recall": 0.10204081632653061, "macro avg_f1-score": 0.12779552715654952, "macro avg_support": 196.0, "weighted avg_precision": 0.17094017094017094, "weighted avg_recall": 0.10204081632653061, "weighted avg_f1-score": 0.12779552715654952, "weighted avg_support": 196.0, "O_support": 2671, "B-Appeal_to_Authority_support": 117, "I-Appeal_to_Authority_support": 1928, "epoch": 2}, {"micro_f1": 0.758693808312129, "Appeal_to_Authority_precision": 0.2905982905982906, "Appeal_to_Authority_recall": 0.1708542713567839, "Appeal_to_Authority_f1-score": 0.2151898734177215, "Appeal_to_Authority_support": 199.0, "micro avg_precision": 0.2905982905982906, "micro avg_recall": 0.1708542713567839, "micro avg_f1-score": 0.2151898734177215, "micro avg_support": 199.0, "macro avg_precision": 0.2905982905982906, "macro avg_recall": 0.1708542713567839, "macro avg_f1-score": 0.2151898734177215, "macro avg_support": 199.0, "weighted avg_precision": 0.2905982905982906, "weighted avg_recall": 0.1708542713567839, "weighted avg_f1-score": 0.2151898734177215, "weighted avg_support": 199.0, "O_support": 2671, "B-Appeal_to_Authority_support": 117, "I-Appeal_to_Authority_support": 1928, "epoch": 3}, {"micro_f1": 0.756785411365564, "Appeal_to_Authority_precision": 0.29914529914529914, "Appeal_to_Authority_recall": 0.19021739130434784, "Appeal_to_Authority_f1-score": 0.23255813953488375, "Appeal_to_Authority_support": 184.0, "micro avg_precision": 0.29914529914529914, "micro avg_recall": 0.19021739130434784, "micro avg_f1-score": 0.23255813953488375, "micro avg_support": 184.0, "macro avg_precision": 0.29914529914529914, "macro avg_recall": 0.19021739130434784, "macro avg_f1-score": 0.23255813953488375, "macro avg_support": 184.0, "weighted avg_precision": 0.29914529914529914, "weighted avg_recall": 0.19021739130434784, "weighted avg_f1-score": 0.23255813953488375, "weighted avg_support": 184.0, "O_support": 2671, "B-Appeal_to_Authority_support": 117, "I-Appeal_to_Authority_support": 1928, "epoch": 4}, {"micro_f1": 0.7731128074639525, "Appeal_to_Authority_precision": 0.2564102564102564, "Appeal_to_Authority_recall": 0.16574585635359115, "Appeal_to_Authority_f1-score": 0.2013422818791946, "Appeal_to_Authority_support": 181.0, "micro avg_precision": 0.2564102564102564, "micro avg_recall": 0.16574585635359115, "micro avg_f1-score": 0.2013422818791946, "micro avg_support": 181.0, "macro avg_precision": 0.2564102564102564, "macro avg_recall": 0.16574585635359115, "macro avg_f1-score": 0.2013422818791946, "macro avg_support": 181.0, "weighted avg_precision": 0.2564102564102564, "weighted avg_recall": 0.16574585635359115, "weighted avg_f1-score": 0.2013422818791946, "weighted avg_support": 181.0, "O_support": 2671, "B-Appeal_to_Authority_support": 117, "I-Appeal_to_Authority_support": 1928, "epoch": 5}, {"micro_f1": 0.756785411365564, "Appeal_to_Authority_precision": 0.27350427350427353, "Appeal_to_Authority_recall": 0.1839080459770115, "Appeal_to_Authority_f1-score": 0.21993127147766323, "Appeal_to_Authority_support": 174.0, "micro avg_precision": 0.27350427350427353, "micro avg_recall": 0.1839080459770115, "micro avg_f1-score": 0.21993127147766323, "micro avg_support": 174.0, "macro avg_precision": 0.27350427350427353, "macro avg_recall": 0.1839080459770115, "macro avg_f1-score": 0.21993127147766323, "macro avg_support": 174.0, "weighted avg_precision": 0.27350427350427353, "weighted avg_recall": 0.1839080459770115, "weighted avg_f1-score": 0.21993127147766323, "weighted avg_support": 174.0, "O_support": 2671, "B-Appeal_to_Authority_support": 117, "I-Appeal_to_Authority_support": 1928, "epoch": 6}], "best_epoch": 5, "train_data_path": {"sl": "./data/train_sent_mt/sl/train_gold_sentences_translated_nllb-200-3.3B_eng_Latn-slv_Latn_tok_regex_en-sl/train_gold_sentences_translated_nllb-200-3.3B_eng_Latn-slv_Latn_tok_regex_en-sl_mdeberta-v3-base_mdeberta_xlwa_en-sl_ME3_2024-05-04-12-12-14_ls.json", "ru": "./data/train_sent_mt/ru/train_gold_sentences_translated_nllb-200-3.3B_eng_Latn-rus_Cyrl_tok_regex_en-ru/train_gold_sentences_translated_nllb-200-3.3B_eng_Latn-rus_Cyrl_tok_regex_en-ru_mdeberta-v3-base_mdeberta_xlwa_en-ru_ME3_2024-05-04-12-09-20_ls.json", "pt": "./data/train_sent_mt/pt/train_gold_sentences_translated_nllb-200-3.3B_eng_Latn-por_Latn_tok_regex_en-pt/train_gold_sentences_translated_nllb-200-3.3B_eng_Latn-por_Latn_tok_regex_en-pt_mdeberta-v3-base_mdeberta_xlwa_en-pt_ME3_2024-05-04-12-07-45_ls.json", "it": "./data/train_sent_mt/it/train_gold_sentences_translated_nllb-200-3.3B_eng_Latn-ita_Latn_tok_regex_en-it/train_gold_sentences_translated_nllb-200-3.3B_eng_Latn-ita_Latn_tok_regex_en-it_mdeberta-v3-base_mdeberta_xlwa_en-it_ME3_2024-05-04-12-05-00_ls.json", "es": "./data/train_sent_mt/es/train_gold_sentences_translated_nllb-200-3.3B_eng_Latn-spa_Latn_tok_regex_en-es/train_gold_sentences_translated_nllb-200-3.3B_eng_Latn-spa_Latn_tok_regex_en-es_mdeberta-v3-base_mdeberta_xlwa_en-es_ME3_2024-05-04-12-01-43_ls.json", "bg": "./data/train_sent_mt/bg/train_gold_sentences_translated_nllb-200-3.3B_eng_Latn-bul_Cyrl_tok_regex_en-bg/train_gold_sentences_translated_nllb-200-3.3B_eng_Latn-bul_Cyrl_tok_regex_en-bg_mdeberta-v3-base_mdeberta_xlwa_en-bg_ME3_2024-05-04-11-58-52_ls.json"}}