{"micro_f1": 0.6855042499425683, "Appeal_to_Values_precision": 0.36363636363636365, "Appeal_to_Values_recall": 0.18556701030927836, "Appeal_to_Values_f1-score": 0.24573378839590446, "Appeal_to_Values_support": 194.0, "micro avg_precision": 0.36363636363636365, "micro avg_recall": 0.18556701030927836, "micro avg_f1-score": 0.24573378839590446, "micro avg_support": 194.0, "macro avg_precision": 0.36363636363636365, "macro avg_recall": 0.18556701030927836, "macro avg_f1-score": 0.24573378839590446, "macro avg_support": 194.0, "weighted avg_precision": 0.36363636363636365, "weighted avg_recall": 0.18556701030927836, "weighted avg_f1-score": 0.24573378839590446, "weighted avg_support": 194.0, "O_support": 2546, "B-Appeal_to_Values_support": 99, "I-Appeal_to_Values_support": 1708}