{"micro_f1": 0.8103488644345587, "Appeal_to_Values_precision": 0.3333333333333333, "Appeal_to_Values_recall": 0.20121951219512196, "Appeal_to_Values_f1-score": 0.25095057034220536, "Appeal_to_Values_support": 164.0, "micro avg_precision": 0.3333333333333333, "micro avg_recall": 0.20121951219512196, "micro avg_f1-score": 0.25095057034220536, "micro avg_support": 164.0, "macro avg_precision": 0.3333333333333333, "macro avg_recall": 0.20121951219512196, "macro avg_f1-score": 0.25095057034220536, "macro avg_support": 164.0, "weighted avg_precision": 0.3333333333333333, "weighted avg_recall": 0.20121951219512196, "weighted avg_f1-score": 0.25095057034220536, "weighted avg_support": 164.0, "O_support": 2464, "B-Appeal_to_Values_support": 99, "I-Appeal_to_Values_support": 1708}