{"results": [{"micro_f1": 0.7676799007444168, "False_Dilemma-No_Choice_precision": 0.047619047619047616, "False_Dilemma-No_Choice_recall": 0.03389830508474576, "False_Dilemma-No_Choice_f1-score": 0.039603960396039604, "False_Dilemma-No_Choice_support": 118.0, "micro avg_precision": 0.047619047619047616, "micro avg_recall": 0.03389830508474576, "micro avg_f1-score": 0.039603960396039604, "micro avg_support": 118.0, "macro avg_precision": 0.047619047619047616, "macro avg_recall": 0.03389830508474576, "macro avg_f1-score": 0.039603960396039604, "macro avg_support": 118.0, "weighted avg_precision": 0.047619047619047616, "weighted avg_recall": 0.03389830508474576, "weighted avg_f1-score": 0.039603960396039604, "weighted avg_support": 118.0, "B-False_Dilemma-No_Choice_support": 84, "I-False_Dilemma-No_Choice_support": 1344, "O_support": 1796, "epoch": 0}, {"micro_f1": 0.848014888337469, "False_Dilemma-No_Choice_precision": 0.27380952380952384, "False_Dilemma-No_Choice_recall": 0.21296296296296297, "False_Dilemma-No_Choice_f1-score": 0.23958333333333334, "False_Dilemma-No_Choice_support": 108.0, "micro avg_precision": 0.27380952380952384, "micro avg_recall": 0.21296296296296297, "micro avg_f1-score": 0.23958333333333334, "micro avg_support": 108.0, "macro avg_precision": 0.27380952380952384, "macro avg_recall": 0.21296296296296297, "macro avg_f1-score": 0.23958333333333334, "macro avg_support": 108.0, "weighted avg_precision": 0.27380952380952384, "weighted avg_recall": 0.21296296296296297, "weighted avg_f1-score": 0.23958333333333334, "weighted avg_support": 108.0, "B-False_Dilemma-No_Choice_support": 84, "I-False_Dilemma-No_Choice_support": 1344, "O_support": 1796, "epoch": 1}, {"micro_f1": 0.8169975186104218, "False_Dilemma-No_Choice_precision": 0.4523809523809524, "False_Dilemma-No_Choice_recall": 0.35514018691588783, "False_Dilemma-No_Choice_f1-score": 0.3979057591623037, "False_Dilemma-No_Choice_support": 107.0, "micro avg_precision": 0.4523809523809524, "micro avg_recall": 0.35514018691588783, "micro avg_f1-score": 0.3979057591623037, "micro avg_support": 107.0, "macro avg_precision": 0.4523809523809524, "macro avg_recall": 0.35514018691588783, "macro avg_f1-score": 0.3979057591623037, "macro avg_support": 107.0, "weighted avg_precision": 0.4523809523809524, "weighted avg_recall": 0.35514018691588783, "weighted avg_f1-score": 0.3979057591623037, "weighted avg_support": 107.0, "B-False_Dilemma-No_Choice_support": 84, "I-False_Dilemma-No_Choice_support": 1344, "O_support": 1796, "epoch": 2}, {"micro_f1": 0.8520471464019851, "False_Dilemma-No_Choice_precision": 0.36904761904761907, "False_Dilemma-No_Choice_recall": 0.29245283018867924, "False_Dilemma-No_Choice_f1-score": 0.3263157894736842, "False_Dilemma-No_Choice_support": 106.0, "micro avg_precision": 0.36904761904761907, "micro avg_recall": 0.29245283018867924, "micro avg_f1-score": 0.3263157894736842, "micro avg_support": 106.0, "macro avg_precision": 0.36904761904761907, "macro avg_recall": 0.29245283018867924, "macro avg_f1-score": 0.3263157894736842, "macro avg_support": 106.0, "weighted avg_precision": 0.36904761904761907, "weighted avg_recall": 0.29245283018867924, "weighted avg_f1-score": 0.32631578947368417, "weighted avg_support": 106.0, "B-False_Dilemma-No_Choice_support": 84, "I-False_Dilemma-No_Choice_support": 1344, "O_support": 1796, "epoch": 3}, {"micro_f1": 0.7887717121588089, "False_Dilemma-No_Choice_precision": 0.39285714285714285, "False_Dilemma-No_Choice_recall": 0.2619047619047619, "False_Dilemma-No_Choice_f1-score": 0.3142857142857143, "False_Dilemma-No_Choice_support": 126.0, "micro avg_precision": 0.39285714285714285, "micro avg_recall": 0.2619047619047619, "micro avg_f1-score": 0.3142857142857143, "micro avg_support": 126.0, "macro avg_precision": 0.39285714285714285, "macro avg_recall": 0.2619047619047619, "macro avg_f1-score": 0.3142857142857143, "macro avg_support": 126.0, "weighted avg_precision": 0.39285714285714285, "weighted avg_recall": 0.2619047619047619, "weighted avg_f1-score": 0.3142857142857143, "weighted avg_support": 126.0, "B-False_Dilemma-No_Choice_support": 84, "I-False_Dilemma-No_Choice_support": 1344, "O_support": 1796, "epoch": 4}], "best_epoch": 3, "train_data_path": {"sl": "./data/train_sent_mt/sl/train_gold_sentences_translated_nllb-200-3.3B_eng_Latn-slv_Latn_tok_regex_en-sl/train_gold_sentences_translated_nllb-200-3.3B_eng_Latn-slv_Latn_tok_regex_en-sl_mdeberta-v3-base_mdeberta_xlwa_en-sl_ME3_2024-05-04-12-12-14_ls.json", "ru": "./data/train_sent_mt/ru/train_gold_sentences_translated_nllb-200-3.3B_eng_Latn-rus_Cyrl_tok_regex_en-ru/train_gold_sentences_translated_nllb-200-3.3B_eng_Latn-rus_Cyrl_tok_regex_en-ru_mdeberta-v3-base_mdeberta_xlwa_en-ru_ME3_2024-05-04-12-09-20_ls.json", "pt": "./data/train_sent_mt/pt/train_gold_sentences_translated_nllb-200-3.3B_eng_Latn-por_Latn_tok_regex_en-pt/train_gold_sentences_translated_nllb-200-3.3B_eng_Latn-por_Latn_tok_regex_en-pt_mdeberta-v3-base_mdeberta_xlwa_en-pt_ME3_2024-05-04-12-07-45_ls.json", "it": "./data/train_sent_mt/it/train_gold_sentences_translated_nllb-200-3.3B_eng_Latn-ita_Latn_tok_regex_en-it/train_gold_sentences_translated_nllb-200-3.3B_eng_Latn-ita_Latn_tok_regex_en-it_mdeberta-v3-base_mdeberta_xlwa_en-it_ME3_2024-05-04-12-05-00_ls.json", "es": "./data/train_sent_mt/es/train_gold_sentences_translated_nllb-200-3.3B_eng_Latn-spa_Latn_tok_regex_en-es/train_gold_sentences_translated_nllb-200-3.3B_eng_Latn-spa_Latn_tok_regex_en-es_mdeberta-v3-base_mdeberta_xlwa_en-es_ME3_2024-05-04-12-01-43_ls.json", "bg": "./data/train_sent_mt/bg/train_gold_sentences_translated_nllb-200-3.3B_eng_Latn-bul_Cyrl_tok_regex_en-bg/train_gold_sentences_translated_nllb-200-3.3B_eng_Latn-bul_Cyrl_tok_regex_en-bg_mdeberta-v3-base_mdeberta_xlwa_en-bg_ME3_2024-05-04-11-58-52_ls.json"}}