{"results": [{"micro_f1": 0.9128191900954347, "Slogans_precision": 0.4536082474226804, "Slogans_recall": 0.3055555555555556, "Slogans_f1-score": 0.36514522821576767, "Slogans_support": 144.0, "micro avg_precision": 0.4536082474226804, "micro avg_recall": 0.3055555555555556, "micro avg_f1-score": 0.36514522821576767, "micro avg_support": 144.0, "macro avg_precision": 0.4536082474226804, "macro avg_recall": 0.3055555555555556, "macro avg_f1-score": 0.36514522821576767, "macro avg_support": 144.0, "weighted avg_precision": 0.45360824742268036, "weighted avg_recall": 0.3055555555555556, "weighted avg_f1-score": 0.36514522821576767, "weighted avg_support": 144.0, "O_support": 3221, "B-Slogans_support": 97, "I-Slogans_support": 559, "epoch": 0}, {"micro_f1": 0.9205571318029404, "Slogans_precision": 0.44329896907216493, "Slogans_recall": 0.39814814814814814, "Slogans_f1-score": 0.41951219512195115, "Slogans_support": 108.0, "micro avg_precision": 0.44329896907216493, "micro avg_recall": 0.39814814814814814, "micro avg_f1-score": 0.41951219512195115, "micro avg_support": 108.0, "macro avg_precision": 0.44329896907216493, "macro avg_recall": 0.39814814814814814, "macro avg_f1-score": 0.41951219512195115, "macro avg_support": 108.0, "weighted avg_precision": 0.44329896907216493, "weighted avg_recall": 0.39814814814814814, "weighted avg_f1-score": 0.41951219512195115, "weighted avg_support": 108.0, "O_support": 3221, "B-Slogans_support": 97, "I-Slogans_support": 559, "epoch": 1}, {"micro_f1": 0.9342274954862007, "Slogans_precision": 0.4536082474226804, "Slogans_recall": 0.44, "Slogans_f1-score": 0.4467005076142132, "Slogans_support": 100.0, "micro avg_precision": 0.4536082474226804, "micro avg_recall": 0.44, "micro avg_f1-score": 0.4467005076142132, "micro avg_support": 100.0, "macro avg_precision": 0.4536082474226804, "macro avg_recall": 0.44, "macro avg_f1-score": 0.4467005076142132, "macro avg_support": 100.0, "weighted avg_precision": 0.4536082474226804, "weighted avg_recall": 0.44, "weighted avg_f1-score": 0.4467005076142132, "weighted avg_support": 100.0, "O_support": 3221, "B-Slogans_support": 97, "I-Slogans_support": 559, "epoch": 2}, {"micro_f1": 0.9290688676811968, "Slogans_precision": 0.4948453608247423, "Slogans_recall": 0.46153846153846156, "Slogans_f1-score": 0.4776119402985075, "Slogans_support": 104.0, "micro avg_precision": 0.4948453608247423, "micro avg_recall": 0.46153846153846156, "micro avg_f1-score": 0.4776119402985075, "micro avg_support": 104.0, "macro avg_precision": 0.4948453608247423, "macro avg_recall": 0.46153846153846156, "macro avg_f1-score": 0.4776119402985075, "macro avg_support": 104.0, "weighted avg_precision": 0.4948453608247423, "weighted avg_recall": 0.46153846153846156, "weighted avg_f1-score": 0.47761194029850745, "weighted avg_support": 104.0, "O_support": 3221, "B-Slogans_support": 97, "I-Slogans_support": 559, "epoch": 3}, {"micro_f1": 0.9143667784369358, "Slogans_precision": 0.4742268041237113, "Slogans_recall": 0.3898305084745763, "Slogans_f1-score": 0.4279069767441861, "Slogans_support": 118.0, "micro avg_precision": 0.4742268041237113, "micro avg_recall": 0.3898305084745763, "micro avg_f1-score": 0.4279069767441861, "micro avg_support": 118.0, "macro avg_precision": 0.4742268041237113, "macro avg_recall": 0.3898305084745763, "macro avg_f1-score": 0.4279069767441861, "macro avg_support": 118.0, "weighted avg_precision": 0.4742268041237113, "weighted avg_recall": 0.3898305084745763, "weighted avg_f1-score": 0.4279069767441861, "weighted avg_support": 118.0, "O_support": 3221, "B-Slogans_support": 97, "I-Slogans_support": 559, "epoch": 4}, {"micro_f1": 0.9210729945834408, "Slogans_precision": 0.5051546391752577, "Slogans_recall": 0.4188034188034188, "Slogans_f1-score": 0.45794392523364486, "Slogans_support": 117.0, "micro avg_precision": 0.5051546391752577, "micro avg_recall": 0.4188034188034188, "micro avg_f1-score": 0.45794392523364486, "micro avg_support": 117.0, "macro avg_precision": 0.5051546391752577, "macro avg_recall": 0.4188034188034188, "macro avg_f1-score": 0.45794392523364486, "macro avg_support": 117.0, "weighted avg_precision": 0.5051546391752577, "weighted avg_recall": 0.4188034188034188, "weighted avg_f1-score": 0.45794392523364486, "weighted avg_support": 117.0, "O_support": 3221, "B-Slogans_support": 97, "I-Slogans_support": 559, "epoch": 5}], "best_epoch": 4, "train_data_path": {"sl": "./data/train_sent_mt/sl/train_gold_sentences_translated_nllb-200-3.3B_eng_Latn-slv_Latn_tok_regex_en-sl/train_gold_sentences_translated_nllb-200-3.3B_eng_Latn-slv_Latn_tok_regex_en-sl_mdeberta-v3-base_mdeberta_xlwa_en-sl_ME3_2024-05-04-12-12-14_ls.json", "ru": "./data/train_sent_mt/ru/train_gold_sentences_translated_nllb-200-3.3B_eng_Latn-rus_Cyrl_tok_regex_en-ru/train_gold_sentences_translated_nllb-200-3.3B_eng_Latn-rus_Cyrl_tok_regex_en-ru_mdeberta-v3-base_mdeberta_xlwa_en-ru_ME3_2024-05-04-12-09-20_ls.json", "pt": "./data/train_sent_mt/pt/train_gold_sentences_translated_nllb-200-3.3B_eng_Latn-por_Latn_tok_regex_en-pt/train_gold_sentences_translated_nllb-200-3.3B_eng_Latn-por_Latn_tok_regex_en-pt_mdeberta-v3-base_mdeberta_xlwa_en-pt_ME3_2024-05-04-12-07-45_ls.json", "it": "./data/train_sent_mt/it/train_gold_sentences_translated_nllb-200-3.3B_eng_Latn-ita_Latn_tok_regex_en-it/train_gold_sentences_translated_nllb-200-3.3B_eng_Latn-ita_Latn_tok_regex_en-it_mdeberta-v3-base_mdeberta_xlwa_en-it_ME3_2024-05-04-12-05-00_ls.json", "es": "./data/train_sent_mt/es/train_gold_sentences_translated_nllb-200-3.3B_eng_Latn-spa_Latn_tok_regex_en-es/train_gold_sentences_translated_nllb-200-3.3B_eng_Latn-spa_Latn_tok_regex_en-es_mdeberta-v3-base_mdeberta_xlwa_en-es_ME3_2024-05-04-12-01-43_ls.json", "bg": "./data/train_sent_mt/bg/train_gold_sentences_translated_nllb-200-3.3B_eng_Latn-bul_Cyrl_tok_regex_en-bg/train_gold_sentences_translated_nllb-200-3.3B_eng_Latn-bul_Cyrl_tok_regex_en-bg_mdeberta-v3-base_mdeberta_xlwa_en-bg_ME3_2024-05-04-11-58-52_ls.json"}}