{"results": [{"micro_f1": 0.7494152267411153, "Questioning_the_Reputation_precision": 0.2236024844720497, "Questioning_the_Reputation_recall": 0.11162790697674418, "Questioning_the_Reputation_f1-score": 0.14891416752843847, "Questioning_the_Reputation_support": 645.0, "micro avg_precision": 0.2236024844720497, "micro avg_recall": 0.11162790697674418, "micro avg_f1-score": 0.14891416752843847, "micro avg_support": 645.0, "macro avg_precision": 0.2236024844720497, "macro avg_recall": 0.11162790697674418, "macro avg_f1-score": 0.14891416752843847, "macro avg_support": 645.0, "weighted avg_precision": 0.2236024844720497, "weighted avg_recall": 0.11162790697674418, "weighted avg_f1-score": 0.14891416752843847, "weighted avg_support": 645.0, "O_support": 7710, "B-Questioning_the_Reputation_support": 322, "I-Questioning_the_Reputation_support": 5221, "epoch": 0}, {"micro_f1": 0.7743152493774994, "Questioning_the_Reputation_precision": 0.18322981366459629, "Questioning_the_Reputation_recall": 0.11346153846153846, "Questioning_the_Reputation_f1-score": 0.14014251781472686, "Questioning_the_Reputation_support": 520.0, "micro avg_precision": 0.18322981366459629, "micro avg_recall": 0.11346153846153846, "micro avg_f1-score": 0.14014251781472686, "micro avg_support": 520.0, "macro avg_precision": 0.18322981366459629, "macro avg_recall": 0.11346153846153846, "macro avg_f1-score": 0.14014251781472686, "macro avg_support": 520.0, "weighted avg_precision": 0.18322981366459629, "weighted avg_recall": 0.11346153846153846, "weighted avg_f1-score": 0.14014251781472686, "weighted avg_support": 520.0, "O_support": 7710, "B-Questioning_the_Reputation_support": 322, "I-Questioning_the_Reputation_support": 5221, "epoch": 1}, {"micro_f1": 0.7647325133931939, "Questioning_the_Reputation_precision": 0.2360248447204969, "Questioning_the_Reputation_recall": 0.15510204081632653, "Questioning_the_Reputation_f1-score": 0.187192118226601, "Questioning_the_Reputation_support": 490.0, "micro avg_precision": 0.2360248447204969, "micro avg_recall": 0.15510204081632653, "micro avg_f1-score": 0.187192118226601, "micro avg_support": 490.0, "macro avg_precision": 0.2360248447204969, "macro avg_recall": 0.15510204081632653, "macro avg_f1-score": 0.187192118226601, "macro avg_support": 490.0, "weighted avg_precision": 0.2360248447204969, "weighted avg_recall": 0.15510204081632653, "weighted avg_f1-score": 0.187192118226601, "weighted avg_support": 490.0, "O_support": 7710, "B-Questioning_the_Reputation_support": 322, "I-Questioning_the_Reputation_support": 5221, "epoch": 2}, {"micro_f1": 0.750094318267562, "Questioning_the_Reputation_precision": 0.2670807453416149, "Questioning_the_Reputation_recall": 0.16443594646271512, "Questioning_the_Reputation_f1-score": 0.20355029585798817, "Questioning_the_Reputation_support": 523.0, "micro avg_precision": 0.2670807453416149, "micro avg_recall": 0.16443594646271512, "micro avg_f1-score": 0.20355029585798817, "micro avg_support": 523.0, "macro avg_precision": 0.2670807453416149, "macro avg_recall": 0.16443594646271512, "macro avg_f1-score": 0.20355029585798817, "macro avg_support": 523.0, "weighted avg_precision": 0.2670807453416149, "weighted avg_recall": 0.16443594646271512, "weighted avg_f1-score": 0.20355029585798817, "weighted avg_support": 523.0, "O_support": 7710, "B-Questioning_the_Reputation_support": 322, "I-Questioning_the_Reputation_support": 5221, "epoch": 3}, {"micro_f1": 0.7642043310948464, "Questioning_the_Reputation_precision": 0.22981366459627328, "Questioning_the_Reputation_recall": 0.1689497716894977, "Questioning_the_Reputation_f1-score": 0.19473684210526315, "Questioning_the_Reputation_support": 438.0, "micro avg_precision": 0.22981366459627328, "micro avg_recall": 0.1689497716894977, "micro avg_f1-score": 0.19473684210526315, "micro avg_support": 438.0, "macro avg_precision": 0.22981366459627328, "macro avg_recall": 0.1689497716894977, "macro avg_f1-score": 0.19473684210526315, "macro avg_support": 438.0, "weighted avg_precision": 0.22981366459627328, "weighted avg_recall": 0.1689497716894977, "weighted avg_f1-score": 0.19473684210526315, "weighted avg_support": 438.0, "O_support": 7710, "B-Questioning_the_Reputation_support": 322, "I-Questioning_the_Reputation_support": 5221, "epoch": 4}, {"micro_f1": 0.7521315928469027, "Questioning_the_Reputation_precision": 0.2267080745341615, "Questioning_the_Reputation_recall": 0.18159203980099503, "Questioning_the_Reputation_f1-score": 0.20165745856353592, "Questioning_the_Reputation_support": 402.0, "micro avg_precision": 0.2267080745341615, "micro avg_recall": 0.18159203980099503, "micro avg_f1-score": 0.20165745856353592, "micro avg_support": 402.0, "macro avg_precision": 0.2267080745341615, "macro avg_recall": 0.18159203980099503, "macro avg_f1-score": 0.20165745856353592, "macro avg_support": 402.0, "weighted avg_precision": 0.2267080745341615, "weighted avg_recall": 0.18159203980099503, "weighted avg_f1-score": 0.20165745856353592, "weighted avg_support": 402.0, "O_support": 7710, "B-Questioning_the_Reputation_support": 322, "I-Questioning_the_Reputation_support": 5221, "epoch": 5}], "best_epoch": 4, "train_data_path": {"sl": "./data/train_sent_mt/sl/train_gold_sentences_translated_nllb-200-3.3B_eng_Latn-slv_Latn_tok_regex_en-sl/train_gold_sentences_translated_nllb-200-3.3B_eng_Latn-slv_Latn_tok_regex_en-sl_mdeberta-v3-base_mdeberta_xlwa_en-sl_ME3_2024-05-04-12-12-14_ls.json", "ru": "./data/train_sent_mt/ru/train_gold_sentences_translated_nllb-200-3.3B_eng_Latn-rus_Cyrl_tok_regex_en-ru/train_gold_sentences_translated_nllb-200-3.3B_eng_Latn-rus_Cyrl_tok_regex_en-ru_mdeberta-v3-base_mdeberta_xlwa_en-ru_ME3_2024-05-04-12-09-20_ls.json", "pt": "./data/train_sent_mt/pt/train_gold_sentences_translated_nllb-200-3.3B_eng_Latn-por_Latn_tok_regex_en-pt/train_gold_sentences_translated_nllb-200-3.3B_eng_Latn-por_Latn_tok_regex_en-pt_mdeberta-v3-base_mdeberta_xlwa_en-pt_ME3_2024-05-04-12-07-45_ls.json", "it": "./data/train_sent_mt/it/train_gold_sentences_translated_nllb-200-3.3B_eng_Latn-ita_Latn_tok_regex_en-it/train_gold_sentences_translated_nllb-200-3.3B_eng_Latn-ita_Latn_tok_regex_en-it_mdeberta-v3-base_mdeberta_xlwa_en-it_ME3_2024-05-04-12-05-00_ls.json", "es": "./data/train_sent_mt/es/train_gold_sentences_translated_nllb-200-3.3B_eng_Latn-spa_Latn_tok_regex_en-es/train_gold_sentences_translated_nllb-200-3.3B_eng_Latn-spa_Latn_tok_regex_en-es_mdeberta-v3-base_mdeberta_xlwa_en-es_ME3_2024-05-04-12-01-43_ls.json", "bg": "./data/train_sent_mt/bg/train_gold_sentences_translated_nllb-200-3.3B_eng_Latn-bul_Cyrl_tok_regex_en-bg/train_gold_sentences_translated_nllb-200-3.3B_eng_Latn-bul_Cyrl_tok_regex_en-bg_mdeberta-v3-base_mdeberta_xlwa_en-bg_ME3_2024-05-04-11-58-52_ls.json"}}