{"micro_f1": 0.9033447458519884, "Slogans_precision": 0.38144329896907214, "Slogans_recall": 0.29838709677419356, "Slogans_f1-score": 0.33484162895927605, "Slogans_support": 124.0, "micro avg_precision": 0.38144329896907214, "micro avg_recall": 0.29838709677419356, "micro avg_f1-score": 0.33484162895927605, "micro avg_support": 124.0, "macro avg_precision": 0.38144329896907214, "macro avg_recall": 0.29838709677419356, "macro avg_f1-score": 0.33484162895927605, "macro avg_support": 124.0, "weighted avg_precision": 0.38144329896907214, "weighted avg_recall": 0.29838709677419356, "weighted avg_f1-score": 0.33484162895927605, "weighted avg_support": 124.0, "O_support": 3141, "B-Slogans_support": 97, "I-Slogans_support": 559}